Rank,Governor ID,Name,Power,DKP,Total Deads,Kill Points,T1 Kills,T2 Kills,T3 Kills,T4 Kills,T5 Kills
1,210013241,Ibra メ Break 25,86111441.0,300671140.0,1752901.0,443271185.0,136845.0,109993.0,0.0,19650297.0,12326043.0
2,208553378,MOI ヽMENGHITAM,64832532.0,204458205.0,83030.0,328069453.0,709361.0,4826.0,96727.0,16808144.0,7972479.0
3,202361347,GunヽMENGHITAM,71260256.0,112918025.0,16383.0,170549808.0,17231.0,3149.0,8851.0,6049720.0,5500373.0
4,209598156,HananヽMENGHITAM,59443344.0,107108295.0,313005.0,161298838.0,215266.0,548.0,7.0,6785100.0,4670183.0
5,207272440,Ƥɛɾ彡,63699959.0,95622665.0,52132.0,148234260.0,0.0,0.0,0.0,6429740.0,4196843.0
6,208316876,NooKヽMENGHITAM,56235679.0,93190100.0,421253.0,147549556.0,255874.0,21087.0,56467.0,8578074.0,3072480.0
7,209150032,zelヽMENGHITAM,61650688.0,85182160.0,364410.0,122915922.0,1477.0,7.0,2348.0,4256642.0,4016990.0
8,208478171,SLヽMENGHITAM,52725093.0,75554190.0,202478.0,110416399.0,27325.0,172.0,4490.0,3706025.0,3666619.0
9,204642129,LuccyヽMENGHITAM,54686536.0,72314330.0,211877.0,123028993.0,642961.0,419823.0,664166.0,7743003.0,2098703.0
10,209185205,Adiraᴹʸメ3925,58195908.0,69572520.0,329959.0,102243875.0,122668.0,12762.0,1297.0,4147417.0,3035723.0
11,208164201,ˣ9 MOI,46098552.0,62670720.0,90350.0,95478367.0,22884.0,1402.0,174.0,3934199.0,2806415.0
12,205575261,SniperヽMENGHITA,60917973.0,61737715.0,137726.0,86270578.0,139868.0,30132.0,0.0,1710520.0,3453857.0
13,209906771,OyabunヽHITAM,43614271.0,59461470.0,298752.0,88020910.0,5542.0,79.0,871.0,3815268.0,2493174.0
14,209927653,ỐcヽMENGHITAM,46608072.0,55632555.0,74878.0,93578034.0,1543340.0,50920.0,188624.0,5770399.0,1735452.0
15,209581349,BlassヽMENGHITAM,75390228.0,55060555.0,256297.0,81607055.0,12753.0,821.0,3163.0,3478029.0,2340496.0
16,207663148,VOLTEMヽMNGHITAM,55957978.0,54430400.0,201985.0,81162063.0,4365.0,3815.0,5935.0,3374726.0,2369128.0
17,207783537,WANGヽMENGHITAM,42156162.0,52205160.0,130143.0,75913481.0,18992.0,34771.0,0.0,2390550.0,2596732.0
18,206764184,LickMy Ash,45506001.0,49057345.0,61272.0,76265041.0,6816.0,264.0,185.0,3500873.0,2062684.0
19,207191129,TETOT メ 3925,45786169.0,48436545.0,500917.0,67566173.0,150943.0,146815.0,65341.0,2723347.0,1987376.0
20,207501878,メSIAPヽMENGHITAM,56426696.0,48323625.0,15733.0,77012225.0,76564.0,120.0,1008.0,3831274.0,1933995.0
21,210389039,MorphヽMENGHITAM,50001997.0,47709420.0,350037.0,63986331.0,7401.0,0.0,0.0,1511835.0,2443325.0
22,209068551,AntabaヽMEGHITAM,44469328.0,45502645.0,548930.0,65880213.0,174713.0,645.0,1905.0,3745570.0,1419033.0
23,208371890,AdeptヽMENGHITAM,51546276.0,43083460.0,634245.0,55952336.0,276358.0,95145.0,671.0,2014823.0,1777793.0
24,203017361,FellyヽMENGHITAM,57483072.0,42630130.0,51611.0,68486410.0,0.0,0.0,0.0,3700315.0,1574163.0
25,211308172,MedxxヽMENGHITAM,41446830.0,40276440.0,366271.0,58426450.0,71582.0,5142.0,2415.0,2872165.0,1483527.0
26,209598183,YABOOヽMENGHITAM,38481075.0,38919350.0,179597.0,55404945.0,5265.0,761.0,0.0,1771359.0,1884439.0
27,210450075,KimヽMENGHITAM,67066337.0,37557810.0,377490.0,53414432.0,311920.0,58600.0,295207.0,2103042.0,1551180.0
28,203466107,CEK7menghitam,54083925.0,36708510.0,292144.0,50901920.0,72944.0,759.0,161.0,1750723.0,1668897.0
29,209078437,Fair ヽMENGHITAM,44281821.0,36406825.0,136808.0,54300079.0,1081.0,0.0,713.0,2273605.0,1578048.0
30,210737713,Yarma MENGHITAM,34570566.0,35974700.0,603174.0,44809424.0,7941.0,0.0,1719.0,1463104.0,1508496.0
31,210447930,ChillヽMENGHITAM,40140529.0,35889190.0,299461.0,50083865.0,120656.0,14047.0,0.0,1851660.0,1575752.0
32,210240632,Admin メ PakPauz,41588344.0,35830715.0,283723.0,49280498.0,38380.0,6608.0,649.0,1579709.0,1672996.0
33,207338987,ACE๛MGT,54424747.0,35444465.0,103713.0,54297671.0,132055.0,0.0,0.0,2518444.0,1454341.0
34,209094372,ATHEMヽMENGHITAM,52274642.0,35255145.0,173836.0,53885994.0,121428.0,3567.0,1.0,2749657.0,1317900.0
35,210459955,YSG ヽMENGHITAM,64805762.0,33657570.0,65729.0,49012326.0,0.0,58282.0,29923.0,1432709.0,1722449.0
36,207922682,JudasヽMENGHITAM,60854528.0,32737110.0,319847.0,44930559.0,428.0,24.0,1734.0,1661591.0,1415379.0
37,208485139,BAKWANヽHITAM,59693927.0,32314275.0,212410.0,43744110.0,1632.0,172.0,835.0,1045960.0,1664025.0
38,208990882,BaBơヽMENGHITAM,55624643.0,31760695.0,112566.0,46480123.0,47016.0,0.0,0.0,1687202.0,1479935.0
39,206747561,sad97ヽMENGHITAM,52766557.0,30285345.0,141068.0,43735032.0,31011.0,1336.0,1537.0,1566137.0,1402932.0
40,208178178,GZoroヽMENGHITAM,54406781.0,27030800.0,264942.0,37968438.0,640.0,229.0,603.0,1637080.0,1079732.0
41,209926456,Emiliヽ3925,67306417.0,26905280.0,229742.0,41155590.0,109117.0,50169.0,150792.0,2285934.0,878546.0
42,208700942,MyAヽMENGHITAM,54976082.0,26811750.0,435312.0,34151772.0,16899.0,1176.0,0.0,1260360.0,1077122.0
43,203920523,MichmanHITAM,35493187.0,26585290.0,683384.0,30554550.0,0.0,0.0,0.0,1265785.0,894835.0
44,207577999,BơGiヽMENGHITAM,41805779.0,26414295.0,98000.0,41619393.0,218566.0,89813.0,137836.0,2079695.0,1002388.0
45,209911702,BoAヽMENGHITAM,43180485.0,25869980.0,364173.0,34127997.0,11985.0,0.0,2540.0,1343332.0,1034106.0
46,207580508,PhVyヽMENGHITAM,45148201.0,25829830.0,76164.0,43426519.0,206509.0,22192.0,96371.0,2859329.0,718103.0
47,210605396,RokokヽMENGHITAM,41406147.0,25808640.0,170197.0,36774819.0,77344.0,0.0,0.0,1385137.0,1145399.0
48,210039680,PrgasヽMENGHITAM,47699886.0,25685865.0,211327.0,34179893.0,113.0,103.0,96.0,824746.0,1296591.0
49,209912625,㋡M㋡ヽMENGHITAM,41746072.0,25251995.0,296568.0,34295459.0,19857.0,96.0,9.0,1372852.0,1028137.0
50,208236090,JNヽMENGHITAM,38051250.0,25187050.0,133843.0,34563789.0,18409.0,1309.0,820.0,826815.0,1314303.0
51,205800418,シ  MOCCI,53727446.0,24959705.0,22672.0,35558520.0,1009.0,100439.0,0.0,714038.0,1410853.0
52,203663783,StewヽMENGHITAM,50676614.0,24924050.0,631999.0,26501460.0,0.0,0.0,0.0,508814.0,1070666.0
53,208918376,MajedヽMENGHITAM,36597641.0,24217600.0,19544.0,43118510.0,715229.0,31144.0,15509.0,3246478.0,519318.0
54,210191227,TobezヽMENGHITAM,42871603.0,24123595.0,53849.0,43377838.0,1435101.0,59776.0,43004.0,3405733.0,437096.0
55,207101874,GURUヽMENGHITAM,55945558.0,23964155.0,110322.0,33212903.0,25.0,0.0,927.0,818383.0,1251268.0
56,203828210,JitemヽMENGHITAM,56510510.0,23784725.0,224874.0,31884015.0,55.0,328.0,172.0,950404.0,1118931.0
57,207378983,CAVAヽMENGHITAM,36548085.0,23465320.0,607224.0,33786792.0,507227.0,334252.0,393598.0,2475503.0,334371.0
58,207528802,MUSANGヽHITAM,47359821.0,23305860.0,7879.0,34087286.0,2933.0,0.0,0.0,935182.0,1236744.0
59,210239732,YepssヽMENGHITAM,37633905.0,23272940.0,1381367.0,14470241.0,4585.0,1840.0,461.0,555432.0,445474.0
60,203095777,BlackヽPitbull,53213744.0,22115600.0,211485.0,28959530.0,1.0,0.0,0.0,687559.0,1104197.0
61,209925761,BADRYMenghitam,33088816.0,20568185.0,160122.0,27734163.0,844.0,1545.0,1.0,732484.0,1020303.0
62,204279729,NimacoヽHITAM,37003705.0,20509435.0,13562.0,30206199.0,297.0,0.0,0.0,912316.0,1054149.0
63,209150602,ChenYヽMENGHITAM,40094405.0,20150695.0,217142.0,27145908.0,3.0,269.0,0.0,951901.0,881318.0
64,208865569,ASURIヽMENGHITAM,54905970.0,20062130.0,94098.0,27653090.0,0.0,0.0,0.0,647467.0,1058921.0
65,209447420,WanYiヽMENGHITAM,42278203.0,19896630.0,67766.0,36991483.0,168684.0,21636.0,2106.0,3384227.0,153189.0
66,207347292,UpヽMENGHITAM,61633062.0,19363585.0,17572.0,27602802.0,262.0,0.0,0.0,605679.0,1077298.0
67,209523410,AnnnヽMENGHITAM,35395181.0,18970025.0,194916.0,25433152.0,20352.0,3.0,169.0,820174.0,861333.0
68,207655488,BéhiヽMENGHITAM,40409581.0,18958470.0,73967.0,27192053.0,285.0,5795.0,314.0,866225.0,925845.0
69,210488668,ReyヽMENGHITAM,53077318.0,18933150.0,184213.0,28799599.0,71783.0,55.0,75548.0,1708474.0,569910.0
70,207338822,Rob ヽMENGHITAM,54687449.0,18581575.0,28695.0,27944058.0,700.0,334.0,0.0,1065125.0,864600.0
71,209981163,PaceヽMENGHITAM,33958752.0,18282050.0,1584347.0,3297209.0,1346.0,14.0,28.0,13608.0,158036.0
72,207629466,MDヽMENGHITAM,45395277.0,18281265.0,148575.0,25682855.0,14366.0,3711.0,175.0,983352.0,791917.0
73,207665952,NoNameヽMNGHITAM,40263031.0,18177995.0,238735.0,23475506.0,43366.0,9468.0,1489.0,716324.0,813935.0
74,207340840,ĐAOヽMENGHITAM,50224864.0,17932475.0,71932.0,26158895.0,11226.0,2828.0,1026.0,958805.0,827942.0
75,210128918,SRi Menghitam,33512737.0,17912080.0,653949.0,18927753.0,189134.0,331.0,2266.0,1115024.0,386498.0
76,205026073,TARJOヽMENGHITAM,52898024.0,17410375.0,28400.0,24661194.0,12644.0,0.0,1864.0,544813.0,960154.0
77,207102881,EmbgヽMENGHITAM,48584973.0,17096220.0,281785.0,21251624.0,5946.0,27.0,0.0,663766.0,730636.0
78,209930913,Niloc Menghitam,34229234.0,16382660.0,829691.0,11313802.0,0.0,691.0,0.0,159426.0,485908.0
79,210194054,OBRヽMENGHITAM,46418867.0,16291765.0,134755.0,22900168.0,1700.0,884.0,0.0,891732.0,699037.0
80,203885264,CantikzヽHITAM,69767642.0,15928305.0,159850.0,21737495.0,22805.0,19856.0,8788.0,765499.0,700154.0
81,209905898,ᴴHellboyHitam,50645114.0,15632215.0,186329.0,23409660.0,0.0,54.0,1668.0,1513294.0,413497.0
82,208303277,kiska MENGHITAM,38294615.0,15379725.0,977878.0,9799084.0,195738.0,47694.0,15177.0,640774.0,159805.0
83,209553567,CanyonヽMENHITAM,38622834.0,15342425.0,207854.0,20279237.0,849.0,0.0,312.0,777792.0,624995.0
84,210080029,OshiヽMENGHITAM,31497496.0,15279035.0,1032932.0,8216684.0,29900.0,5487.0,1315.0,478455.0,170496.0
85,210296671,AlipヽMENGHITAM,39351667.0,15248170.0,218719.0,22065887.0,75033.0,71688.0,9531.0,1336422.0,425258.0
86,210139127,PDuke MENGHITAM,57916200.0,15122555.0,337925.0,18444205.0,45937.0,46258.0,8393.0,795357.0,517768.0
87,210736383,Pandoras Box,27096824.0,14983195.0,1351819.0,2069750.0,0.0,0.0,0.0,34923.0,86026.0
88,209143217,RoseヽMENGHITAM,43507546.0,14807310.0,9358.0,23518428.0,5988.0,65.0,0.0,1169638.0,591036.0
89,210489509,ibra Fillerr,35411628.0,14594730.0,670601.0,11963180.0,29.0,1448.0,1227.0,431123.0,382207.0
90,210724332,BWGヽMENGHITAM,31098282.0,14591935.0,1086182.0,5939736.0,1082.0,16.0,7.0,289792.0,152077.0
91,210677899,EciaヽMENGHITAM,42905552.0,14317530.0,130734.0,19026164.0,0.0,0.0,996.0,502578.0,699820.0
92,210458366,ShizuヽMENGHITAM,38268291.0,14306095.0,370057.0,15924642.0,2198.0,622.0,567.0,533997.0,529036.0
93,207660420,KaityヽMENGHITAM,62136950.0,14059370.0,5879.0,21819595.0,45.0,13.0,0.0,945636.0,618160.0
94,210503870,Snipe MENGHITAM,45990160.0,14026945.0,108111.0,19634711.0,119633.0,18683.0,43757.0,641183.0,649328.0
95,209905402,BROMENGHITAM,44302015.0,13641110.0,240293.0,17225765.0,10612.0,2016.0,1370.0,668967.0,526223.0
96,209929368,Zamri MENGHITAM,34844074.0,13576730.0,679924.0,11490688.0,254520.0,16215.0,21451.0,685469.0,223343.0
97,170369829,龙ヽMENGHITAM,34771295.0,13282535.0,166773.0,19364540.0,235866.0,32715.0,1534.0,1127818.0,398381.0
98,207117573,Elodi MENGHITAM,48615074.0,13156265.0,758714.0,9491703.0,118984.0,139107.0,149938.0,349332.0,254831.0
99,208582043,King MENGHITAM,40905549.0,13047220.0,128897.0,17251614.0,222.0,275.0,0.0,472006.0,626548.0
100,210702136,LK ヽMENGHITAM,42787138.0,12472735.0,282906.0,13908762.0,1509.0,0.0,0.0,315068.0,537889.0
101,209368646,13メ MENGHITAM,46168818.0,12444695.0,136490.0,16262210.0,17259.0,3634.0,0.0,443529.0,590810.0
102,210447128,影ヽMENGHITAM,47862351.0,12229155.0,25997.0,19117090.0,13.0,4.0,0.0,947450.0,482129.0
103,209672855,기사왕아서,47900009.0,12161605.0,57607.0,16457710.0,0.0,0.0,0.0,303099.0,671336.0
104,208411743,BeeヽMENGHITAM,38708795.0,12120700.0,135604.0,15536240.0,1.0,0.0,0.0,355008.0,599308.0
105,210206209,KerosiNヽHITAM,26572261.0,11761785.0,187386.0,15173224.0,6000.0,10942.0,25.0,589842.0,462581.0
106,210677010,WrongHero,27966767.0,11494830.0,1007527.0,2221582.0,161.0,0.0,0.0,98641.0,61757.0
107,210136268,DavidヽMENGHITAM,36310240.0,11401885.0,107642.0,17516684.0,1758.0,1.0,0.0,1124713.0,313460.0
108,207944938,RyouヽMENGHITAM,38230189.0,11238480.0,315464.0,12098349.0,14208.0,1062.0,1216.0,393020.0,407916.0
109,209123524,Rus MENGHITAM,46514951.0,10866440.0,97929.0,14970871.0,2503.0,0.0,0.0,536251.0,480393.0
110,208368673,MELOヽMENGHITAM,39826789.0,10787590.0,539517.0,9069848.0,411591.0,23.0,14201.0,522236.0,185416.0
111,210453145,KanZヽMENGHITAM,38843886.0,10532490.0,37063.0,15060930.0,0.0,0.0,0.0,453535.0,526279.0
112,209336359,メgiOヽMENGHITAM,42120558.0,10269170.0,157741.0,13483375.0,27794.0,16490.0,7539.0,547700.0,396884.0
113,207762765,404ヽMENGHITAM,40457170.0,10128400.0,159665.0,14176567.0,25372.0,2828.0,1154.0,835666.0,290228.0
114,210449092,Good filler Hit,41153000.0,9552580.0,434357.0,7814853.0,257.0,939.0,96.0,260158.0,260548.0
115,210136125,spavacMENGHITAM,46756363.0,9537890.0,0.0,13508420.0,0.0,0.0,0.0,237370.0,556736.0
116,210450380,nukie mengHITAM,54514841.0,9475720.0,340823.0,9544916.0,3317.0,44.0,1866.0,434014.0,259828.0
117,210633212,GFヽMENGHITAM,44848132.0,9187070.0,428483.0,7793140.0,5001.0,1164.0,208.0,375798.0,201550.0
118,208182579,DRGN ヽMENGHITAM,51480047.0,9052225.0,86584.0,12207522.0,0.0,0.0,708.0,386853.0,416808.0
119,207577034,RyleeヽMENGHITAM,53148062.0,9033305.0,21759.0,12781550.0,0.0,0.0,135.0,308017.0,485042.0
120,207662210,VynzzヽMENGHITAM,42380075.0,8884515.0,160026.0,10811813.0,4959.0,1812.0,1047.0,327201.0,376550.0
121,208701128,Park ヽMenghitam,84397481.0,8878885.0,1337.0,12411750.0,1.0,0.0,0.0,177319.0,531928.0
122,210006443,MĎヽMENGHITAM,28051461.0,8723665.0,929.0,14251277.0,915306.0,59718.0,1505.0,697078.0,348599.0
123,209558612,BragPittヽ3925ヽ,48424982.0,8348690.0,210319.0,10785252.0,76421.0,28309.0,64545.0,638351.0,203583.0
124,210702517,RadenヽMENGHITAM,33951345.0,8310040.0,6378.0,13926122.0,7717.0,57890.0,1402.0,842453.0,268933.0
125,210849732,suhendra Hitam,31853938.0,8290765.0,464133.0,5880678.0,94142.0,7460.0,1740.0,292217.0,145890.0
126,208098380,TuânヽMENGHITAM,40635585.0,8211550.0,46566.0,11163212.0,718.0,204.0,0.0,250442.0,432912.0
127,208182468,THORヽMENGHITAM,48468461.0,8129210.0,390574.0,6375530.0,0.0,0.0,0.0,223271.0,207141.0
128,210228446,Super Menghitam,44661489.0,7768610.0,303776.0,7707228.0,259.0,400.0,1664.0,417576.0,176198.0
129,209369178,HioヽMENGHITAM,35750350.0,7626500.0,160161.0,9616925.0,6996.0,1149.0,6622.0,466066.0,246304.0
130,210171570,AresヽMENGHITAM,56325388.0,7462425.0,17785.0,10639520.0,0.0,0.0,0.0,278026.0,392963.0
131,209073268,LycheMENGHITAM,47470609.0,7412880.0,53096.0,11159708.0,14041.0,0.0,0.0,594302.0,260694.0
132,209127003,RishaヽMENGHITAM,44982731.0,7299695.0,94257.0,9736828.0,14609.0,1368.0,1485.0,374719.0,298902.0
133,207371736,TankヽMENGHITAM,27468589.0,7179175.0,544776.0,2519300.0,0.0,0.0,0.0,63224.0,94353.0
134,210309002,TOMヽMENGHITAM,31177721.0,7123835.0,373744.0,5264515.0,3225.0,5866.0,292.0,220733.0,152182.0
135,209457612,YUGI MENGHITAM,41802842.0,6976010.0,73233.0,8673944.0,0.0,0.0,251.0,104410.0,381442.0
136,209568480,QueenヽMeghitam,40904428.0,6715405.0,9720.0,9436637.0,1502.0,1873.0,0.0,182495.0,380382.0
137,209302746,KIM Filler,67656970.0,6695410.0,181675.0,9324606.0,387471.0,67218.0,63269.0,706416.0,89772.0
138,210746852,ViperヽMENGHITAM,41627815.0,6684815.0,711.0,10101324.0,20670.0,0.0,0.0,358075.0,325822.0
139,210009726,0j3kヽMENGHITAM,42174629.0,6624375.0,179994.0,7631220.0,1108.0,3.0,233.0,359244.0,201881.0
140,209747066,PitungヽMNGHITAM,38322908.0,6567500.0,375287.0,4571070.0,0.0,0.0,0.0,245469.0,105819.0
141,210591987,CilpaヽMENGHITAM,45451378.0,6457965.0,0.0,9756730.0,0.0,0.0,0.0,343833.0,315920.0
142,210098014,ScarlヽMENGHITAM,34526659.0,6362750.0,208999.0,7254232.0,17358.0,824.0,473.0,465062.0,129830.0
143,207245425,BarlasMENGHITAM,40851270.0,6336550.0,151318.0,7698042.0,11080.0,0.0,749.0,378501.0,195391.0
144,210607881,Lavaflow25HITAM,32771176.0,6273170.0,246542.0,9900427.0,64178.0,188263.0,620559.0,585549.0,58667.0
145,209326021,Ash ヽMenghitam,42852607.0,6152230.0,218640.0,6768958.0,25779.0,1.0,0.0,442808.0,116786.0
146,208531160,B0jiヽMENGHITAM,43343660.0,6057965.0,54281.0,8134931.0,21059.0,0.0,0.0,233154.0,289959.0
147,207384760,DodgyヽMENGHITAM,49751234.0,6027510.0,243778.0,7016583.0,18514.0,78961.0,99652.0,501013.0,72311.0
148,210497400,Admin Filler,61611181.0,5931335.0,168985.0,7757160.0,156049.0,42634.0,46343.0,539999.0,102766.0
149,210484559,MJヽMENGHITAM,31467036.0,5926815.0,489575.0,1510587.0,211785.0,0.0,0.0,28043.0,59390.0
150,210691086,CatfishFiller,27615716.0,5906370.0,220967.0,6456642.0,0.0,805.0,28.0,457796.0,93848.0
151,208434240,Co2ヽMENGHITAM,38080364.0,5879615.0,77044.0,7231590.0,0.0,0.0,0.0,125807.0,298676.0
152,209599485,BOZOOヽMENGHITAM,31723644.0,5807075.0,89641.0,7005716.0,980.0,0.0,0.0,137390.0,281581.0
153,206295667,grimmヽMENGHITAM,36374352.0,5732720.0,44662.0,7742910.0,0.0,0.0,0.0,208433.0,282929.0
154,210447287,NguaヽMENGHITAM,38775807.0,5554135.0,232522.0,5418017.0,2688.0,5064.0,243.0,330348.0,105145.0
155,209917222,FiuヽMENGHITAM,44407302.0,5496280.0,184178.0,5468640.0,37.0,21.0,0.0,178777.0,184041.0
156,209961943,KrakenMENGHITAM,42139334.0,5489410.0,184762.0,6023274.0,9059.0,3269.0,4016.0,342942.0,128472.0
157,209524709,JejLヽMENGHITAM,43211852.0,5450460.0,70298.0,7995261.0,29094.0,22066.0,0.0,484601.0,154965.0
158,209982255,SolヽMENGHITAM,45299074.0,5440325.0,0.0,8023640.0,0.0,0.0,0.0,230962.0,285701.0
159,210416768,Wolf MENGITAM,26942595.0,5291060.0,253183.0,4176857.0,7.0,11.0,1.0,149357.0,134163.0
160,209922389,SóiヽMENGHITAM,34960433.0,5246200.0,274305.0,4027349.0,29526.0,201.0,373.0,204605.0,98675.0
161,210135670,JuleヽMENGHITAM,31270688.0,5242135.0,194928.0,5494323.0,35181.0,115268.0,12850.0,244463.0,138036.0
162,210697567,Megangel,27164055.0,5220580.0,454988.0,1020580.0,0.0,0.0,0.0,37894.0,32082.0
163,210514026,AETAOヽMENGHITAM,34699084.0,4919295.0,248031.0,4285461.0,5606.0,10480.0,0.0,303420.0,61459.0
164,207405810,2iiヽMENGHITAM,28382606.0,4771745.0,142183.0,4989400.0,0.0,0.0,0.0,156854.0,171043.0
165,207492170,Legolas Farm,28316636.0,4737005.0,0.0,6976762.0,26660.0,0.0,0.0,196627.0,250258.0
166,207948053,AamirヽMENGHITAM,31052868.0,4684900.0,225103.0,3750090.0,0.0,0.0,0.0,151479.0,111765.0
167,209981613,YuliaヽMENGHITAM,35499995.0,4649340.0,152111.0,5050347.0,2570145.0,11930.0,57.0,102377.0,174423.0
168,210012680,GREED MENGHITAM,37618118.0,4515805.0,148903.0,5044931.0,10958.0,111815.0,0.0,235023.0,123444.0
169,209855010,DINDAヽMENGHITAM,28493775.0,4443135.0,101398.0,5599148.0,1.0,0.0,72.0,307996.0,125945.0
170,209540721,JASERヽMENGHITAM,29838221.0,4330155.0,275172.0,2516770.0,0.0,0.0,0.0,123657.0,64010.0
171,209640776,ㅎCatfishh,34413091.0,4230675.0,178036.0,4670996.0,0.0,0.0,94.0,421060.0,23001.0
172,208586603,MOIFILLER,33216486.0,4126025.0,160722.0,4401171.0,10815.0,337.0,586.0,311275.0,64162.0
173,209471546,gokuヽMENGHITAM,32460889.0,3842860.0,9695.0,5559362.0,132349.0,26.0,0.0,161488.0,195898.0
174,209525489,TJK99,36526007.0,3795425.0,311877.0,1149580.0,0.0,0.0,0.0,74212.0,20373.0
175,209582920,MANヽMENGHITAM,34893091.0,3663570.0,31805.0,5042994.0,153957.0,14371.0,0.0,156830.0,170758.0
176,208991050,JerryヽMENGHITAM,53251258.0,3661945.0,9160.0,5548643.0,15283.0,53.0,0.0,235506.0,159521.0
177,202598506,LAKOTA,34046043.0,3657085.0,274107.0,1413070.0,0.0,0.0,0.0,57515.0,41896.0
178,207280857,3925ヽMEMBLACK,31721044.0,3636715.0,0.0,5152870.0,0.0,0.0,0.0,91175.0,212056.0
179,210469988,Korn ヽMENGHITAM,31757358.0,3422430.0,91695.0,4293832.0,1.0,1036.0,0.0,285336.0,71920.0
180,209694006,BETTYヽMENGHITAM,29864011.0,3316985.0,171939.0,2598337.0,5914.0,9.0,4.0,140098.0,59807.0
181,210462298,YornヽMENGHITAM,28506349.0,3269565.0,136366.0,2970398.0,2942.0,0.0,0.0,128581.0,84200.0
182,206227076,no owner Hitam,46247300.0,3211125.0,1136.0,4811330.0,0.0,0.0,0.0,163493.0,158820.0
183,209299692,POTATOKIDヽHITAM,37058363.0,3014550.0,130227.0,2459200.0,0.0,0.0,0.0,52848.0,96536.0
184,208989258,RuthヽMENGHITAM,37743157.0,2997145.0,72868.0,3437520.0,0.0,0.0,0.0,123870.0,109941.0
185,210466708,Janavar85ヽHITAM,42572009.0,2889300.0,90456.0,2732601.0,1.0,2444.0,8.0,24408.0,124180.0
186,209927100,Emili,31072655.0,2801585.0,52289.0,4278860.0,0.0,0.0,22300.0,345420.0,36773.0
187,210476889,Samurai Joschy,28026345.0,2774255.0,212477.0,1120986.0,531.0,0.0,0.0,76470.0,17809.0
188,207592261,ᴾᵂツJyคŊ,38909721.0,2757755.0,41545.0,3976800.0,58370.0,87.0,33.0,252524.0,71979.0
189,209560283,Salack,38633370.0,2617940.0,133150.0,2265790.0,0.0,0.0,60740.0,92273.0,55005.0
190,208184682,bawokヽMENGHITAM,53628563.0,2515295.0,48214.0,3236438.0,4782.0,1366.0,0.0,156563.0,83356.0
191,210517361,AJヽMENGHITAM,33223038.0,2321710.0,112479.0,1973260.0,31.0,814.0,14.0,112703.0,42227.0
192,210020051,FITRIヽMENGHITAM,39261690.0,2300105.0,44200.0,2825580.0,0.0,0.0,0.0,104432.0,89063.0
193,210738856,D1M MENGHITAM,30531005.0,2020020.0,16993.0,2907100.0,0.0,0.0,0.0,132094.0,79308.0
194,203798764,MortiヽMENGHITAM,37846991.0,2001845.0,77421.0,2125715.0,82.0,37.0,1.0,146632.0,32965.0
195,210514318,ErenヽMenghitam,29281979.0,1962930.0,18379.0,3192656.0,4431.0,0.0,0.0,245875.0,36651.0
196,208550135,RyanxヽMENGHITAM,35704246.0,1781770.0,35879.0,2280831.0,5.0,0.0,0.0,115057.0,56513.0
197,210247090,SuperヽMENGHITAM,70866856.0,1639645.0,60506.0,1788395.0,13935.0,0.0,2947.0,118312.0,29535.0
198,209445836,TizerヽMENGHITAM,33536939.0,1589110.0,7036.0,2340968.0,0.0,273.0,13.0,94611.0,69713.0
199,209951469,YaskeヽMENGHITAM,36967527.0,1576260.0,63931.0,1448790.0,2.0,0.0,0.0,59857.0,42511.0
200,210123021,Vikri fill,36508997.0,1521690.0,22294.0,2315830.0,0.0,0.0,0.0,175249.0,28167.0
201,210190424,OmenヽMENGHITAM,32234565.0,1391320.0,0.0,2013958.0,0.0,4.0,0.0,47657.0,76869.0
202,206229247,FellyciaヽFiller,37021538.0,1309180.0,0.0,2627870.0,45500.0,205.0,0.0,261836.0,0.0
203,210518852,nice t,29643667.0,1269415.0,96225.0,614330.0,0.0,0.0,0.0,61433.0,0.0
204,209522919,Long nguyen,39632852.0,1239235.0,240.0,1720240.0,29850.0,6300.0,0.0,15767.0,77200.0
205,209199083,Joshi 11,33075729.0,1233570.0,73112.0,697620.0,0.0,0.0,0.0,8306.0,30728.0
206,209294307,Mìðáś,25470504.0,1171935.0,80870.0,550760.0,0.0,0.0,0.0,19934.0,17571.0
207,210678039,Oroscocukları,38799070.0,1159910.0,40145.0,1057423.0,19015.0,0.0,0.0,12702.0,46330.0
208,210073841,ᶜᴴmrnormal,34314058.0,1139950.0,0.0,1607270.0,0.0,0.0,0.0,26201.0,67263.0
209,210706710,KOЛОBPAT,34535038.0,1128525.0,0.0,2108945.0,78368.0,41375.0,29048.0,116889.0,36272.0
210,210737631,NewHヽMENGHITAM,27514600.0,1077565.0,69146.0,631899.0,103.0,29.0,5.0,35098.0,14041.0
211,209726690,minetwhynet,33434555.0,1016605.0,0.0,1535070.0,0.0,0.0,0.0,53879.0,49814.0
212,202813616,KARACA53,33167548.0,1011835.0,77491.0,328180.0,0.0,0.0,0.0,3684.0,14567.0
213,210500737,KazzoヽMENGHITAM,36896211.0,922870.0,0.0,1495183.0,221218.0,0.0,0.0,66134.0,39480.0
214,210162036,Alip filler1,30281452.0,814235.0,52654.0,441999.0,246.0,0.0,0.0,17507.0,13344.0
215,210341057,bocil filler,28631684.0,792295.0,49972.0,500470.0,0.0,0.0,0.0,33111.0,8468.0
216,210195488,ᵏʲSamuraiRUS,29817636.0,780995.0,15446.0,918504.0,7582.0,34.0,0.0,24462.0,33615.0
217,207908420,Su bau tai,27763765.0,773300.0,0.0,1546600.0,0.0,0.0,0.0,154660.0,0.0
218,209803329,AyyヽMENGHITAM,31190471.0,749300.0,38167.0,573349.0,41.0,30.0,0.0,24932.0,16198.0
219,210125257,infinヽMENGHITAM,39047444.0,702285.0,0.0,1026790.0,0.0,0.0,0.0,27123.0,37778.0
220,213374199,Lavaflow farm,25599981.0,693170.0,0.0,1240140.0,0.0,0.0,0.0,94774.0,14620.0
221,210509571,BLU MENGHITAM,26852706.0,575255.0,0.0,1111040.0,0.0,0.0,0.0,103210.0,3947.0
222,210687332,ShinヽMENGHITAM,29298617.0,562330.0,28816.0,438620.0,0.0,0.0,0.0,21918.0,10972.0
223,209921300,ᴴJOA불닭ヽHITAM,40065731.0,435720.0,0.0,619790.0,0.0,0.0,0.0,11649.0,25165.0
224,209442646,킴밥 Gimböp,33765168.0,433755.0,0.0,610680.0,0.0,0.0,0.0,9702.0,25683.0
225,207236504,TETOTヽKECIL,27099042.0,428865.0,1929.0,777881.0,35721.0,324.0,222.0,66930.0,4995.0
226,214864726,Filler Rey,28771306.0,389580.0,0.0,519440.0,0.0,0.0,0.0,0.0,25972.0
227,207994729,ronyヽMENGHITAM,33459612.0,234550.0,0.0,750724.0,175759.0,11316.0,55960.0,46910.0,0.0
228,208120583,fuckyouall,27977244.0,197115.0,8314.0,227950.0,0.0,0.0,0.0,22795.0,0.0
229,209522555,MinHo MENGHITAM,31719420.0,141160.0,0.0,282320.0,0.0,0.0,0.0,28232.0,0.0
230,210514224,eyonkヽMENGHITAM,29554997.0,128810.0,0.0,257620.0,0.0,0.0,0.0,25762.0,0.0
231,207849847,SPARTヽMENGHITAM,38199985.0,95265.0,0.0,186900.0,0.0,0.0,0.0,17964.0,363.0
232,203355705,メgiO filler,25507229.0,92405.0,0.0,184810.0,0.0,0.0,0.0,18481.0,0.0
233,210479151,Santi MENGHITAM,34894859.0,79355.0,0.0,114710.0,0.0,0.0,0.0,2671.0,4400.0
234,209540004,vova MENGHITAM,27235787.0,78315.0,0.0,118010.0,0.0,0.0,0.0,4077.0,3862.0
235,209017260,25メAbu Yaman,45816349.0,57490.0,0.0,78220.0,0.0,0.0,0.0,470.0,3676.0
236,210306246,Barba Menghitam,29289519.0,56505.0,0.0,90930.0,0.0,0.0,0.0,4677.0,2208.0
237,210508879,Sepi MENGHITAM,31745039.0,16410.0,0.0,32820.0,0.0,0.0,0.0,3282.0,0.0
238,210492675,YubuゆぶMENGHITAM,44382037.0,4705.0,0.0,9410.0,0.0,0.0,0.0,941.0,0.0
239,210724963,Alip filler2,25204338.0,2440.0,0.0,4880.0,0.0,0.0,0.0,488.0,0.0
240,209719600,Filler Blass,43007303.0,1180.0,0.0,2360.0,1.0,0.0,0.0,236.0,0.0
241,209633261,smashヽMENGHITAM,54524434.0,0.0,0.0,0.0,0.0,0.0,0.0,0.0,0.0
242,210044514,당신의 사랑MENGHITAM,43687708.0,0.0,0.0,0.0,0.0,0.0,0.0,0.0,0.0
243,209918841,LEKI MENGHITAM,43208735.0,0.0,0.0,0.0,0.0,0.0,0.0,0.0,0.0
244,207096650,ƊENヽMENGHITAM,40425801.0,0.0,0.0,0.0,0.0,0.0,0.0,0.0,0.0
245,210150240,Nihilith,38949132.0,0.0,0.0,0.0,0.0,0.0,0.0,0.0,0.0
246,204481763,SeeAllNextTime,38378758.0,0.0,0.0,0.0,0.0,0.0,0.0,0.0,0.0
247,210206310,MENGHITAM mac,36476490.0,0.0,0.0,0.0,0.0,0.0,0.0,0.0,0.0
248,208308213,HiヽMENGHITAM,35811482.0,0.0,0.0,0.0,0.0,0.0,0.0,0.0,0.0
249,209551669,Алекс 26,35394169.0,0.0,0.0,0.0,0.0,0.0,0.0,0.0,0.0
250,208700794,HakaiヽMENGHITAM,35270002.0,0.0,0.0,0.0,0.0,0.0,0.0,0.0,0.0
251,210049139,BTK MENGHITAM,35171121.0,0.0,0.0,1.0,2.0,0.0,0.0,0.0,0.0
252,207181069,azino777,35025505.0,0.0,0.0,0.0,0.0,0.0,0.0,0.0,0.0
253,209833339,Sand火,34947760.0,0.0,0.0,0.0,0.0,0.0,0.0,0.0,0.0
254,208630104,FullヽMENGHITAM,34325403.0,0.0,0.0,0.0,0.0,0.0,0.0,0.0,0.0
255,210456669,BongヽMENGHITAM,34293186.0,0.0,0.0,0.0,0.0,0.0,0.0,0.0,0.0
256,209966603,MEX MENGHITAM,33956484.0,0.0,0.0,0.0,0.0,0.0,0.0,0.0,0.0
257,210639694,Luxueqi Gold,33942549.0,0.0,0.0,0.0,0.0,0.0,0.0,0.0,0.0
258,210006729,DOMINICKTVT,33850765.0,0.0,0.0,0.0,0.0,0.0,0.0,0.0,0.0
259,210511661,TeeoヽMENGHITAM,33266028.0,0.0,0.0,0.0,0.0,0.0,0.0,0.0,0.0
260,136899,L0RD0FGH0ST,33253614.0,0.0,0.0,0.0,0.0,0.0,0.0,0.0,0.0
261,207852954,YINヽMENGHITAM,33062868.0,0.0,0.0,0.0,0.0,0.0,0.0,0.0,0.0
262,209701219,JerryヽFiller,32417278.0,0.0,0.0,0.0,0.0,0.0,0.0,0.0,0.0
263,209824686,ᴍɴɢ TURBO,32387817.0,0.0,0.0,0.0,0.0,0.0,0.0,0.0,0.0
264,209170156,Coraliee,32201348.0,0.0,0.0,0.0,0.0,0.0,0.0,0.0,0.0
265,208385323,F2p petani,31768403.0,0.0,0.0,0.0,0.0,0.0,0.0,0.0,0.0
266,210456962,ᶜᶻyatiメ,31711877.0,0.0,0.0,0.0,0.0,0.0,0.0,0.0,0.0
267,207993733,iCqryヽMENGHITAM,31377233.0,0.0,0.0,0.0,0.0,0.0,0.0,0.0,0.0
268,209321348,25 X Gio,31259524.0,0.0,0.0,325848.0,0.0,0.0,81462.0,0.0,0.0
269,209749969,Voidxz,31141109.0,0.0,0.0,0.0,0.0,0.0,0.0,0.0,0.0
270,210056576,MixueヽMENGHITAM,31016371.0,0.0,0.0,0.0,0.0,0.0,0.0,0.0,0.0
271,208303025,Fox๛Menghitam,30962073.0,0.0,0.0,0.0,0.0,0.0,0.0,0.0,0.0
272,210214739,ᶜᴺМяфka,30726883.0,0.0,0.0,0.0,0.0,0.0,0.0,0.0,0.0
273,208033730,SmileヽMENGHITAM,30423214.0,0.0,0.0,0.0,0.0,0.0,0.0,0.0,0.0
274,211349822,P rime,30246073.0,0.0,0.0,0.0,0.0,0.0,0.0,0.0,0.0
275,71144375,Mxia9ヽMENGHITAM,29863573.0,0.0,0.0,0.0,0.0,0.0,0.0,0.0,0.0
276,209816322,AlwawiMENGHITAM,29829241.0,0.0,0.0,0.0,0.0,0.0,0.0,0.0,0.0
277,206722609,JarIVヽMENGHITAM,29601947.0,0.0,0.0,0.0,0.0,0.0,0.0,0.0,0.0
278,210657157,ManicヽMENGHITAM,28872130.0,0.0,0.0,0.0,0.0,0.0,0.0,0.0,0.0
279,207742184,Tobi MENGHITAM,28691695.0,0.0,0.0,0.0,0.0,0.0,0.0,0.0,0.0
280,210272372,Asuori Farm,28541466.0,0.0,0.0,0.0,0.0,0.0,0.0,0.0,0.0
281,210231116,ATASYヽMENGHITAM,28092218.0,0.0,0.0,0.0,0.0,0.0,0.0,0.0,0.0
282,210467451,Paradontaks,27684629.0,0.0,0.0,0.0,0.0,0.0,0.0,0.0,0.0
283,209971582,Kim Love Muted,27580620.0,0.0,0.0,0.0,0.0,0.0,0.0,0.0,0.0
284,158335930,JIWOOヽMENGHITAM,27576532.0,0.0,0.0,0.0,0.0,0.0,0.0,0.0,0.0
285,208800298,TèoヽMENGHITAM,27001191.0,0.0,0.0,0.0,0.0,0.0,0.0,0.0,0.0
286,210651361,Bek5,26799572.0,0.0,0.0,0.0,0.0,0.0,0.0,0.0,0.0
287,210218388,Badi MENGHITAM,26233309.0,0.0,0.0,0.0,0.0,0.0,0.0,0.0,0.0
288,208772158,Sekimi YaniNeko,26044534.0,0.0,0.0,563.0,2816.0,0.0,0.0,0.0,0.0
289,207092692,Slayer vs 25,25686621.0,0.0,0.0,0.0,0.0,0.0,0.0,0.0,0.0
290,210526234,TizeRヽMENGHITAM,25669541.0,0.0,0.0,0.0,0.0,0.0,0.0,0.0,0.0
291,207531770,Angоl,25549335.0,0.0,0.0,0.0,0.0,0.0,0.0,0.0,0.0
292,210464173,Jenn Menghitam,25313276.0,0.0,0.0,0.0,0.0,0.0,0.0,0.0,0.0
293,210266794,Grimm MENGHITAM,25155120.0,0.0,0.0,0.0,0.0,0.0,0.0,0.0,0.0
294,210734300,Bolukukus HITAM,25102301.0,0.0,0.0,0.0,0.0,0.0,0.0,0.0,0.0
295,204255712,CocoヽMENGHITAM,25011003.0,0.0,0.0,0.0,0.0,0.0,0.0,0.0,0.0
