Metric,Value
TOTAL PLAYERS,289
DKP < 1M,210

Rank,Governor ID,Name,End Power,End Troop Power,T4N,T4 Kills,T5 Kills,Deads,KP,DKP,Active
1,204717819,RitheR,58.40M,14.24M,3.56M,5.31M,4.19M,213.76K,136.91M,91.54M,True
2,207979381,24 X҉ MuguiBoy,66.98M,13.11M,3.28M,2.38M,2.34M,14.10K,70.55M,47.10M,True
3,208594000,Báolonf,57.19M,6.72M,1.68M,6.80M,326.34K,411.87K,75.20M,43.01M,True
4,203886048,24 X҉ CẩmVan,56.96M,8.77M,2.19M,1.20M,2.07M,118.80K,53.53M,38.33M,True
5,209844407,Nick40,61.82M,12.89M,3.22M,1.40M,1.65M,364,47.00M,31.75M,True
6,207787522,ᴿᵂAmidamaru,57.58M,10.20M,2.55M,2.27M,570.62K,191.09K,34.19M,21.84M,True
7,207861650,ˣˣOldboy,58.50M,9.33M,2.33M,694.22K,1.11M,0,29.06M,20.06M,True
8,204674520,VietSharks,66.43M,14.70M,3.68M,3.30M,214.98K,15.03K,37.30M,19.88M,True
9,207682276,ˣˣOIdboy,61.89M,7.87M,1.97M,3.39M,73.55K,130.20K,37.39M,19.34M,True
10,204480380,ȿȿ么SALADIN,48.66M,5.01M,1.25M,938.06K,836.25K,52.16K,26.11M,17.76M,True
11,209853749,24TùgGấu,32.02M,2.36M,590.34K,32.23K,198.91K,1.45M,4.30M,17.63M,True
12,204112961,ACôngNhânQN76,58.86M,19.66M,4.92M,667.04K,817.83K,0,23.03M,15.60M,True
13,204705520,Mì Xào Dưa,56.92M,7.78M,1.94M,804.86K,545.88K,168.90K,18.97M,13.90M,True
14,210944394,xThanhLong,20.76M,2.44M,609.02K,107.58K,0,1.32M,1.08M,13.69M,True
15,210133354,24 X҉  Zenith,50.28M,6.72M,1.68M,688.21K,589.92K,63.83K,18.69M,12.93M,True
16,207653866,24 X҉ Gấu,40.94M,6.21M,1.55M,539.18K,641.91K,25.54K,18.27M,12.58M,True
17,208202264,KrazyBus,35.47M,3.06M,764.17K,74.93K,63.46K,1.07M,2.02M,12.02M,True
18,207702281,24 X҉   Leoシ,47.44M,4.13M,1.03M,615.98K,512.92K,121.73K,16.52M,11.99M,True
19,209848443,ᴿᵂPalo4keee,27.53M,0,0,111.43K,15.67K,1.12M,1.43M,11.94M,True
20,210372799,24 CHEZCKO,29.38M,2.44M,611.15K,34.87K,0,1.18M,348.70K,11.94M,True
21,209333993,jaims cat,36.35M,646.08K,161.52K,85.21K,50.91K,1.07M,1.87M,11.85M,True
22,203693698,ᴰʷ Vino limo,54.39M,8.24M,2.06M,553.97K,502.13K,123.21K,15.58M,11.53M,True
23,209750782,JoeLaTabaz,40.54M,7.33M,1.83M,276.11K,507.52K,250.01K,12.91M,11.49M,True
24,210051564,ᴰᴷMatri214,21.39M,1.87M,467.68K,10.45K,36.41K,1.01M,832.68K,10.65M,True
25,209817323,ᴰᴷZORO GPS,34.58M,5.53M,1.38M,390.20K,449.15K,148.69K,12.89M,10.18M,True
26,208179191,ᴿw dumbywumby,32.71M,4.23M,1.06M,1.41M,173.11K,9.58K,17.64M,9.76M,True
27,210229272,Kandamiala,21.69M,0,0,933,44.83K,901.54K,905.83K,9.69M,True
28,210049658,24 X҉ Lionhart,43.00M,1.43M,356.70K,467.68K,220.81K,223.57K,9.23M,7.89M,True
29,208208516,ᴿᵂBando,32.60M,3.77M,941.57K,1.12M,85.28K,75.23K,14.88M,7.62M,True
30,208718417,TheinOo,32.94M,3.30M,823.96K,307.06K,365.31K,55.68K,10.40M,7.57M,True
31,211329312,石木,28.72M,3.87M,968.21K,209.50K,372.49K,91.29K,9.54M,7.55M,True
32,210262314,ᴮᴺGLE400,60.86M,11.64M,2.91M,203.64K,305.82K,174.08K,8.15M,7.35M,True
33,205864876,BATYA,53.38M,8.01M,2.00M,261.89K,217.72K,275.47K,6.99M,7.33M,True
34,209435533,hiền hihi,36.96M,6.01M,1.50M,175.25K,382.56K,59.20K,9.40M,7.21M,True
35,210517889,babyb0y,35.83M,5.83M,1.46M,180.57K,341.33K,0,8.63M,6.02M,True
36,218982356,Lamnesik,30.76M,3.50M,873.96K,495.68K,86.65K,218.00K,8.82M,5.96M,True
37,210066323,Dâu tây cny,30.29M,6.99M,1.75M,348.24K,152.90K,182.75K,6.59M,5.86M,True
38,209645960,ZARIA,32.70M,4.81M,1.20M,478.59K,200.86K,34.34K,8.80M,5.75M,True
39,210482880,24 X҉  Slayer,34.64M,3.61M,903.03K,254.63K,214.60K,111.93K,6.89M,5.61M,True
40,210438552,24 X҉ PPPhúc,27.78M,4.20M,1.05M,202.17K,226.12K,111.04K,6.56M,5.51M,True
41,209569488,24 X҉ BaByHulk,50.90M,2.43M,607.15K,207.89K,148.47K,214.87K,5.11M,5.42M,True
42,210346486,todays 12,62.41M,14.83M,3.71M,63.58K,329.27K,6.73K,7.22M,5.32M,True
43,205078912,24 X҉ ACE,46.78M,4.48M,1.12M,135.28K,305.65K,627,7.47M,5.27M,True
44,207576224,24 X҉ Viona,40.70M,4.07M,1.02M,86.33K,169.04K,203.03K,4.24M,5.00M,True
45,210354561,ᴸnichii,28.06M,4.01M,1.00M,174.90K,141.15K,184.75K,4.57M,4.84M,True
46,209779749,ᴰᴷMajima,28.55M,3.34M,835.98K,219.53K,100.78K,183.78K,4.21M,4.45M,True
47,209819561,MEDS21,30.77M,3.59M,896.93K,73.40K,83.06K,269.42K,2.40M,4.31M,True
48,209600107,LeONn,38.45M,4.13M,1.03M,183.41K,203.65K,0,5.91M,3.97M,True
49,203945925,24 X҉ FramAce,39.71M,5.21M,1.30M,184.18K,123.34K,115.75K,4.31M,3.93M,True
50,207270931,guardboy,35.31M,4.71M,1.18M,121.19K,216.64K,0,5.54M,3.86M,True
51,210412615,methusala,31.78M,5.29M,1.32M,101.77K,112.91K,127.23K,3.28M,3.47M,True
52,207317874,24 X҉ MONGOL,32.12M,3.28M,819.54K,146.52K,178.21K,0,5.03M,3.41M,True
53,209320692,ᴱᶻLelya Fm,29.30M,0,0,17.89K,20.99K,291.95K,598.78K,3.32M,True
54,207034573,24 X҉ HànLão,63.11M,12.30M,3.07M,183.37K,84.45K,105.14K,3.53M,3.24M,True
55,209324904,TaonguoiVietNam,44.73M,2.24M,559.06K,105.75K,164.71K,19.18K,4.35M,3.19M,True
56,210445136,Xàmlông,38.51M,5.66M,1.42M,11.81K,35.92K,257.94K,836.50K,3.18M,True
57,207012251,MeowMeowMeowww,38.09M,3.21M,803.19K,69.94K,41.62K,203.59K,1.53M,3.01M,True
58,210166542,Abcdefin,30.92M,4.99M,1.25M,548.32K,0,0,5.48M,2.74M,True
59,210394588,24 X҉ Tường,22.30M,15.65K,3.91K,23.45K,14.94K,225.11K,533.20K,2.59M,True
60,209875786,24 X҉  Malrin,40.51M,6.47M,1.62M,103.27K,86.16K,58.69K,2.76M,2.40M,True
61,209534514,24 X҉ Ney,33.00M,5.17M,1.29M,141.80K,109.48K,0,3.61M,2.35M,True
62,207317722,iryshka,42.84M,5.81M,1.45M,52.02K,137.38K,0,3.27M,2.32M,True
63,209788785,24 X҉ NVTboi,35.37M,2.55M,638.14K,80.52K,81.15K,62.57K,2.45M,2.25M,True
64,209616823,ᴹᴰXrUsT,31.37M,1.97M,493.19K,56.61K,61.19K,94.84K,1.79M,2.15M,True
65,207933613,24 X҉ Sawakita,29.82M,6.52M,1.63M,61.81K,76.29K,64.17K,2.14M,2.10M,True
66,208684612,ᶲJW4101,27.56M,2.66M,664.59K,19.37K,90.70K,47.39K,2.01M,1.93M,True
67,208559123,Stflrs Mom,57.44M,9.19M,2.30M,44.63K,25.60K,114.26K,958.27K,1.75M,True
68,207566610,LuffyOldfarm,31.81M,2.90M,725.59K,48.49K,99.62K,0,2.48M,1.74M,True
69,209345131,ᴰᴷCamaron,28.31M,2.49M,623.23K,22.97K,15.72K,131.70K,547.21K,1.67M,True
70,209838770,24 X҉  ReDemon,40.33M,3.06M,766.04K,915,56.11K,82.07K,1.13M,1.67M,True
71,210391706,ᴶᶠ RynaMay,20.31M,2.46M,614.62K,25.38K,0,148.89K,253.77K,1.62M,True
72,209072763,ᶻᵒDungori,26.02M,1.95M,487.70K,92.52K,28.77K,59.28K,1.52M,1.49M,True
73,208680184,Kutilkatak,27.50M,4.11M,1.03M,45.42K,47.84K,51.25K,1.41M,1.46M,True
74,207032911,Nemezis1,42.35M,4.96M,1.24M,10.65K,14.92K,114.52K,404.87K,1.42M,True
75,210301764,TVRI mongos,19.48M,1.41M,352.92K,72.26K,21.15K,59.23K,1.17M,1.27M,True
76,207774760,KhôiLangThang,31.49M,2.03M,507.73K,20.70K,77.42K,0,1.76M,1.26M,True
77,209043926,TOMBOYY,36.08M,5.55M,1.39M,39.38K,64.64K,8.88K,1.69M,1.26M,True
78,206969476,24 X҉ Xatarê,36.15M,5.13M,1.28M,15.18K,17.12K,90.57K,494.28K,1.24M,True
79,211294741,Lionfarm,23.60M,1.93M,482.82K,62.23K,19.12K,56.30K,1.01M,1.16M,True
80,210373350,ero3,30.01M,5.88M,1.47M,34.85K,52.70K,0,1.40M,964.72K,False
81,210401075,VoidAlbion,20.71M,166.22K,41.55K,1.33K,10.14K,77.13K,216.21K,930.12K,False
82,208973298,24 X҉ AndiUmar,31.36M,4.53M,1.13M,44.25K,47.11K,0,1.38M,927.85K,False
83,210293112,24 X҉ Prince,42.36M,4.20M,1.05M,0,3.39K,83.38K,67.86K,884.65K,False
84,210399713,Izzy the Great,38.79M,3.77M,942.33K,30.38K,13.11K,47.69K,565.98K,825.47K,False
85,207428704,ᶫʳБьёрн,31.69M,3.72M,930.97K,96.47K,3.45K,23.85K,1.04M,772.61K,False
86,210417562,24 X҉   Redbud,35.44M,6.78M,1.70M,141.73K,0,0,1.42M,708.63K,False
87,210441175,gaberner,23.59M,2.35M,588.05K,17.52K,11.99K,41.11K,415.09K,678.51K,False
88,209756441,ᴰᴷllama2502,26.59M,4.55M,1.14M,18.32K,26.52K,11.95K,714.11K,608.93K,False
89,209876388,Şahinşahz,24.11M,2.57M,642.46K,121.20K,0,0,1.21M,606.00K,False
90,210371729,24 X҉ xANGELx,27.69M,2.62M,654.65K,12.39K,35.59K,0,835.61K,595.74K,False
91,210431963,24 X҉ vSharks,45.55M,7.25M,1.81M,96.12K,0,0,961.22K,480.61K,False
92,209944070,24X҉  PaTRoN46,34.47M,1.88M,470.18K,29.85K,21.84K,0,735.36K,476.89K,False
93,209323093,THE END rog,25.00M,877.72K,219.43K,56.26K,853,14.39K,579.68K,437.99K,False
94,209302826,1Vorobey1,41.28M,5.29M,1.32M,19.83K,22.04K,0,639.08K,429.74K,False
95,209312381,Yola61,24.97M,5.35M,1.34M,12.70K,4.90K,29.09K,225.06K,427.91K,False
96,208585387,Топoль,45.04M,6.59M,1.65M,75.74K,0,0,757.36K,378.68K,False
97,209367234,øPositron,36.94M,1.49M,371.81K,24.76K,10.33K,6.89K,454.18K,347.60K,False
98,210490061,24 X҉ DuMuc,29.38M,1.50M,374.59K,67.31K,0,0,673.07K,336.54K,False
99,210834790,Huyメ,27.08M,4.22M,1.06M,17.93K,15.46K,0,488.52K,321.56K,False
100,213221751,24 X҉ vSharKs,31.72M,6.36M,1.59M,63.80K,0,0,637.96K,318.98K,False
101,210437015,Almaspavlodar,26.33M,2.34M,585.50K,4.01K,6.21K,16.60K,164.18K,279.13K,False
102,210376336,24 X҉ Serelis,26.50M,3.54M,885.25K,9.91K,12.85K,0,356.11K,242.29K,False
103,209322462,ˣPoseidon,28.14M,3.11M,778.21K,43.10K,0,0,430.97K,215.49K,False
104,207682854,24 X҉ Nina,22.33M,0,0,0,12.94K,0,258.74K,194.06K,False
105,206992661,GunnaGhøst,21.15M,0,0,31.71K,0,0,317.10K,158.55K,False
106,207592439,ˢᵛJoiSai,23.15M,2.67M,668.33K,4.12K,8.64K,0,214.05K,150.24K,False
107,209868020,KabouterKenny,17.89M,20.00K,5.00K,26,8.69K,0,174.06K,130.48K,False
108,208762017,SP N,28.72M,6.40M,1.60M,18.25K,1.62K,0,214.97K,115.59K,False
109,210243771,BrunetteValkyri,22.04M,640.49K,160.12K,3.95K,2.17K,5.69K,82.93K,109.23K,False
110,192034057,24 X҉ No Mercy,14.42M,1.25M,312.46K,4.87K,1.21K,6.34K,72.79K,105.88K,False
111,208580783,24X҉Сиэль,28.61M,2.43M,607.17K,2.25K,4.40K,0,110.50K,77.24K,False
112,207069617,OdinRagnarok,23.88M,1.68M,419.77K,5.10K,3.20K,0,114.92K,73.45K,False
113,212491924,RedbudSupaFarm,31.28M,6.23M,1.56M,12.34K,0,0,123.37K,61.69K,False
114,211311750,Tопoль,26.71M,3.06M,766.19K,9.86K,0,0,98.64K,49.32K,False
115,210373344,MrGazzz,26.02M,3.04M,759.20K,0,3.02K,0,60.44K,45.33K,False
116,207279889,24 X҉ DUMBLDOR,43.58M,2.09M,521.67K,4.96K,0,0,49.61K,24.80K,False
117,207037071,ᴳᵛChocolate,28.40M,68.00K,17.00K,1.53K,0,0,15.32K,7.66K,False
118,207957194,BankKingdom24,24.02M,4.02M,1.01M,1.52K,0,0,15.22K,7.61K,False
119,210479418,Sulaymãn,15.11M,0,0,184,155,0,4.94K,3.25K,False
120,209806538,ANNY20,21.30M,0,0,321,0,0,3.21K,1.60K,False
121,208211218,ᴿᵂ Rooster,21.61M,88.25K,22.06K,238,0,0,2.38K,1.19K,False
122,207181368,24 X҉    Xuka,22.41M,5.47M,1.37M,90,0,0,900,450,False
123,209875567,ᴬᵈDMAч1т,56.78M,10.43M,2.61M,0,0,0,0,0,False
124,209880966,24 X Blaze,51.87M,8.73M,2.18M,0,0,0,0,0,False
125,209294221,24X҉AlphaWolf,49.75M,2.47M,617.61K,0,0,0,0,0,False
126,209502334,24 X҉WilliamQ8,45.57M,6.27M,1.57M,0,0,0,0,0,False
127,207093369,24 X҉ FangYuan,43.60M,8.48M,2.12M,0,0,0,0,0,False
128,209506286,ˣˣ AMSTER,43.36M,2.18M,546.03K,0,0,0,0,0,False
129,210661343,业๛ BREEZEメ,42.02M,5.48M,1.37M,0,0,0,0,0,False
130,209927994,24 X҉  Visna,41.28M,6.90M,1.72M,0,0,0,0,0,False
131,209619554,ᴹᴰDoC OcK,40.98M,448.09K,112.02K,0,0,0,0,0,False
132,209607393,柱 VeNdDeTtA,40.90M,7.61M,1.90M,0,0,0,0,0,False
133,209905081,24X҉  TolganaC,40.54M,2.34M,584.24K,0,0,0,0,0,False
134,210151511,Snoww40,39.47M,5.18M,1.30M,0,0,0,0,0,False
135,209530219,24 X҉ SóiGià,38.37M,4.78M,1.19M,0,0,0,0,0,False
136,209306575,Spartacus6,37.15M,7.10M,1.77M,0,0,0,0,0,False
137,208108254,Alex hub,36.01M,2.13M,531.32K,0,0,0,0,0,False
138,208622212,Ulvsbane,35.35M,2.80M,699.84K,0,0,0,0,0,False
139,210233153,ᴿᶠMixey911,35.06M,6.04M,1.51M,0,0,0,0,0,False
140,207118372,Mamaboy123,34.75M,6.11M,1.53M,0,0,0,0,0,False
141,206949917,marious1990,34.62M,1.53M,383.14K,0,0,0,0,0,False
142,209862206,ᴿᵂMCDragoon,34.54M,8.11M,2.03M,0,0,0,0,0,False
143,209531678,Crisssss,34.43M,4.96M,1.24M,0,0,0,0,0,False
144,210101700,Jinozz,34.30M,6.69M,1.67M,0,0,0,0,0,False
145,210103821,24 X҉  dayday,33.75M,6.60M,1.65M,0,0,0,0,0,False
146,210539282,Scriptor,33.57M,7.87M,1.97M,0,0,0,0,0,False
147,210532839,Beelphegor,33.56M,8.34M,2.09M,0,0,0,0,0,False
148,207014016,24 X҉ Jhoncewi,33.45M,5.16M,1.29M,0,0,0,0,0,False
149,209321704,HOTBEAST,33.42M,6.64M,1.66M,0,0,0,0,0,False
150,209527597,24 X҉ Klee,33.36M,6.55M,1.64M,0,0,0,0,0,False
151,210254146,Алекс 2909,32.95M,5.06M,1.26M,0,0,0,0,0,False
152,208145473,Vicentuss,32.51M,4.46M,1.12M,0,0,0,0,0,False
153,210533310,Vates,32.45M,7.59M,1.90M,0,0,0,0,0,False
154,210213330,Ita city,32.22M,3.57M,893.21K,0,0,0,0,0,False
155,209620976,SUPERMANx,31.96M,6.44M,1.61M,0,0,0,0,0,False
156,208294913,inactiv3,31.60M,278.07K,69.52K,0,0,0,0,0,False
157,210434155,Secte,31.38M,4.03M,1.01M,0,0,0,0,0,False
158,210622572,Radamanthys,31.10M,6.46M,1.61M,0,0,0,0,0,False
159,208158335,24 X҉ HellSing,31.04M,2.41M,601.98K,0,0,0,0,0,False
160,209838834,Teung,31.01M,4.40M,1.10M,0,0,0,0,0,False
161,207742044,xxAgresif,30.81M,4.40M,1.10M,0,0,0,0,0,False
162,210740345,Basiliscus,30.70M,7.64M,1.91M,0,0,0,0,0,False
163,209482763,Éléna,30.63M,1.83M,457.65K,0,0,0,0,0,False
164,210272139,Inf1n1ty,30.62M,3.94M,985.57K,0,0,0,0,0,False
165,206974141,ᴳᴴKaiO,30.53M,4.66M,1.17M,0,0,0,0,0,False
166,210564758,lord ismail,30.29M,5.47M,1.37M,0,0,0,0,0,False
167,208195504,ᴿᵂ Zytue,30.14M,2.72M,680.40K,0,0,0,0,0,False
168,209509609,Ryyysiek,30.13M,4.75M,1.19M,0,0,0,0,0,False
169,210190324,Legend68,29.94M,11.55K,2.89K,0,0,0,0,0,False
170,210013615,ᴹᴰLadyVic,29.81M,1.50M,375.50K,0,0,0,0,0,False
171,208560935,Milk 1,29.69M,2.62M,655.11K,0,0,0,0,0,False
172,209007130,ᴿwmeowington,29.65M,7.44M,1.86M,0,0,0,0,0,False
173,209926937,우라차차,29.50M,4.82M,1.21M,0,0,0,0,0,False
174,207320759,LAPU  LAPU,29.44M,3.02M,753.89K,0,0,0,0,0,False
175,210210393,Zhâk,29.42M,6.79M,1.70M,0,0,0,0,0,False
176,208198410,ᴿᵂintruglio,29.38M,7.19M,1.80M,0,0,0,0,0,False
177,210394486,sencerbatur,29.24M,3.15M,787.60K,0,0,0,0,0,False
178,209924348,24 X҉ Fuzjaaa,29.15M,2.94M,736.01K,0,0,0,0,0,False
179,210876904,Slim 15,28.91M,6.21M,1.55M,0,0,0,0,0,False
180,210372642,NTThaSN,28.87M,6.27M,1.57M,0,0,0,0,0,False
181,209743364,Secteryum,28.74M,3.52M,880.80K,0,0,0,0,0,False
182,210218341,DEMId 01,28.70M,1.66M,415.85K,0,0,0,0,0,False
183,212007469,Ulvsbane farm,28.33M,2.22M,554.84K,0,0,0,0,0,False
184,207786640,AMADIOHA,28.22M,2.10M,523.90K,0,0,0,0,0,False
185,209837031,24 X҉  ЫЫЫ,28.02M,4.81M,1.20M,0,0,0,0,0,False
186,209756294,ᴰᴷREDER2502,27.77M,4.80M,1.20M,0,0,0,0,0,False
187,208850800,24 X҉ 도주이득,27.74M,2.39M,598.41K,0,0,0,0,0,False
188,209686553,ATN0Ghost,27.58M,3.42M,854.97K,0,0,0,0,0,False
189,208313590,Jack メ Mengocok,27.54M,37.31K,9.33K,0,0,0,0,0,False
190,210313245,24 X҉ ヅÖrökヅ,27.38M,1.70M,424.85K,0,0,0,0,0,False
191,212579837,Xàmlông farm,27.01M,2.63M,657.30K,0,0,0,0,0,False
192,209171610,ᵍˢ BÙM,26.96M,977.49K,244.37K,0,0,0,0,0,False
193,210142805,Olly25,26.95M,2.06M,516.22K,0,0,0,0,0,False
194,210376950,NightStarr,26.56M,5.68M,1.42M,0,0,0,0,0,False
195,210082550,KillerBeuty,26.35M,777.90K,194.47K,0,0,0,0,0,False
196,210209380,King Bismarck,26.33M,4.11M,1.03M,0,0,0,0,0,False
197,208630834,24 X҉  Mommy,26.32M,3.63M,907.18K,0,0,0,0,0,False
198,211892788,ᶲJW4101 Farma,26.25M,3.78M,944.60K,0,0,0,0,0,False
199,206917763,solano,26.14M,1.71M,427.60K,0,0,0,0,0,False
200,210531865,Cyntra City,26.05M,2.57M,641.30K,0,0,0,0,0,False
201,208821197,ᴰᴾJoe Black,25.87M,1.80M,450.28K,0,0,0,0,0,False
202,209986084,maiconphieu,25.79M,5.60M,1.40M,0,0,0,0,0,False
203,207108248,HOY PINOY AKOヮ,25.77M,2.05M,511.72K,0,0,0,0,0,False
204,210422456,Mảngo,25.58M,3.19M,797.85K,0,0,0,0,0,False
205,208756315,24 X҉  A Phàm,25.58M,448.61K,112.15K,0,0,0,0,0,False
206,210435381,Supper Saiyan,25.53M,2.83M,706.98K,0,0,0,0,0,False
207,211557716,ᴰᴾCyanide,25.45M,4.28M,1.07M,0,0,0,0,0,False
208,209829051,24 X҉ Hexxy,25.21M,3.70M,924.40K,0,0,0,0,0,False
209,209853474,kurinin23,25.11M,986.00K,246.50K,0,0,0,0,0,False
210,210443073,DMAферма,25.10M,2.46M,614.16K,0,0,0,0,0,False
211,210225102,humilde manco,25.05M,6.45M,1.61M,0,0,0,0,0,False
212,210428942,Solo is Here,24.92M,1.26M,315.53K,0,0,0,0,0,False
213,210387001,Cá161691,24.75M,2.39M,597.69K,0,0,0,0,0,False
214,210834666,harryg91,24.43M,3.69M,922.44K,0,0,0,0,0,False
215,210383699,Le Rose,24.40M,4.97M,1.24M,0,0,0,0,0,False
216,208558087,24 X҉ Alie,24.33M,26.80K,6.70K,0,0,0,0,0,False
217,209861963,ᴿᵂAlex,24.13M,2.73M,682.21K,0,0,0,0,0,False
218,209172663,Bec City,24.12M,3.80M,950.38K,0,0,0,0,0,False
219,208183840,Third Option,24.01M,2.05M,513.43K,0,0,0,0,0,False
220,210006467,sSnoopy,23.89M,1.79M,448.14K,0,0,0,0,0,False
221,210249125,Gopq,23.82M,0,0,0,0,0,0,0,False
222,210913126,ᴿᵂKingOfWar,23.62M,3.25M,813.01K,0,0,0,0,0,False
223,210084771,Bshusttt,23.55M,2.78M,695.44K,0,0,0,0,0,False
224,210330736,Charli300,23.52M,1.09M,271.83K,0,0,0,0,0,False
225,209112837,ᶲAKa Rùa,23.49M,4.83M,1.21M,0,0,0,0,0,False
226,210584534,Lamponi,23.42M,2.77M,691.47K,0,0,0,0,0,False
227,210252173,Eren kaya 06,23.26M,2.19M,548.44K,0,0,0,0,0,False
228,209532060,ᴿᵂSigma,23.21M,32.00K,8.00K,0,0,0,0,0,False
229,210234353,AK Optimuss,23.01M,1.19M,297.38K,0,0,0,0,0,False
230,207540269,Furia Negra,22.95M,3.27M,818.05K,0,0,0,0,0,False
231,210374164,HighLord Grimm,22.85M,4.50M,1.13M,0,0,0,0,0,False
232,210372206,BatesS,22.66M,3.94M,985.30K,0,0,0,0,0,False
233,208164511,ᴿᵂIndigo,22.26M,689.79K,172.45K,0,0,0,0,0,False
234,210400494,Kenzie Jr,21.93M,3.42M,854.94K,0,0,0,0,0,False
235,209899711,Ninnitt,21.88M,2.83M,707.73K,0,0,0,0,0,False
236,210370357,thegoathimself,21.87M,4.28M,1.07M,0,0,0,0,0,False
237,210269601,KLUYUTᶻ,21.67M,3.78M,945.86K,0,0,0,0,0,False
238,210267199,De Noordzijde,21.64M,5.09M,1.27M,0,0,0,0,0,False
239,210140834,dirty game,21.41M,4.58M,1.14M,0,0,0,0,0,False
240,210376408,Le Venin,21.32M,2.07M,517.78K,0,0,0,0,0,False
241,210377454,EeveePrincess5,21.29M,3.56M,890.23K,0,0,0,0,0,False
242,210398747,ÐarkKnight,20.83M,4.00M,999.55K,0,0,0,0,0,False
243,209901762,ᴿᵂEJBau,20.78M,2.41M,602.60K,0,0,0,0,0,False
244,208966369,24 X҉ MONGOLIY,20.77M,1.11M,277.13K,0,0,0,0,0,False
245,210432676,24 X҉  Qhà,20.69M,2.97M,742.46K,0,0,0,0,0,False
246,210378553,DEMETR,20.56M,3.36M,839.08K,0,0,0,0,0,False
247,214011851,ᴰᴷGuerrero,20.34M,2.59M,647.37K,0,0,0,0,0,False
248,202699449,Spartacus Farm1,20.24M,3.53M,882.50K,0,0,0,0,0,False
249,210406738,24 X҉ Turbo01,20.23M,5.68M,1.42M,0,0,0,0,0,False
250,210086913,はるのもぐら,19.98M,4.69M,1.17M,0,0,0,0,0,False
251,210399406,beastinc9ming,19.72M,3.33M,833.28K,0,0,0,0,0,False
252,209996542,ceu A team,19.53M,1.67M,417.86K,0,0,0,0,0,False
253,210002656,Oswaldini,19.35M,1.75M,438.26K,0,0,0,0,0,False
254,210377379,Arhitet lll SL,19.10M,683.12K,170.78K,0,0,0,0,0,False
255,209351255,López1,18.64M,4.42M,1.11M,0,0,0,0,0,False
256,210410336,MAGNUS ALEX,18.63M,2.03M,508.10K,0,0,0,0,0,False
257,207122584,HOY PINOY FARM,18.54M,54.35K,13.59K,0,0,0,0,0,False
258,209858345,Governor209858345,18.40M,1.60M,400.98K,0,0,0,0,0,False
259,210740875,BlythE,18.39M,1.36M,340.16K,0,0,0,0,0,False
260,210864248,EvilDoggy,18.36M,1.68M,420.86K,0,0,0,0,0,False
261,210210212,Шамс 7х7,18.30M,3.76M,939.28K,0,0,0,0,0,False
262,209449139,ᶜᵍDextrixs,18.26M,1.25M,312.21K,0,0,0,0,0,False
263,210387027,Zexion12,18.24M,4.52M,1.13M,0,0,0,0,0,False
264,210161055,LwPungarabatito,18.02M,2.38M,595.69K,0,0,0,0,0,False
265,208591011,24 X҉ hetcuu,17.91M,1.19M,298.05K,0,0,0,0,0,False
266,209905253,OsmanGazi001,17.88M,3.25M,811.96K,0,0,0,0,0,False
267,210886935,Slayеr,17.80M,3.78M,945.58K,0,0,0,0,0,False
268,210011584,martzyy,17.75M,2.57M,643.33K,0,0,0,0,0,False
269,209366827,NanuCosta,17.58M,2.48M,620.97K,0,0,0,0,0,False
270,210405263,GhostLider69,17.14M,933.38K,233.34K,0,0,0,0,0,False
271,88840313,Sir lickmapalls,17.12M,590.48K,147.62K,0,0,0,0,0,False
272,210379181,Riri94,16.93M,0,0,0,0,0,0,0,False
273,210039896,Menezobrrr,16.84M,1.36M,340.36K,0,0,0,0,0,False
274,208635818,SHAQapprentice,16.59M,22.80K,5.70K,0,0,0,0,0,False
275,210392260,Governador210392260,16.55M,2.24M,560.78K,0,0,0,0,0,False
276,209343632,Shinjimae,16.41M,1.41M,353.43K,0,0,0,0,0,False
277,210426322,Thức zin,16.12M,1.54M,384.37K,0,0,0,0,0,False
278,209446165,Dungori famr,16.04M,301.75K,75.44K,0,0,0,0,0,False
279,210401179,The HitMan,15.97M,1.42M,354.68K,0,0,0,0,0,False
280,210858605,PINEAPPLES,15.89M,3.02M,755.82K,0,0,0,0,0,False
281,210735353,乂AÑÜBÏS2,15.83M,1.81M,452.17K,0,0,0,0,0,False
282,210398054,aerolaito,14.93M,7.11K,1.78K,0,0,0,0,0,False
283,210894907,Lalo2025,14.63M,4.63M,1.16M,0,0,0,0,0,False
284,210410773,ABØ Ř3FÂÎŸ,13.80M,1.67M,416.88K,0,0,0,0,0,False
285,210429723,VeeYisusS,13.66M,0,0,0,0,0,0,0,False
286,210371202,24 X҉ zEskiss,13.01M,7.16K,1.79K,0,0,0,0,0,False
287,204513619,M100,12.94M,1.17M,291.51K,0,0,0,0,0,False
288,209895358,ᴿᵂHoney,12.39M,1.73M,431.46K,0,0,0,0,0,False
289,210438049,fasyiong,11.10M,42.37K,10.59K,0,0,0,0,0,False
