Rank,ID,Name,DKP,KP,Power,Troop Power,T4N,T4 Kills,T5 Kills,Deads
1,204717819,RitheR,91.54M,136.91M,58.4M,14.24M,,5.31M,4.19M,213.76K
2,208594000,Báolonf,43.01M,75.2M,57.19M,6.72M,,6.8M,326.34K,411.87K
3,203886048,24 X҉ CẩmVan,38.33M,53.53M,56.96M,8.77M,,1.2M,2.07M,118.8K
4,209844407,Nick40,31.75M,47M,61.82M,12.89M,,1.4M,1.65M,364
5,207787522,ᴿᵂAmidamaru,21.84M,34.19M,57.58M,10.2M,,2.27M,570.62K,191.09K
6,207861650,ˣˣOldboy,20.06M,29.06M,58.5M,9.33M,,694.22K,1.11M,0
7,204674520,VietSharks,19.88M,37.3M,66.43M,14.7M,,3.3M,214.98K,15.03K
8,207682276,ˣˣOIdboy,19.34M,37.39M,61.89M,7.87M,,3.39M,73.55K,130.2K
9,204480380,ȿȿ么SALADIN,17.76M,26.11M,48.66M,5.01M,,938.06K,836.25K,52.16K
10,209853749,24TùgGấu,17.63M,4.3M,32.02M,2.36M,590.34K,32.23K,198.91K,1.45M
11,204112961,ACôngNhânQN76,15.6M,23.03M,58.86M,19.66M,,667.04K,817.83K,0
12,204705520,Mì Xào Dưa,13.9M,18.97M,56.92M,7.78M,,804.86K,545.88K,168.9K
13,210133354,24 X҉  Zenith,12.93M,18.69M,50.28M,6.72M,,688.21K,589.92K,63.83K
14,207653866,24 X҉ Gấu,12.58M,18.27M,40.94M,6.21M,1.55M,539.18K,641.91K,25.54K
15,208202264,KrazyBus,12.02M,2.02M,35.47M,3.06M,764.17K,74.93K,63.46K,1.07M
16,207702281,24 X҉   Leoシ,11.99M,16.52M,47.44M,4.13M,,615.98K,512.92K,121.73K
17,209848443,ᴿᵂPalo4keee,11.94M,1.43M,27.53M,0,0,111.43K,15.67K,1.12M
18,210372799,24 CHEZCKO,11.94M,348.7K,29.38M,2.44M,611.15K,34.87K,0,1.18M
19,209333993,jaims cat,11.85M,1.87M,36.35M,646.08K,161.52K,85.21K,50.91K,1.07M
20,203693698,ᴰʷ Vino limo,11.53M,15.58M,54.39M,8.24M,,553.97K,502.13K,123.21K
21,209750782,JoeLaTabaz,11.49M,12.91M,40.54M,7.33M,1.83M,276.11K,507.52K,250.01K
22,209817323,ᴰᴷZORO GPS,10.18M,12.89M,34.58M,5.53M,1.38M,390.2K,449.15K,148.69K
23,208179191,ᴿw dumbywumby,9.76M,17.64M,32.71M,4.23M,1.06M,1.41M,173.11K,9.58K
24,210049658,24 X҉ Lionhart,7.89M,9.23M,43M,1.43M,356.7K,467.68K,220.81K,223.57K
25,208208516,ᴿᵂBando,7.62M,14.88M,32.6M,3.77M,941.57K,1.12M,85.28K,75.23K
26,208718417,TheinOo,7.57M,10.4M,32.94M,3.3M,823.96K,307.06K,365.31K,55.68K
27,211329312,石木,7.55M,9.54M,28.72M,3.87M,968.21K,209.5K,372.49K,91.29K
28,210262314,ᴮᴺGLE400,7.35M,8.15M,60.86M,11.64M,,203.64K,305.82K,174.08K
29,205864876,BATYA,7.33M,6.99M,53.38M,8.01M,,261.89K,217.72K,275.47K
30,209435533,hiền hihi,7.21M,9.4M,36.96M,6.01M,1.5M,175.25K,382.56K,59.2K
31,210517889,babyb0y,6.02M,8.63M,35.83M,5.83M,1.46M,180.57K,341.33K,0
32,218982356,Lamnesik,5.96M,8.82M,30.76M,3.5M,873.96K,495.68K,86.65K,218K
33,210066323,Dâu tây cny,5.86M,6.59M,30.29M,6.99M,1.75M,348.24K,152.9K,182.75K
34,209645960,ZARIA,5.75M,8.8M,32.7M,4.81M,1.2M,478.59K,200.86K,34.34K
35,210482880,24 X҉  Slayer,5.61M,6.89M,34.64M,3.61M,903.03K,254.63K,214.6K,111.93K
36,210438552,24 X҉ PPPhúc,5.51M,6.56M,27.78M,4.2M,1.05M,202.17K,226.12K,111.04K
37,209569488,24 X҉ BaByHulk,5.42M,5.11M,50.9M,2.43M,,207.89K,148.47K,214.87K
38,210346486,todays 12,5.32M,7.22M,62.41M,14.83M,,63.58K,329.27K,6.73K
39,205078912,24 X҉ ACE,5.27M,7.47M,46.78M,4.48M,,135.28K,305.65K,627
40,207576224,24 X҉ Viona,5M,4.24M,40.7M,4.07M,1.02M,86.33K,169.04K,203.03K
41,210354561,ᴸnichii,4.84M,4.57M,28.06M,4.01M,1M,174.9K,141.15K,184.75K
42,209779749,ᴰᴷMajima,4.45M,4.21M,28.55M,3.34M,835.98K,219.53K,100.78K,183.78K
43,209819561,MEDS21,4.31M,2.4M,30.77M,3.59M,896.93K,73.4K,83.06K,269.42K
44,209600107,LeONn,3.97M,5.91M,38.45M,4.13M,1.03M,183.41K,203.65K,0
45,203945925,24 X҉ FramAce,3.93M,4.31M,39.71M,5.21M,1.3M,184.18K,123.34K,115.75K
46,207270931,guardboy,3.86M,5.54M,35.31M,4.71M,1.18M,121.19K,216.64K,0
47,210412615,methusala,3.47M,3.28M,31.78M,5.29M,1.32M,101.77K,112.91K,127.23K
48,207317874,24 X҉ MONGOL,3.41M,5.03M,32.12M,3.28M,819.54K,146.52K,178.21K,0
49,209320692,ᴱᶻLelya Fm,3.32M,598.78K,29.3M,0,0,17.89K,20.99K,291.95K
50,207034573,24 X҉ HànLão,3.24M,3.53M,63.11M,12.3M,,183.37K,84.45K,105.14K
51,209324904,TaonguoiVietNam,3.19M,4.35M,44.73M,2.24M,559.06K,105.75K,164.71K,19.18K
52,210445136,Xàmlông,3.18M,836.5K,38.51M,5.66M,1.42M,11.81K,35.92K,257.94K
53,207012251,MeowMeowMeowww,3.01M,1.53M,38.09M,3.21M,803.19K,69.94K,41.62K,203.59K
54,210166542,Abcdefin,2.74M,5.48M,30.92M,4.99M,1.25M,548.32K,0,0
55,209875786,24 X҉  Malrin,2.4M,2.76M,40.51M,6.47M,1.62M,103.27K,86.16K,58.69K
56,209534514,24 X҉ Ney,2.35M,3.61M,33M,5.17M,1.29M,141.8K,109.48K,0
57,207317722,iryshka,2.32M,3.27M,42.84M,5.81M,1.45M,52.02K,137.38K,0
58,209788785,24 X҉ NVTboi,2.25M,2.45M,35.37M,2.55M,638.14K,80.52K,81.15K,62.57K
59,209616823,ᴹᴰXrUsT,2.15M,1.79M,31.37M,1.97M,493.19K,56.61K,61.19K,94.84K
60,207933613,24 X҉ Sawakita,2.1M,2.14M,29.82M,6.52M,1.63M,61.81K,76.29K,64.17K
61,208684612,ᶲJW4101,1.93M,2.01M,27.56M,2.66M,664.59K,19.37K,90.7K,47.39K
62,208559123,Stflrs Mom,1.75M,958.27K,57.44M,9.19M,,44.63K,25.6K,114.26K
63,207566610,LuffyOldfarm,1.74M,2.48M,31.81M,2.9M,725.59K,48.49K,99.62K,0
64,209345131,ᴰᴷCamaron,1.67M,547.21K,28.31M,2.49M,623.23K,22.97K,15.72K,131.7K
65,209838770,24 X҉  ReDemon,1.67M,1.13M,40.33M,3.06M,766.04K,915,56.11K,82.07K
66,209072763,ᶻᵒDungori,1.49M,1.52M,26.02M,1.95M,487.7K,92.52K,28.77K,59.28K
67,208680184,Kutilkatak,1.46M,1.41M,27.5M,4.11M,1.03M,45.42K,47.84K,51.25K
68,207032911,Nemezis1,1.42M,404.87K,42.35M,4.96M,1.24M,10.65K,14.92K,114.52K
69,207774760,KhôiLangThang,1.26M,1.76M,31.49M,2.03M,507.73K,20.7K,77.42K,0
70,209043926,TOMBOYY,1.26M,1.69M,36.08M,5.55M,1.39M,39.38K,64.64K,8.88K
71,206969476,24 X҉ Xatarê,1.24M,494.28K,36.15M,5.13M,1.28M,15.18K,17.12K,90.57K
72,210373350,ero3,964.72K,1.4M,30.01M,5.88M,1.47M,34.85K,52.7K,0
73,208973298,24 X҉ AndiUmar,927.85K,1.38M,31.36M,4.53M,1.13M,44.25K,47.11K,0
74,210293112,24 X҉ Prince,884.65K,67.86K,42.36M,4.2M,1.05M,0,3.39K,83.38K
75,210399713,Izzy the Great,825.47K,565.98K,38.79M,3.77M,942.33K,30.38K,13.11K,47.69K
76,207428704,ᶫʳБьёрн,772.61K,1.04M,31.69M,3.72M,930.97K,96.47K,3.45K,23.85K
77,210417562,24 X҉   Redbud,708.63K,1.42M,35.44M,6.78M,1.7M,141.73K,0,0
78,209756441,ᴰᴷllama2502,608.93K,714.11K,26.59M,4.55M,1.14M,18.32K,26.52K,11.95K
79,210371729,24 X҉ xANGELx,595.74K,835.61K,27.69M,2.62M,654.65K,12.39K,35.59K,0
80,210431963,24 X҉ vSharks,480.61K,961.22K,45.55M,7.25M,,96.12K,0,0
81,209944070,24X҉  PaTRoN46,476.89K,735.36K,34.47M,1.88M,470.18K,29.85K,21.84K,0
82,209323093,THE END rog,437.99K,579.68K,25M,877.72K,219.43K,56.26K,853,14.39K
83,209302826,1Vorobey1,429.74K,639.08K,41.28M,5.29M,1.32M,19.83K,22.04K,0
84,208585387,Топoль,378.68K,757.36K,45.04M,6.59M,,75.74K,0,0
85,209367234,øPositron,347.6K,454.18K,36.94M,1.49M,371.81K,24.76K,10.33K,6.89K
86,210490061,24 X҉ DuMuc,336.54K,673.07K,29.38M,1.5M,374.59K,67.31K,0,0
87,210834790,Huyメ,321.56K,488.52K,27.08M,4.22M,1.06M,17.93K,15.46K,0
88,213221751,24 X҉ vSharKs,318.98K,637.96K,31.72M,6.36M,1.59M,63.8K,0,0
89,210437015,Almaspavlodar,279.13K,164.18K,26.33M,2.34M,585.5K,4.01K,6.21K,16.6K
90,210376336,24 X҉ Serelis,242.29K,356.11K,26.5M,3.54M,885.25K,9.91K,12.85K,0
91,209322462,ˣPoseidon,215.49K,430.97K,28.14M,3.11M,778.21K,43.1K,0,0
92,208762017,SP N,115.59K,214.97K,28.72M,6.4M,1.6M,18.25K,1.62K,0
93,208580783,24X҉Сиэль,77.24K,110.5K,28.61M,2.43M,607.17K,2.25K,4.4K,0
94,212491924,RedbudSupaFarm,61.69K,123.37K,31.28M,6.23M,1.56M,12.34K,0,0
95,211311750,Tопoль,49.32K,98.64K,26.71M,3.06M,766.19K,9.86K,0,0
96,210373344,MrGazzz,45.33K,60.44K,26.02M,3.04M,759.2K,0,3.02K,0
97,207279889,24 X҉ DUMBLDOR,24.8K,49.61K,43.58M,2.09M,521.67K,4.96K,0,0
98,207037071,ᴳᵛChocolate,7.66K,15.32K,28.4M,68K,17K,1.53K,0,0
99,206917763,solano,0,0,26.14M,1.71M,427.6K,0,0,0
100,206949917,marious1990,0,0,34.62M,1.53M,383.14K,0,0,0
101,206974141,ᴳᴴKaiO,0,0,30.53M,4.66M,1.17M,0,0,0
102,207014016,24 X҉ Jhoncewi,0,0,33.45M,5.16M,1.29M,0,0,0
103,207093369,24 X҉ FangYuan,0,0,43.6M,8.48M,2.12M,0,0,0
104,207108248,HOY PINOY AKOヮ,0,0,25.77M,2.05M,511.72K,0,0,0
105,207118372,Mamaboy123,0,0,34.75M,6.11M,1.53M,0,0,0
106,207320759,LAPU  LAPU,0,0,29.44M,3.02M,753.89K,0,0,0
107,207742044,xxAgresif,0,0,30.81M,4.4M,1.1M,0,0,0
108,207786640,AMADIOHA,0,0,28.22M,2.1M,523.9K,0,0,0
109,208108254,Alex hub,0,0,36.01M,2.13M,531.32K,0,0,0
110,208145473,Vicentuss,0,0,32.51M,4.46M,1.12M,0,0,0
111,208158335,24 X҉ HellSing,0,0,31.04M,2.41M,601.98K,0,0,0
112,208195504,ᴿᵂ Zytue,0,0,30.14M,2.72M,680.4K,0,0,0
113,208198410,ᴿᵂintruglio,0,0,29.38M,7.19M,1.8M,0,0,0
114,208294913,inactiv3,0,0,31.6M,278.07K,69.52K,0,0,0
115,208313590,Jack メ Mengocok,0,0,27.54M,37.31K,9.33K,0,0,0
116,208560935,Milk 1,0,0,29.69M,2.62M,655.11K,0,0,0
117,208622212,Ulvsbane,0,0,35.35M,2.8M,699.84K,0,0,0
118,208630834,24 X҉  Mommy,0,0,26.32M,3.63M,907.18K,0,0,0
119,208756315,24 X҉  A Phàm,0,0,25.58M,448.61K,112.15K,0,0,0
120,208821197,ᴰᴾJoe Black,0,0,25.87M,1.8M,450.28K,0,0,0
121,208850800,24 X҉ 도주이득,0,0,27.74M,2.39M,598.41K,0,0,0
122,209007130,ᴿwmeowington,0,0,29.65M,7.44M,1.86M,0,0,0
123,209171610,ᵍˢ BÙM,0,0,26.96M,977.49K,244.37K,0,0,0
124,209294221,24X҉AlphaWolf,0,0,49.75M,2.47M,,0,0,0
125,209306575,Spartacus6,0,0,37.15M,7.1M,1.77M,0,0,0
126,209321704,HOTBEAST,0,0,33.42M,6.64M,1.66M,0,0,0
127,209482763,Éléna,0,0,30.63M,1.83M,457.65K,0,0,0
128,209502334,24 X҉WilliamQ8,0,0,45.57M,6.27M,,0,0,0
129,209506286,ˣˣ AMSTER,0,0,43.36M,2.18M,546.03K,0,0,0
130,209509609,Ryyysiek,0,0,30.13M,4.75M,1.19M,0,0,0
131,209527597,24 X҉ Klee,0,0,33.36M,6.55M,1.64M,0,0,0
132,209530219,24 X҉ SóiGià,0,0,38.37M,4.78M,1.19M,0,0,0
133,209531678,Crisssss,0,0,34.43M,4.96M,1.24M,0,0,0
134,209607393,柱 VeNdDeTtA,0,0,40.9M,7.61M,1.9M,0,0,0
135,209619554,ᴹᴰDoC OcK,0,0,40.98M,448.09K,112.02K,0,0,0
136,209620976,SUPERMANx,0,0,31.96M,6.44M,1.61M,0,0,0
137,209686553,ATN0Ghost,0,0,27.58M,3.42M,854.97K,0,0,0
138,209743364,Secteryum,0,0,28.74M,3.52M,880.8K,0,0,0
139,209756294,ᴰᴷREDER2502,0,0,27.77M,4.8M,1.2M,0,0,0
140,209829051,24 X҉ Hexxy,0,0,25.21M,3.7M,924.4K,0,0,0
141,209837031,24 X҉  ЫЫЫ,0,0,28.02M,4.81M,1.2M,0,0,0
142,209838834,Teung,0,0,31.01M,4.4M,1.1M,0,0,0
143,209853474,kurinin23,0,0,25.11M,986K,246.5K,0,0,0
144,209862206,ᴿᵂMCDragoon,0,0,34.54M,8.11M,2.03M,0,0,0
145,209875567,ᴬᵈDMAч1т,0,0,56.78M,10.43M,,0,0,0
146,209880966,24 X Blaze,0,0,51.87M,8.73M,,0,0,0
147,209905081,24X҉  TolganaC,0,0,40.54M,2.34M,584.24K,0,0,0
148,209924348,24 X҉ Fuzjaaa,0,0,29.15M,2.94M,736.01K,0,0,0
149,209926937,우라차차,0,0,29.5M,4.82M,1.21M,0,0,0
150,209927994,24 X҉  Visna,0,0,41.28M,6.9M,1.72M,0,0,0
151,209986084,maiconphieu,0,0,25.79M,5.6M,1.4M,0,0,0
152,210013615,ᴹᴰLadyVic,0,0,29.81M,1.5M,375.5K,0,0,0
153,210082550,KillerBeuty,0,0,26.35M,777.9K,194.47K,0,0,0
154,210101700,Jinozz,0,0,34.3M,6.69M,1.67M,0,0,0
155,210103821,24 X҉  dayday,0,0,33.75M,6.6M,1.65M,0,0,0
156,210142805,Olly25,0,0,26.95M,2.06M,516.22K,0,0,0
157,210151511,Snoww40,0,0,39.47M,5.18M,1.3M,0,0,0
158,210190324,Legend68,0,0,29.94M,11.55K,2.89K,0,0,0
159,210209380,King Bismarck,0,0,26.33M,4.11M,1.03M,0,0,0
160,210210393,Zhâk,0,0,29.42M,6.79M,1.7M,0,0,0
161,210213330,Ita city,0,0,32.22M,3.57M,893.21K,0,0,0
162,210218341,DEMId 01,0,0,28.7M,1.66M,415.85K,0,0,0
163,210225102,humilde manco,0,0,25.05M,6.45M,1.61M,0,0,0
164,210233153,ᴿᶠMixey911,0,0,35.06M,6.04M,1.51M,0,0,0
165,210254146,Алекс 2909,0,0,32.95M,5.06M,1.26M,0,0,0
166,210272139,Inf1n1ty,0,0,30.62M,3.94M,985.57K,0,0,0
167,210313245,24 X҉ ヅÖrökヅ,0,0,27.38M,1.7M,424.85K,0,0,0
168,210372642,NTThaSN,0,0,28.87M,6.27M,1.57M,0,0,0
169,210376950,NightStarr,0,0,26.56M,5.68M,1.42M,0,0,0
170,210394486,sencerbatur,0,0,29.24M,3.15M,787.6K,0,0,0
171,210422456,Mảngo,0,0,25.58M,3.19M,797.85K,0,0,0
172,210434155,Secte,0,0,31.38M,4.03M,1.01M,0,0,0
173,210435381,Supper Saiyan,0,0,25.53M,2.83M,706.98K,0,0,0
174,210443073,DMAферма,0,0,25.1M,2.46M,614.16K,0,0,0
175,210531865,Cyntra City,0,0,26.05M,2.57M,641.3K,0,0,0
176,210532839,Beelphegor,0,0,33.56M,8.34M,2.09M,0,0,0
177,210533310,Vates,0,0,32.45M,7.59M,1.9M,0,0,0
178,210539282,Scriptor,0,0,33.57M,7.87M,1.97M,0,0,0
179,210564758,lord ismail,0,0,30.29M,5.47M,1.37M,0,0,0
180,210622572,Radamanthys,0,0,31.1M,6.46M,1.61M,0,0,0
181,210661343,业๛ BREEZEメ,0,0,42.02M,5.48M,1.37M,0,0,0
182,210740345,Basiliscus,0,0,30.7M,7.64M,1.91M,0,0,0
183,210876904,Slim 15,0,0,28.91M,6.21M,1.55M,0,0,0
184,211557716,ᴰᴾCyanide,0,0,25.45M,4.28M,1.07M,0,0,0
185,211892788,ᶲJW4101 Farma,0,0,26.25M,3.78M,944.6K,0,0,0
186,212007469,Ulvsbane farm,0,0,28.33M,2.22M,554.84K,0,0,0
187,212579837,Xàmlông farm,0,0,27.01M,2.63M,657.3K,0,0,0
