Rank,ID,Name,DKP,KP,Power,Troop Power,T4 Kills,T5 Kills,Deads
1,204717819,RitheR,282.06M,57.41M,58.4M,14.24M,51.62M,16.27M,869.13M
2,209844407,Nick40,265.1M,22.3M,61.82M,12.89M,27.12M,13.81M,561.47M
3,204705520,Mì Xào Dưa,242.41M,59.68M,56.92M,7.78M,68.06M,28.3M,1.27B
4,208594000,Báolonf,216.1M,33.46M,57.19M,6.72M,84.71M,11.69M,1.15B
5,210133354,24 X҉  Zenith,188.05M,1.06M,50.28M,6.72M,24.48M,10.59M,463.21M
6,207787522,ᴿᵂAmidamaru,161.11M,3M,57.58M,10.2M,48.22M,8.91M,669.77M
7,205864876,BATYA,138.85M,655.88K,53.38M,8.01M,26.62M,14.78M,564.19M
8,204112961,ACôngNhânQN76,119.6M,1.15M,58.86M,19.66M,35.31M,9.31M,544.09M
9,203886048,24 X҉ CẩmVan,115.36M,42.75M,56.96M,8.77M,42.17M,8.34M,660.15M
10,207702281,24 X҉   Leoシ,104.38M,23.97M,47.44M,4.13M,44.07M,4.5M,583.06M
11,204480380,ȿȿ么SALADIN,99.14M,47.79M,48.66M,5.01M,23.52M,8.35M,425.98M
12,208208516,ᴿᵂBando,80.13M,38.56M,32.6M,3.77M,34.63M,3.96M,462.61M
13,207861650,ˣˣOldboy,77.03M,24.14M,58.5M,9.33M,66.24M,11.53M,995.32M
14,207682276,ˣˣOIdboy,74.73M,123.35M,61.89M,7.87M,47.13M,5.39M,719.27M
15,207653866,24 X҉ Gấu,74.29M,5.66M,40.94M,6.21M,17M,4.17M,263.81M
16,209750782,JoeLaTabaz,71.12M,12.47M,40.54M,7.33M,10.8M,5.68M,225.67M
17,209600107,LeONn,67.94M,1.91M,38.45M,4.13M,10.38M,5.52M,216.87M
18,204674520,VietSharks,67.79M,8.31M,66.43M,14.7M,29.29M,7.4M,463.16M
19,208179191,ᴿw dumbywumby,63.19M,25.85M,32.71M,4.23M,20.27M,2.57M,271.81M
20,203693698,ᴰʷ Vino limo,57.51M,11.04M,54.39M,8.24M,31.86M,5.47M,453.71M
21,207118372,Mamaboy123,53.47M,27.31M,34.75M,6.11M,29.94M,1.68M,380.08M
22,207317874,24 X҉ MONGOL,52.14M,4M,32.12M,3.28M,21.7M,1.9M,263.06M
23,209817323,ᴰᴷZORO GPS,51.27M,1.58M,34.58M,5.53M,8.96M,2.75M,169.9M
24,209645960,ZARIA,50.33M,4.17M,32.7M,4.81M,14.35M,3.53M,226.53M
25,208718417,TheinOo,44.42M,3.26M,32.94M,3.3M,7.19M,2.17M,124.5M
26,209530219,24 X҉ SóiGià,43.06M,32.38M,38.37M,4.78M,24.13M,3.25M,332.08M
27,209616823,ᴹᴰXrUsT,42.46M,897.39K,31.37M,1.97M,9.95M,2.95M,160.38M
28,209534514,24 X҉ Ney,41.55M,18.9M,33M,5.17M,22.34M,2.73M,313.31M
29,209569488,24 X҉ BaByHulk,41.36M,1.41M,50.9M,2.43M,13.53M,1.85M,221.39M
30,210262314,ᴮᴺGLE400,39.72M,1M,60.86M,11.64M,4.71M,2.56M,100.2M
31,210431963,24 X҉ vSharks,38.04M,3.43M,45.55M,7.25M,18.11M,594.32K,205.2M
32,207279889,24 X҉ DUMBLDOR,37.87M,3.98M,43.58M,2.09M,14.13M,814.27K,183.38M
33,210346486,todays 12,37.14M,411.2K,62.41M,14.83M,7.37M,3.35M,141.3M
34,207576224,24 X҉ Viona,36.66M,1.13M,40.7M,4.07M,10.63M,2.81M,168.23M
35,209875786,24 X҉  Malrin,34.42M,1.63M,40.51M,6.47M,9.51M,2.2M,145.31M
36,210482880,24 X҉  Slayer,33.8M,396.75K,34.64M,3.61M,6.09M,2.86M,123.74M
37,209435533,hiền hihi,32.8M,30.51M,36.96M,6.01M,10.5M,3.6M,185.49M
38,209527597,24 X҉ Klee,31.73M,785.29K,33.36M,6.55M,11.77M,1.98M,192.4M
39,207317722,iryshka,31.72M,17.73M,42.84M,5.81M,20.4M,2.65M,273.08M
40,211329312,石木,31.52M,169.99K,28.72M,3.87M,2.51M,1.71M,60.19M
41,208559123,Stflrs Mom,30.7M,1.38M,57.44M,9.19M,39.14M,4.66M,499.14M
42,207108248,HOY PINOY AKOヮ,30.36M,461.24K,25.77M,2.05M,8.87M,2.09M,132.72M
43,210049658,24 X҉ Lionhart,29.57M,11.85M,43M,1.43M,10.61M,2.55M,162.64M
44,209779749,ᴰᴷMajima,29.53M,716.48K,28.55M,3.34M,4.71M,1.45M,79.73M
45,209324904,TaonguoiVietNam,29.02M,8.59M,44.73M,2.24M,2.8M,1.31M,60.98M
46,207774760,KhôiLangThang,26.31M,4.61M,31.49M,2.03M,14.15M,1.05M,190.74M
47,210399713,Izzy the Great,25.12M,827.32K,38.79M,3.77M,8.86M,593.93K,133.04M
48,218982356,Lamnesik,23M,524.34K,30.76M,3.5M,3.3M,572.48K,47M
49,209853749,24TùgGấu,22.12M,1.48M,32.02M,2.36M,9.68M,949.95K,124.72M
50,207034573,24 X҉ HànLão,22M,6.38M,63.11M,12.3M,74.11M,11.98M,997.2M
51,210371729,24 X҉ xANGELx,21.8M,1.05M,27.69M,2.62M,14.39M,831.25K,187.86M
52,210417562,24 X҉   Redbud,21.7M,690.61K,35.44M,6.78M,6.68M,315.74K,76.25M
53,209333993,jaims cat,21.47M,1.15M,36.35M,646.08K,3.28M,401.28K,46.81M
54,208145473,Vicentuss,21.29M,435.54K,32.51M,4.46M,5.33M,362.36K,69.95M
55,210142805,Olly25,21.11M,324.64K,26.95M,2.06M,2.81M,374.29K,39.73M
56,210376336,24 X҉ Serelis,21.06M,463.78K,26.5M,3.54M,7.93M,1.47M,110.37M
57,209838770,24 X҉  ReDemon,20.37M,383.06K,40.33M,3.06M,1.98M,753.4K,37.33M
58,208195504,ᴿᵂ Zytue,18.89M,1.66M,30.14M,2.72M,1.92M,313.68K,28.58M
59,205078912,24 X҉ ACE,18.83M,13.21M,46.78M,4.48M,14.76M,1.6M,211.84M
60,208680184,Kutilkatak,18.77M,186.35K,27.5M,4.11M,1.88M,623.79K,31.47M
61,203945925,24 X҉ FramAce,18.36M,18.74M,39.71M,5.21M,17.18M,2.49M,246.21M
62,209043926,TOMBOYY,17.93M,1.55M,36.08M,5.55M,6.75M,1.83M,107.9M
63,209848443,ᴿᵂPalo4keee,17.45M,1.34M,27.53M,0,9.56M,84.25K,107.61M
64,210066323,Dâu tây cny,17.06M,1.12M,30.29M,6.99M,4.87M,324.74K,71.6M
65,210438552,24 X҉ PPPhúc,16.87M,2.06M,27.78M,4.2M,3.85M,1.25M,79.84M
66,210531865,Cyntra City,16.86M,296.52K,26.05M,2.57M,474.81K,173.1K,9.99M
67,207012251,MeowMeowMeowww,16.79M,96.88K,38.09M,3.21M,2.25M,374.65K,30.8M
68,210412615,methusala,16.36M,185.17K,31.78M,5.29M,4.16M,845.44K,58.85M
69,210434155,Secte,16.11M,18.65K,31.38M,4.03M,1.93M,76.19K,21.47M
70,209320692,ᴱᶻLelya Fm,14.61M,1.43M,29.3M,0,2.89M,200.77K,39.92M
71,210372799,24 CHEZCKO,14.48M,1.52M,29.38M,2.44M,1.53M,54.92K,21.7M
72,209743364,Secteryum,13.76M,1.54K,28.74M,3.52M,706.92K,68.26K,8.5M
73,209819561,MEDS21,13.72M,2.1M,30.77M,3.59M,8.76M,799.34K,114.22M
74,207933613,24 X҉ Sawakita,13.65M,1.03M,29.82M,6.52M,4.34M,1.08M,68.4M
75,207428704,ᶫʳБьёрн,13.61M,7.7M,31.69M,3.72M,12.96M,342.57K,139.41M
76,209788785,24 X҉ NVTboi,13.57M,7.61M,35.37M,2.55M,8.24M,1.19M,126.37M
77,209302826,1Vorobey1,13.57M,438.15K,41.28M,5.29M,4.19M,759.67K,58.3M
78,210293112,24 X҉ Prince,13.51M,12.87M,42.36M,4.2M,13.16M,699.22K,171.22M
79,209838834,Teung,12.9M,204.3K,31.01M,4.4M,2.82M,471.97K,38.55M
80,209323093,THE END rog,12.14M,2.86M,25M,877.72K,2.89M,691.65K,50.78M
81,208202264,KrazyBus,12.02M,883.48K,35.47M,3.06M,7.61M,913.1K,111.39M
82,210834790,Huyメ,11.89M,2.77M,27.08M,4.22M,2.72M,518.67K,43.85M
83,207786640,AMADIOHA,11.62M,2.37M,28.22M,2.1M,9.17M,411.79K,115.42M
84,210354561,ᴸnichii,10.95M,4.03M,28.06M,4.01M,10.12M,456.72K,117.81M
85,210213330,Ita city,10.87M,195.45K,32.22M,3.57M,643.47K,107.36K,9.69M
86,209880966,24 X Blaze,10.51M,1.41M,51.87M,8.73M,5.75M,1.43M,88.09M
87,207093369,24 X҉ FangYuan,10.43M,5.04M,43.6M,8.48M,13.58M,7.03M,279.34M
88,207037071,ᴳᵛChocolate,10.41M,1.44M,28.4M,68K,3.79M,895.83K,60.51M
89,206969476,24 X҉ Xatarê,10.14M,1.25M,36.15M,5.13M,8.39M,643.83K,111.43M
90,209875567,ᴬᵈDMAч1т,10.12M,473.5K,56.78M,10.43M,4.74M,1.01M,73.72M
91,208973298,24 X҉ AndiUmar,9.98M,2.95M,31.36M,4.53M,6.95M,553.63K,100.33M
92,208580783,24X҉Сиэль,9.92M,3M,28.61M,2.43M,13.1M,696.72K,156.43M
93,209345131,ᴰᴷCamaron,9.53M,1.03M,28.31M,2.49M,2.99M,326.69K,53.12M
94,210445136,Xàmlông,9.39M,647.39K,38.51M,5.66M,3.64M,365.71K,60.57M
95,208108254,Alex hub,9.35M,2.89M,36.01M,2.13M,31.08M,1.32M,347.37M
96,207032911,Nemezis1,9.04M,808.04K,42.35M,4.96M,2M,822.62K,38.13M
97,210422456,Mảngo,9M,283.19K,25.58M,3.19M,1.98M,230.91K,26.04M
98,208585387,Топoль,8.64M,5.79M,45.04M,6.59M,9.44M,234.16K,115.51M
99,207566610,LuffyOldfarm,8.44M,6.25M,31.81M,2.9M,6.28M,1.24M,91.2M
100,210166542,Abcdefin,8.24M,4.38M,30.92M,4.99M,3.96M,68.35K,62.69M
101,207270931,guardboy,8.22M,7.77M,35.31M,4.71M,11.88M,1.51M,168.54M
102,210101700,Jinozz,8M,1.54M,34.3M,6.69M,1.61M,191.67K,38.11M
103,209072763,ᶻᵒDungori,7.47M,7.67M,26.02M,1.95M,6.78M,320.19K,80.24M
104,208684612,ᶲJW4101,7.29M,391.04K,27.56M,2.66M,1.46M,169.08K,20.82M
105,209367234,øPositron,6.59M,1.73M,36.94M,1.49M,3.42M,505.2K,47.94M
106,208158335,24 X҉ HellSing,6.46M,1.41M,31.04M,2.41M,4.1M,168.6K,57.54M
107,210517889,babyb0y,6.03M,8.55M,35.83M,5.83M,12.1M,1.87M,179.31M
108,210233153,ᴿᶠMixey911,5.77M,1.04M,35.06M,6.04M,3.9M,538.56K,59.73M
109,209506286,ˣˣ AMSTER,5.63M,1.33M,43.36M,2.18M,9.5M,3.9M,177.19M
110,207014016,24 X҉ Jhoncewi,5.33M,788.28K,33.45M,5.16M,10.1M,795.41K,121.43M
111,210209380,King Bismarck,5.17M,1.71M,26.33M,4.11M,3.85M,97.42K,48.53M
112,209927994,24 X҉  Visna,5.03M,1.85M,41.28M,6.9M,4.69M,1.21M,83.58M
113,210437015,Almaspavlodar,5M,143.63K,26.33M,2.34M,426.95K,60.44K,5.59M
114,210661343,业๛ BREEZEメ,4.57M,58.65M,42.02M,5.48M,9.08M,532.55K,124.68M
115,210373350,ero3,4.27M,666.94K,30.01M,5.88M,1.27M,303.15K,23.29M
116,209007130,ᴿwmeowington,4.15M,6.92M,29.65M,7.44M,3.48M,90.4K,42.45M
117,210103821,24 X҉  dayday,3.78M,6.09M,33.75M,6.6M,4.26M,308.18K,51.87M
118,209756294,ᴰᴷREDER2502,3.48M,546.8K,27.77M,4.8M,2.31M,35.1K,26.47M
119,209944070,24X҉  PaTRoN46,3.45M,5.14M,34.47M,1.88M,9.36M,951.44K,123.04M
120,212491924,RedbudSupaFarm,3.4M,28.82K,31.28M,6.23M,594.54K,61.58K,7.74M
121,209756441,ᴰᴷllama2502,3.22M,387.82K,26.59M,4.55M,1.85M,136.41K,29.12M
122,209853474,kurinin23,3.14M,1.72M,25.11M,986K,1.12M,1.75K,18.61M
123,209862206,ᴿᵂMCDragoon,3M,124.39K,34.54M,8.11M,6.3M,278.6K,69.9M
124,210564758,lord ismail,2.97M,690.47K,30.29M,5.47M,2.02M,173.14K,25.37M
125,210151511,Snoww40,2.79M,141.25K,39.47M,5.18M,1.95M,827.11K,36.37M
126,207320759,LAPU  LAPU,2.51M,635.46K,29.44M,3.02M,330.28K,38.7K,7M
127,208762017,SP N,2.31M,1.19M,28.72M,6.4M,1.47M,136.32K,21.43M
128,213221751,24 X҉ vSharKs,2.3M,113.26K,31.72M,6.36M,2.86M,22.28K,29.76M
129,210372642,NTThaSN,2.25M,260.51K,28.87M,6.27M,3.72M,33.04K,41.92M
130,210373344,MrGazzz,1.56M,759.41K,26.02M,3.04M,1.33M,113.84K,20.82M
131,209306575,Spartacus6,1.44M,421.78K,37.15M,7.1M,8.45M,775.11K,102.82M
132,208630834,24 X҉  Mommy,1.39M,1.08M,26.32M,3.63M,8.15M,330.5K,91.6M
133,210740345,Basiliscus,1.34M,2.23K,30.7M,7.64M,657.94K,2.15K,6.64M
134,210533310,Vates,1.24M,54.73K,32.45M,7.59M,700.99K,1.26K,7.14M
135,208560935,Milk 1,1.2M,440.65K,29.69M,2.62M,948.28K,27.65K,11.59M
136,210622572,Radamanthys,1.12M,40.78K,31.1M,6.46M,612.06K,34.62K,7.16M
137,210532839,Beelphegor,1.09M,6.45K,33.56M,8.34M,714.15K,3.15K,7.3M
138,212007469,Ulvsbane farm,1.09M,35.32K,28.33M,2.22M,501.77K,55.71K,7.1M
139,211892788,ᶲJW4101 Farma,1.06M,157.31K,26.25M,3.78M,487.74K,26.67K,6.12M
140,210539282,Scriptor,967.8K,3.8K,33.57M,7.87M,636.76K,601,6.42M
141,210013615,ᴹᴰLadyVic,835.08K,549.64K,29.81M,1.5M,2.85M,469.51K,46.16M
142,210082550,KillerBeuty,742.97K,2.52M,26.35M,777.9K,2.76M,587.4K,50.83M
143,209686553,ATN0Ghost,656.66K,339.13K,27.58M,3.42M,986.78K,225.99K,18.82M
144,210225102,humilde manco,634.6K,125.03K,25.05M,6.45M,595.19K,41.6K,7.05M
145,208821197,ᴰᴾJoe Black,492.25K,237.21K,25.87M,1.8M,2.29M,47.08K,26.08M
146,208198410,ᴿᵂintruglio,418.83K,29.74K,29.38M,7.19M,1.59M,43.41K,17.4M
147,210490061,24 X҉ DuMuc,336.54K,7.4M,29.38M,1.5M,2.43M,288.83K,32.08M
148,206917763,solano,265.62K,1.09M,26.14M,1.71M,1.83M,147.97K,28.37M
149,210394486,sencerbatur,258.58K,255.01K,29.24M,3.15M,384.41K,41.93K,5.37M
150,209322462,ˣPoseidon,215.49K,907.48K,28.14M,3.11M,869.18K,21.57K,18.95M
151,211311750,Tопoль,186.47K,1.07M,26.71M,3.06M,501.22K,4.15K,7.92M
152,210218341,DEMId 01,152.93K,69.65K,28.7M,1.66M,347.85K,33.47K,4.47M
153,209986084,maiconphieu,126.45K,526.53K,25.79M,5.6M,110.23K,35.11K,2.19M
154,207742044,xxAgresif,117.28K,387.92K,30.81M,4.4M,5.7M,257.68K,65.31M
155,209171610,ᵍˢ BÙM,77.85K,2.49M,26.96M,977.49K,10.75M,770.2K,138.11M
156,209509609,Ryyysiek,11.6K,617.26K,30.13M,4.75M,1.98M,129.33K,31.66M
157,210435381,Supper Saiyan,2.46K,319.11K,25.53M,2.83M,428.25K,42.23K,7.37M
158,206974141,ᴳᴴKaiO,765,749.45K,30.53M,4.66M,4.8M,773.12K,66.16M
159,206949917,marious1990,0,1.36M,34.62M,1.53M,1.58M,98.58K,24.61M
160,208294913,inactiv3,0,157.79K,31.6M,278.07K,7.44M,722.93K,89.43M
161,208313590,Jack メ Mengocok,0,2.05M,27.54M,37.31K,17.54M,2.03M,221.29M
162,208622212,Ulvsbane,0,246.74K,35.35M,2.8M,1.52M,250.03K,21.14M
163,208756315,24 X҉  A Phàm,0,228.71K,25.58M,448.61K,3.4M,1.08M,56.33M
164,208850800,24 X҉ 도주이득,0,6.89M,27.74M,2.39M,4.71M,505.35K,71.25M
165,209294221,24X҉AlphaWolf,0,623.65K,49.75M,2.47M,3.36M,533.8K,49.63M
166,209321704,HOTBEAST,0,777.58K,33.42M,6.64M,2.82M,0,41.99M
167,209482763,Éléna,0,572.58K,30.63M,1.83M,2.79M,627.03K,44.71M
168,209502334,24 X҉WilliamQ8,0,739.63K,45.57M,6.27M,2.76M,307.39K,36.62M
169,209531678,Crisssss,0,96.83K,34.43M,4.96M,3.14M,1.09M,53.36M
170,209607393,柱 VeNdDeTtA,0,1.1M,40.9M,7.61M,8.35M,1.84M,122.67M
171,209619554,ᴹᴰDoC OcK,0,753.21K,40.98M,448.09K,8.23M,1.18M,109.22M
172,209620976,SUPERMANx,0,257.61K,31.96M,6.44M,981.03K,96.91K,13.43M
173,209829051,24 X҉ Hexxy,0,148.05K,25.21M,3.7M,3.89M,455.78K,49.43M
174,209837031,24 X҉  ЫЫЫ,0,159.15K,28.02M,4.81M,1.2M,180.61K,18.49M
175,209905081,24X҉  TolganaC,0,1.14M,40.54M,2.34M,5.23M,270.13K,62.35M
176,209924348,24 X҉ Fuzjaaa,0,762.06K,29.15M,2.94M,1.61M,266.26K,23.95M
177,209926937,우라차차,0,40.42K,29.5M,4.82M,21.17K,44.41K,1.79M
178,210190324,Legend68,0,628.11K,29.94M,11.55K,751.35K,70.82K,10.16M
179,210210393,Zhâk,0,370.45K,29.42M,6.79M,1.71M,95.36K,24.97M
180,210254146,Алекс 2909,0,362.56K,32.95M,5.06M,2.7M,126.58K,32.87M
181,210272139,Inf1n1ty,0,1.25M,30.62M,3.94M,11.6M,1.03M,148.54M
182,210313245,24 X҉ ヅÖrökヅ,0,155.05K,27.38M,1.7M,1.86M,219.89K,24.46M
183,210376950,NightStarr,0,66.75K,26.56M,5.68M,1.08M,73.03K,12.82M
184,210443073,DMAферма,0,8.78K,25.1M,2.46M,172.83K,0,2.15M
185,210876904,Slim 15,0,363.58K,28.91M,6.21M,3.13M,79.83K,34.95M
186,211557716,ᴰᴾCyanide,0,796.79K,25.45M,4.28M,2.95M,300.61K,41.2M
187,212579837,Xàmlông farm,0,14.85K,27.01M,2.63M,201.53K,3.47K,2.43M
