KP Rank,Governor ID,Governor Name,Power Delta,Troop Power Delta,Deaths Delta,Kill Points Delta,T1 Kills Delta,T2 Kills Delta,T3 Kills Delta,T4 Kills Delta,T5 Kills Delta,DKP Delta,Contribution Score
1,204705520,Pea 乄CG Nga,-1794136.0,-2441633.0,1229119.0,179125067.0,6014907.0,39084.0,4457.0,7991865.0,4895372.0,125681095.0,3.9942028985507245
2,204717819,RitheR,5637708.0,4726092.0,16.0,115324555.0,14724.0,20452.0,10814.0,4562457.0,3480644.0,75022105.0,3.692753623188406
3,210133354,24 X҉  Zenith,3028447.0,895628.0,77166.0,96112583.0,27258.0,2381.0,3490.0,4453653.0,2577594.0,61703835.0,3.8318840579710143
4,204112961,ACôngNhânQN76,857699.0,638200.0,17521.0,86569510.0,0.0,0.0,0.0,2805977.0,2925487.0,58087400.0,3.730434782608696
5,208594000,Báolonf,431906.0,-161442.0,31265.0,67445091.0,96456.0,45.0,0.0,1744537.0,2499017.0,46520590.0,3.747826086956522
6,209600107,LeONn,-200596.0,-1307748.0,354590.0,52380580.0,1.0,0.0,0.0,1483772.0,1877143.0,39121905.0,3.9014492753623187
7,204480380,ȿȿ么SALADIN,-1237065.0,-2269768.0,126880.0,45697665.0,3.0,0.0,41.0,1278602.0,1645574.0,32345420.0,3.831884057971015
8,203886048,24 X҉ CẩmVan,3086210.0,2983910.0,33889.0,43000170.0,0.0,0.0,0.0,921835.0,1689091.0,30284430.0,3.736231884057971
9,208208516,ᴿᵂBando,53356.0,-283584.0,139185.0,40878107.0,149862.0,1525.0,6.0,2839104.0,622701.0,24927885.0,3.7942028985507243
10,209530219,24 X҉ SóiGià,769626.0,-12477.0,487538.0,39912439.0,312.0,0.0,24114.0,805012.0,1588290.0,32724790.0,3.8927536231884057
11,207702281,24 X҉   Leoシ,1053294.0,-1068963.0,261213.0,37644129.0,41584.0,2756.0,5820.0,2157296.0,801703.0,25424155.0,3.846376811594203
12,210431963,24 X҉ vSharks,2170165.0,-214228.0,199415.0,33073070.0,0.0,0.0,0.0,3032571.0,137368.0,19217525.0,3.701449275362319
13,209844407,Nick40,3652832.0,2962396.0,75015.0,31782457.0,155253.0,32628.0,68330.0,1094535.0,1023374.0,21573435.0,3.756521739130435
14,207653866,24 X҉ Gấu,143793.0,-581368.0,153934.0,31700466.0,17059.0,5748.0,197.0,2081543.0,543467.0,20099060.0,3.7710144927536238
15,208179191,ᴿw dumbywumby,-1284675.0,-1699404.0,151765.0,30642988.0,230339.0,4143.0,5406.0,2078873.0,488914.0,19245725.0,3.7507246376811594
16,207317874,24 X҉ MONGOL,-887982.0,-1457136.0,126418.0,28109503.0,21634.0,4.0,2.0,1988858.0,410829.0,17370905.0,3.7130434782608694
17,207118372,DHieuメLily,1214031.0,-642944.0,63229.0,27386209.0,76664.0,72443.0,270220.0,2105149.0,254681.0,14978250.0,3.6231884057971016
18,210371729,24 X҉ xANGELx,1676975.0,333048.0,114816.0,25203899.0,14.0,0.0,254719.0,1902126.0,258188.0,14531610.0,3.660869565217392
19,207787522,ᴿᵂAmidamaru,769630.0,530180.0,0.0,24773020.0,0.0,0.0,0.0,1408918.0,534192.0,15057470.0,3.1768115942028983
20,209534514,24 X҉ Ney,-225268.0,-381573.0,32929.0,24506050.0,86169.0,39218.0,160.0,1131110.0,654932.0,15808820.0,3.6463768115942026
21,208559123,Stflrs Mom,237771.0,-690026.0,0.0,22748560.0,0.0,102.0,49.0,1350726.0,462045.0,13684305.0,3.139130434782609
22,209817323,ᴰᴷZORO GPS,1060513.0,-84712.0,216807.0,19815990.0,0.0,0.0,5.0,211063.0,885267.0,16502390.0,3.7797101449275363
23,207979381,24 X҉ MuguiBoy,5189886.0,5001086.0,117029.0,18792257.0,25.0,0.0,8.0,598112.0,640555.0,13769175.0,3.7043478260869565
24,209645960,24 X҉ RITSARD,525456.0,-581156.0,88772.0,18489194.0,2457.0,6563.0,4079.0,673590.0,586168.0,13048190.0,3.666666666666667
25,209876388,Şahinşahz,2433100.0,684044.0,2548.0,17567071.0,913.0,1.0,1319.0,1664657.0,45752.0,9035045.0,3.2840579710144926
26,203693698,ᴰʷ Vino limo,-1274468.0,-1434288.0,66588.0,16319810.0,2.0,0.0,0.0,326963.0,652509.0,12088330.0,3.6463768115942026
27,209779749,ᴰᴷMajima,122577.0,-1009488.0,654206.0,15524706.0,3463.0,6.0,3.0,414713.0,568843.0,17148270.0,3.7913043478260873
28,210482880,24 X҉  Slayer,458317.0,-78540.0,38358.0,15157245.0,12296.0,3853.0,0.0,585412.0,464648.0,10280360.0,3.542028985507246
29,207861650,ˣˣOldboy,269477.0,-455662.0,0.0,14991890.0,0.0,0.0,0.0,232471.0,633359.0,10662740.0,3.1246376811594203
30,209875786,24 X҉  Malrin,1358494.0,261948.0,9917.0,14969535.0,16075.0,0.0,0.0,357718.0,569457.0,10429615.0,3.4869565217391303
31,210602781,A K T,-411907.0,-720012.0,118996.0,14572611.0,146243.0,128204.0,171991.0,1141543.0,109178.0,8535345.0,3.5130434782608697
32,207108248,HOY PINOY AKOヮ,-3831492.0,-4616048.0,893344.0,14495770.0,947.0,0.0,0.0,448472.0,500543.0,18683945.0,3.7855072463768114
33,208718417,TheinOo,-434363.0,-786774.0,216245.0,13841622.0,1020260.0,6860.0,12190.0,379221.0,489144.0,11395715.0,3.67536231884058
34,209569488,24 X҉ BaByHulk,1248205.0,737638.0,106491.0,12600258.0,313.0,0.0,88064.0,738450.0,243172.0,8404740.0,3.542028985507246
35,207576224,24 X҉ Viona,82953.0,-894248.0,150483.0,12351653.0,1594.0,167.0,600.0,279732.0,477564.0,10066950.0,3.6144927536231886
36,210262314,ᴮᴺGLE400,3094802.0,915336.0,62163.0,10633240.0,0.0,0.0,0.0,184030.0,439647.0,8136485.0,3.5188405797101447
37,209324904,TaonguoiVietNam,-487134.0,-1518145.0,115023.0,9983162.0,12.0,0.0,0.0,314120.0,342098.0,7852300.0,3.5478260869565217
38,209750782,JoeLaTabaz,1289206.0,503548.0,31448.0,9779866.0,720.0,5677.0,4592.0,279056.0,347972.0,6929340.0,3.4463768115942033
39,211329312,石木,-1395815.0,-1925825.0,496860.0,9010793.0,297.0,0.0,141.0,282915.0,309051.0,11018940.0,3.663768115942029
40,204674520,CG Nga 乄 Pea,2105263.0,1151764.0,0.0,8847750.0,0.0,0.0,0.0,165599.0,359588.0,6221815.0,3.005797101449275
41,207682276,清君側,-422734.0,-579410.0,0.0,8506461.0,2006.0,0.0,0.0,519196.0,165705.0,5081555.0,2.942028985507246
42,207428704,ᶫʳБьёрн,466805.0,-289327.0,0.0,8381980.0,0.0,0.0,0.0,766464.0,35867.0,4370325.0,2.788405797101449
43,209043926,TOMBOYY,710890.0,391164.0,54650.0,7688268.0,178190.0,0.0,0.0,304659.0,230302.0,5524325.0,3.431884057971015
44,210399713,Izzy the Great,2258429.0,508625.0,32783.0,7445616.0,53829.0,0.0,0.0,300911.0,221287.0,5151690.0,3.388405797101449
45,210376336,24 X҉ Serelis,-164536.0,-334056.0,265678.0,7424584.0,18.0,0.0,0.0,327474.0,207492.0,7406530.0,3.5536231884057967
46,209323093,THE END rog,-568059.0,-884144.0,0.0,6241678.0,20.0,0.0,1.0,291559.0,166304.0,3952355.0,2.9101449275362317
47,210066323,Dâu tây cny,736687.0,398716.0,0.0,6052760.0,0.0,0.0,303250.0,463194.0,10391.0,2471835.0,2.6521739130434785
48,206969476,24 X҉ Xatarê,639172.0,82688.0,245155.0,6020279.0,396.0,5049.0,23.0,558097.0,21452.0,5563815.0,3.336231884057971
49,209527597,24 X҉ Klee,1829696.0,758700.0,0.0,5975690.0,0.0,0.0,0.0,179141.0,209214.0,4033915.0,2.9101449275362317
50,209880966,24 X Blaze,3400200.0,558252.0,0.0,5596330.0,0.0,0.0,0.0,44669.0,257482.0,4085575.0,2.9246376811594206
51,210392260,Governador210392260,-3234669.0,-3541012.0,1167288.0,5492704.0,4746.0,28289.0,385699.0,389238.0,0.0,13619070.0,3.082608695652174
52,210445136,Xàmlông,507832.0,38928.0,0.0,5306680.0,0.0,0.0,0.0,307196.0,111736.0,3212020.0,2.8492753623188407
53,207774760,KhôiLangThang,-327827.0,-650092.0,157443.0,4876218.0,4460.0,205.0,44.0,279434.0,104020.0,4531900.0,3.417391304347826
54,209756294,ᴰᴷREDER2502,1168460.0,22661.0,81247.0,4789490.0,0.0,0.0,0.0,478949.0,0.0,3207215.0,2.815942028985507
55,209756441,ᴰᴷllama2502,413515.0,-7249.0,10231.0,4618970.0,7623.0,145058.0,0.0,432733.0,0.0,2265975.0,2.6507246376811597
56,210441175,gaberner,-3745601.0,-4501540.0,1379492.0,4471207.0,29263.0,1822.0,865.0,200653.0,122586.0,16636975.0,3.640579710144927
57,210834790,Huyメ,1089692.0,303304.0,45222.0,4242597.0,382154.0,24528.0,7075.0,131661.0,138610.0,3189675.0,3.3072463768115945
58,209302826,1Vorobey1,1137184.0,643704.0,0.0,4201580.0,0.0,0.0,0.0,145860.0,137149.0,2786535.0,2.8231884057971013
59,207279889,24 X҉ DUMBLDOR,3425496.0,1747640.0,0.0,3846390.0,0.0,0.0,0.0,237065.0,73787.0,2292130.0,2.739130434782609
60,207786640,AMADIOHA,-66447.0,-114960.0,24602.0,3815657.0,2588.0,0.0,0.0,252318.0,64598.0,2476580.0,3.1536231884057973
61,208973298,24 X҉ AndiUmar,113479.0,58179.0,67703.0,3764981.0,4153.0,0.0,0.0,92313.0,142051.0,3269360.0,3.344927536231884
62,210438552,24 X҉ PPPhúc,-840220.0,-1075328.0,209490.0,3742232.0,0.0,0.0,126008.0,167218.0,78301.0,4105505.0,3.371014492753623
63,208585387,Топoль,1281430.0,362608.0,59460.0,3732227.0,760455.0,1831.0,61.0,273071.0,42276.0,2594095.0,3.1739130434782608
64,210049658,24 X҉ Lionhart,2012217.0,796272.0,0.0,3719390.0,0.0,0.0,0.0,46701.0,162619.0,2672790.0,2.8202898550724638
65,210354561,ᴸnichii,1063994.0,369408.0,32448.0,3624561.0,2.0,0.0,0.0,311540.0,25458.0,2264050.0,3.063768115942029
66,205078912,24 X҉ Bin,215464.0,220264.0,12289.0,3614010.0,1.0,0.0,0.0,136877.0,112262.0,2491205.0,3.1681159420289853
67,209838770,24 X҉  ReDemon,645812.0,-148096.0,302125.0,3464820.0,0.0,0.0,0.0,45894.0,150294.0,5505130.0,3.455072463768116
68,210166542,Abcdefin,851763.0,585428.0,0.0,3419834.0,0.0,0.0,87596.0,306223.0,361.0,1536530.0,2.5130434782608697
69,207122584,HOY PINOY FARM,-2794401.0,-2941438.0,914506.0,3412260.0,0.0,0.0,0.0,244842.0,48192.0,11092150.0,3.466666666666667
70,210346486,todays 12,1261112.0,1173112.0,0.0,3403920.0,0.0,0.0,0.0,64690.0,137851.0,2391215.0,2.7710144927536233
71,210142805,Olly25,-2016937.0,-2310950.0,871602.0,3391591.0,27535.0,6.0,3.0,139878.0,99364.0,10905870.0,3.5130434782608697
72,210531865,Cyntra City,515988.0,405288.0,3704.0,3316528.0,2240.0,0.0,0.0,181234.0,75187.0,2071015.0,3.0608695652173914
73,209838834,Teung,-1476716.0,-1619734.0,652990.0,3222240.0,2.0,0.0,0.0,83478.0,119373.0,8737885.0,3.4898550724637682
74,209819561,MEDS21,2115813.0,-283192.0,85272.0,3198439.0,1163.0,0.0,164.0,162057.0,78849.0,2845740.0,3.246376811594203
75,209616823,ᴹᴰXrUsT,858081.0,32696.0,85851.0,3061320.0,0.0,0.0,0.0,236272.0,34930.0,2563820.0,3.1478260869565218
76,208580783,24X҉Сиэль,-633207.0,-1089593.0,400627.0,3018269.0,413.0,0.0,74.0,136033.0,82878.0,5929605.0,3.4000000000000004
77,209345131,ᴰᴷCamaron,102305.0,-201408.0,0.0,2976628.0,0.0,0.0,344072.0,147458.0,6288.0,831610.0,2.4579710144927533
78,218982356,Lamnesik,1699083.0,328980.0,14954.0,2896436.0,6130.0,0.0,0.0,137877.0,75822.0,1976255.0,3.0724637681159424
79,208195504,ᴿᵂ Zytue,-75383.0,-213768.0,99348.0,2847277.0,15584.0,0.0,0.0,100524.0,91946.0,2875290.0,3.2550724637681157
80,210293112,24 X҉ Prince,-19282.0,-117276.0,28889.0,2816847.0,301326.0,16790.0,9303.0,169501.0,49539.0,1879480.0,3.057971014492754
81,207317722,iryshka,2687276.0,630368.0,22558.0,2665710.0,0.0,0.0,0.0,81037.0,92767.0,2022270.0,3.0956521739130434
82,210422456,Mảngo,-90753.0,-748913.0,474321.0,2546940.0,50.0,0.0,0.0,178055.0,38319.0,6208270.0,3.3115942028985508
83,205864876,BATYA,1487802.0,1207266.0,1591.0,2360270.0,0.0,0.0,0.0,124311.0,55858.0,1475335.0,2.9768115942028985
84,209927994,24 X҉  Visna,723199.0,477636.0,0.0,2328120.0,0.0,0.0,0.0,38138.0,97337.0,1650745.0,2.6666666666666665
85,210051564,ᴰᴷMatri214,205484.0,-353429.0,19676.0,2278440.0,0.0,0.0,107960.0,138994.0,22833.0,1234225.0,2.9275362318840576
86,208680184,Kutilkatak,-3514464.0,-3876457.0,1279814.0,2263620.0,0.0,0.0,0.0,6548.0,109907.0,14479485.0,3.5217391304347827
87,207933613,24 X҉ Sawakita,-195264.0,-335928.0,45655.0,2245656.0,0.0,0.0,4.0,86376.0,69094.0,1924840.0,3.0956521739130434
88,210412615,methusala,449761.0,28152.0,221.0,2150341.0,446.0,0.0,8.0,54520.0,80251.0,1478575.0,2.9913043478260866
89,208684612,ᶲJW4101,766178.0,232552.0,10080.0,2104758.0,0.0,0.0,7.0,179483.0,15495.0,1230640.0,2.869565217391304
90,213221751,24 X҉ vSharKs,1677274.0,594108.0,0.0,2082520.0,0.0,0.0,0.0,208252.0,0.0,1041260.0,2.1028985507246376
91,209853749,24TùgGấu,145996.0,-37320.0,0.0,1966890.0,1.0,0.0,0.0,124699.0,35995.0,1163420.0,2.527536231884058
92,210213330,Ita city,-2782782.0,-3807917.0,948207.0,1953030.0,0.0,0.0,0.0,29405.0,82949.0,10873330.0,3.4463768115942033
93,210377379,Arhitet lll SL,1554399.0,164564.0,67311.0,1949750.0,216772.0,568019.0,173272.0,7727.0,0.0,711745.0,2.5434782608695654
94,208108254,Alex hub,78251.0,-685600.0,166733.0,1939882.0,0.0,0.0,3.0,91939.0,51024.0,2892385.0,3.2144927536231886
95,209449139,ᶜᵍDextrixs,-470960.0,-580078.0,0.0,1925179.0,1025056.0,16963.0,128283.0,117311.0,0.0,586555.0,2.0304347826086957
96,210434155,Secte,1392537.0,334000.0,0.0,1841990.0,0.0,0.0,0.0,182077.0,1061.0,926300.0,2.397101449275362
97,210084771,Bshusttt,-684325.0,-1243696.0,478627.0,1824922.0,0.0,0.0,443.0,99509.0,41403.0,5904860.0,3.269565217391304
98,209858345,Loki  ツ,-2562108.0,-2573054.0,805518.0,1717120.0,0.0,0.0,0.0,73258.0,49227.0,9159875.0,3.3536231884057974
99,210417562,24 X҉   Redbud,866734.0,336139.0,46370.0,1632610.0,0.0,0.0,0.0,102783.0,30239.0,1431200.0,2.9623188405797105
100,209306575,Spartacus6,345310.0,216610.0,24523.0,1622520.0,1.0,0.0,0.0,56336.0,52958.0,1321280.0,2.9681159420289855
101,207069617,OdinRagnarok,-4060013.0,-4095041.0,617067.0,1575875.0,166.0,1.0,0.0,69850.0,43867.0,7177925.0,3.28695652173913
102,209743364,Secteryum,1245236.0,145904.0,57956.0,1505460.0,0.0,0.0,0.0,132640.0,8953.0,1377055.0,2.913043478260869
103,210233153,ᴿᶠMixey911,2061272.0,577236.0,26122.0,1497846.0,188.0,1541.0,2269.0,92671.0,27947.0,1143780.0,2.8869565217391306
104,209007130,ᴿwmeowington,317479.0,120024.0,0.0,1431990.0,0.0,0.0,0.0,143199.0,0.0,715995.0,2.0217391304347827
105,208145473,Vicentuss,1047382.0,-224048.0,159198.0,1340230.0,0.0,0.0,0.0,22075.0,55974.0,2541965.0,3.165217391304348
106,207012251,MeowMeowMeowww,1630184.0,354440.0,8390.0,1279250.0,0.0,0.0,0.0,33253.0,47336.0,960205.0,2.8695652173913047
107,210564758,lord ismail,76695.0,-229933.0,9995.0,1236065.0,318.0,91.0,0.0,22038.0,50772.0,971720.0,2.889855072463768
108,207270931,guardboy,-4655.0,-522412.0,0.0,1181060.0,0.0,0.0,0.0,23748.0,47179.0,826425.0,2.472463768115942
109,210225102,humilde manco,429464.0,415864.0,0.0,1178720.0,0.0,0.0,0.0,117872.0,0.0,589360.0,1.9927536231884058
110,210082550,KillerBeuty,378891.0,323341.0,27985.0,1142515.0,90924.0,31200.0,33925.0,92623.0,0.0,742965.0,2.433333333333333
111,209788785,24 X҉ NVTboi,632258.0,83724.0,0.0,1137894.0,66169.0,0.0,0.0,62.0,56202.0,843340.0,2.5014492753623188
112,209944070,24X҉  PaTRoN46,581209.0,414192.0,0.0,1133191.0,19204.0,0.0,0.0,17487.0,47724.0,803295.0,2.463768115942029
113,209343632,Shinjimae,-2269102.0,-2633512.0,776644.0,1127616.0,0.0,763.0,0.0,112609.0,0.0,8329485.0,2.836231884057971
114,210740345,Basiliscus,1455477.0,403156.0,0.0,1107260.0,0.0,0.0,0.0,110726.0,0.0,553630.0,1.9695652173913043
115,210533310,Vates,1822825.0,415136.0,0.0,1070470.0,0.0,0.0,0.0,107047.0,0.0,535235.0,1.963768115942029
116,208821197,ᴰᴾJoe Black,890220.0,351694.0,0.0,1011481.0,51584.0,8337.0,0.0,98449.0,0.0,492245.0,1.9434782608695649
117,210532839,Beelphegor,1658955.0,403508.0,0.0,988980.0,0.0,0.0,0.0,98898.0,0.0,494490.0,1.9434782608695653
118,210418063,ESKAY FUN,-319734.0,-308457.0,41701.0,984536.0,0.0,0.0,76819.0,67726.0,0.0,755640.0,2.442028985507246
119,210209380,King Bismarck,945333.0,348884.0,104.0,971470.0,0.0,0.0,0.0,82519.0,7314.0,523345.0,2.646376811594203
120,210301764,TVRI mongos,223847.0,-918.0,35136.0,963581.0,483.0,9.0,4.0,81919.0,7213.0,869150.0,2.7942028985507243
121,210401075,VoidAlbion,1014780.0,319604.0,0.0,962050.0,0.0,0.0,0.0,7209.0,44498.0,703515.0,2.4057971014492754
122,207032911,Nemezis1,630971.0,-70876.0,110939.0,945556.0,2.0,0.0,4.0,31364.0,31595.0,1740135.0,2.971014492753623
123,210622572,Radamanthys,1193804.0,406136.0,0.0,938810.0,0.0,0.0,0.0,93881.0,0.0,469405.0,1.9173913043478261
124,210383699,Le Rose,908314.0,494240.0,10155.0,935833.0,9068.0,65443.0,90126.0,44263.0,0.0,322865.0,2.282608695652174
125,209435533,hiền hihi,578922.0,553672.0,0.0,879400.0,0.0,0.0,0.0,11302.0,38319.0,631295.0,2.3782608695652177
126,210011584,martzyy,123932.0,-705185.0,394755.0,863710.0,0.0,0.0,0.0,48783.0,18794.0,4473375.0,3.110144927536232
127,208762017,SP N,1916951.0,552800.0,0.0,859870.0,0.0,0.0,0.0,62611.0,11688.0,488375.0,2.269565217391304
128,209862206,ᴿᵂMCDragoon,761836.0,-116036.0,0.0,841490.0,0.0,0.0,0.0,16695.0,33727.0,589380.0,2.347826086956522
129,210103821,24 X҉  dayday,944225.0,311776.0,7259.0,810543.0,15964.0,0.0,0.0,43457.0,18639.0,569460.0,2.681159420289855
130,209686553,ATN0Ghost,1384566.0,552400.0,0.0,796508.0,11.0,58.0,125.0,51835.0,13877.0,467330.0,2.260869565217391
131,214011851,ᴰᴷGuerrero,1824926.0,712393.0,0.0,779460.0,0.0,0.0,0.0,77946.0,0.0,389730.0,1.8855072463768117
132,211892788,ᶲJW4101 Farma,296540.0,249940.0,0.0,773688.0,14540.0,0.0,0.0,77078.0,0.0,385390.0,1.8797101449275364
133,210539282,Scriptor,2143321.0,421368.0,0.0,762590.0,0.0,0.0,0.0,76259.0,0.0,381295.0,1.873913043478261
134,209333993,jaims cat,421647.0,-215726.0,25168.0,754460.0,0.0,0.0,0.0,7646.0,33900.0,798410.0,2.773913043478261
135,208280099,Maggies Farm,-1113784.0,-1113784.0,339342.0,742711.0,16234.0,0.0,3746.0,72448.0,0.0,3755660.0,2.6768115942028983
136,208966369,24 X҉ MONGOLIY,-203252.0,-238652.0,62367.0,733250.0,0.0,0.0,0.0,73325.0,0.0,990295.0,2.4507246376811596
137,210740875,ShaKierA,270054.0,60900.0,0.0,716505.0,168934.0,32952.0,127556.0,10659.0,0.0,53295.0,1.8159420289855075
138,208630834,24 X҉  Mommy,439620.0,419920.0,0.0,703800.0,0.0,0.0,0.0,0.0,35190.0,527850.0,2.310144927536232
139,210913126,ᴿᵂKingOfWar,694219.0,2772.0,0.0,661110.0,0.0,0.0,0.0,21237.0,22437.0,442740.0,2.255072463768116
140,209996542,ceu A team,241701.0,-19096.0,0.0,618500.0,0.0,0.0,0.0,61850.0,0.0,309250.0,1.847826086956522
141,209868020,KabouterKenny,1391798.0,105900.0,0.0,615060.0,0.0,0.0,0.0,61506.0,0.0,307530.0,1.8420289855072463
142,210372799,24 CHEZCKO,1430053.0,410321.0,26202.0,523726.0,418103.0,2748.0,5545.0,25817.0,7713.0,506800.0,2.649275362318841
143,208158335,24 X҉ HellSing,-1063405.0,-1215660.0,190667.0,505072.0,0.0,0.0,3.0,36608.0,6949.0,2193945.0,2.9043478260869566
144,210437015,Almaspavlodar,-2021135.0,-2998240.0,248829.0,485020.0,0.0,0.0,0.0,15712.0,16395.0,2812775.0,2.994202898550725
145,210661343,业๛ BREEZEメ,1784774.0,39680.0,51095.0,446850.0,0.0,0.0,0.0,20669.0,12008.0,794415.0,2.744927536231884
146,209351255,López1,876128.0,333200.0,0.0,380220.0,0.0,0.0,0.0,6470.0,15776.0,268990.0,2.1999999999999997
147,210394588,24 X҉ Tường,1352596.0,724800.0,0.0,367350.0,0.0,0.0,0.0,6867.0,14934.0,258345.0,2.1884057971014492
148,209873558,ᴬᴸRomen228,1364530.0,437896.0,0.0,317150.0,0.0,0.0,0.0,31715.0,0.0,158575.0,1.8130434782608698
149,209853474,kurinin23,-588987.0,-717107.0,2780.0,313299.0,12468.0,23115.0,8719.0,22970.0,0.0,142650.0,2.1666666666666665
150,210253567,Bad papа,-829120.0,-829120.0,0.0,250560.0,0.0,0.0,0.0,25056.0,0.0,125280.0,1.7927536231884058
151,210229272,Kandamiala,812681.0,265544.0,0.0,208460.0,0.0,0.0,0.0,804.0,10021.0,154335.0,2.1536231884057973
152,210373350,ero3,1385239.0,432432.0,0.0,187380.0,0.0,0.0,0.0,9652.0,4543.0,116405.0,2.118840579710145
153,209171610,ᵍˢ BÙM,-150401.0,-400549.0,0.0,155700.0,0.0,0.0,0.0,15570.0,0.0,77850.0,1.7782608695652176
154,209367234,øPositron,2623556.0,1281312.0,0.0,99620.0,0.0,0.0,0.0,1612.0,4175.0,70685.0,2.104347826086957
155,212491924,RedbudSupaFarm,661013.0,342372.0,0.0,93310.0,0.0,0.0,0.0,9331.0,0.0,46655.0,1.7608695652173914
156,209986084,maiconphieu,206591.0,65335.0,12645.0,81849.0,409245.0,0.0,0.0,0.0,0.0,126450.0,2.172463768115942
157,210218341,DEMId 01,265230.0,265230.0,0.0,75840.0,0.0,0.0,0.0,0.0,3792.0,56880.0,2.089855072463768
158,210387001,Cá161691,455339.0,285359.0,0.0,73290.0,0.0,0.0,0.0,7329.0,0.0,36645.0,1.7492753623188406
159,210416523,saraiba,-386094.0,-386094.0,47394.0,56240.0,0.0,0.0,0.0,5624.0,0.0,502060.0,2.291304347826087
160,209848443,ᴿᵂPalo4keee,1219148.0,534540.0,0.0,46350.0,0.0,0.0,0.0,4635.0,0.0,23175.0,1.7376811594202897
161,210269601,KLUYUTᶻ,1318688.0,311768.0,0.0,40850.0,0.0,0.0,0.0,903.0,1591.0,28380.0,2.063768115942029
162,207777450,See ya guys,0.0,0.0,0.0,37332.0,3488.0,0.0,2246.0,2765.0,0.0,13825.0,1.717391304347826
163,210101700,Jinozz,1812863.0,768672.0,0.0,33550.0,0.0,0.0,0.0,3355.0,0.0,16775.0,1.7260869565217392
164,211311750,Tопoль,2755091.0,556557.0,0.0,33160.0,1.0,0.0,0.0,3316.0,0.0,16580.0,1.720289855072464
165,210426322,Thức zin,930931.0,246000.0,0.0,32910.0,0.0,0.0,0.0,3291.0,0.0,16455.0,1.7144927536231882
166,210401179,The HitMan,1055961.0,219549.0,14339.0,28690.0,0.0,0.0,0.0,2869.0,0.0,157735.0,2.155072463768116
167,209509609,Ryyysiek,328911.0,290348.0,0.0,23190.0,0.0,0.0,0.0,2319.0,0.0,11595.0,1.7000000000000002
168,207688109,RWxLoneStar,0.0,0.0,0.0,20660.0,0.0,0.0,0.0,0.0,1033.0,15495.0,2.0231884057971015
169,210400494,Kenzie Jr,839821.0,419065.0,0.0,9680.0,0.0,0.0,0.0,968.0,0.0,4840.0,1.6913043478260872
170,210376408,Le Venin,849917.0,578000.0,0.0,8800.0,0.0,0.0,0.0,880.0,0.0,4400.0,1.6855072463768113
171,209320692,ᴱᶻLelya Fm,707016.0,650016.0,0.0,4820.0,0.0,0.0,0.0,482.0,0.0,2410.0,1.6797101449275362
172,209072763,ᶻᵒDungori,1028614.0,589499.0,0.0,3080.0,0.0,0.0,0.0,12.0,148.0,2280.0,1.9884057971014493
173,209806538,ANNY20,1202705.0,312800.0,0.0,2570.0,0.0,0.0,0.0,257.0,0.0,1285.0,1.6681159420289853
174,208202264,KrazyBus,340805.0,188400.0,0.0,1463.0,7318.0,0.0,0.0,0.0,0.0,0.0,1.4115942028985509
175,207034573,24 X҉ HànLão,3216200.0,3214200.0,0.0,100.0,0.0,0.0,0.0,10.0,0.0,50.0,1.6594202898550727
176,210864248,EvilDoggy,546513.0,156900.0,0.0,11.0,3.0,0.0,0.0,1.0,0.0,5.0,1.653623188405797
177,210479418,Sulaymãn,1030344.0,250252.0,0.0,0.0,0.0,0.0,0.0,0.0,0.0,0.0,1.1594202898550725
178,209905253,OsmanGazi001,893572.0,51200.0,0.0,0.0,0.0,0.0,0.0,0.0,0.0,0.0,1.1594202898550725
179,208591011,24 X҉ hetcuu,0.0,0.0,0.0,0.0,0.0,0.0,0.0,0.0,0.0,0.0,1.1594202898550725
180,210387027,Zexion12,483596.0,237784.0,0.0,0.0,0.0,0.0,0.0,0.0,0.0,0.0,1.1594202898550725
181,209294221,24X҉AlphaWolf,2455463.0,2421400.0,0.0,0.0,0.0,0.0,0.0,0.0,0.0,0.0,1.1594202898550725
182,210161055,LwPungarabatito,227987.0,3164.0,0.0,0.0,0.0,0.0,0.0,0.0,0.0,0.0,1.1594202898550725
183,210679087,Mitsumia,0.0,0.0,0.0,0.0,0.0,0.0,0.0,0.0,0.0,0.0,1.1594202898550725
184,210435378,Ади2018,295190.0,295190.0,0.0,0.0,0.0,0.0,0.0,0.0,0.0,0.0,1.1594202898550725
185,88840313,Sir lickmapalls,590479.0,590479.0,0.0,0.0,0.0,0.0,0.0,0.0,0.0,0.0,1.1594202898550725
186,210331620,24 X҉스웨덴세탁소,0.0,0.0,0.0,0.0,0.0,0.0,0.0,0.0,0.0,0.0,1.1594202898550725
187,209502334,24 X҉WilliamQ8,0.0,0.0,0.0,0.0,0.0,0.0,0.0,0.0,0.0,0.0,1.1594202898550725
188,209506286,ˣˣ AMSTER,946236.0,334000.0,0.0,0.0,0.0,0.0,0.0,0.0,0.0,0.0,1.1594202898550725
189,209607393,柱 VeNdDeTtA,0.0,0.0,0.0,0.0,0.0,0.0,0.0,0.0,0.0,0.0,1.1594202898550725
190,209905081,24X҉  TolganaC,-3263.0,-3263.0,0.0,0.0,0.0,0.0,0.0,0.0,0.0,0.0,1.1594202898550725
191,203945925,24 X҉   Bin,628750.0,239352.0,0.0,0.0,0.0,0.0,0.0,0.0,0.0,0.0,1.1594202898550725
192,210151511,Snoww40,-575463.0,-1253617.0,0.0,0.0,0.0,0.0,0.0,0.0,0.0,0.0,1.1594202898550725
193,208575530,ᶲSentient,0.0,0.0,0.0,0.0,0.0,0.0,0.0,0.0,0.0,0.0,1.1594202898550725
194,206917763,solano,594039.0,333126.0,0.0,0.0,0.0,0.0,0.0,0.0,0.0,0.0,1.1594202898550725
195,210432369,Lệnh Hồ 55,0.0,0.0,0.0,0.0,0.0,0.0,0.0,0.0,0.0,0.0,1.1594202898550725
196,210376950,NightStarr,128500.0,128500.0,0.0,0.0,0.0,0.0,0.0,0.0,0.0,0.0,1.1594202898550725
197,212579837,Linh huu,535331.0,346800.0,0.0,0.0,0.0,0.0,0.0,0.0,0.0,0.0,1.1594202898550725
198,210313245,24 X҉ ヅÖrökヅ,22100.0,22100.0,0.0,0.0,0.0,0.0,0.0,0.0,0.0,0.0,1.1594202898550725
199,210013615,ᴹᴰLadyVic,865586.0,578200.0,0.0,0.0,0.0,0.0,0.0,0.0,0.0,0.0,1.1594202898550725
200,210490061,24 X҉ DuMuc,1675412.0,1515157.0,0.0,0.0,0.0,0.0,0.0,0.0,0.0,0.0,1.1594202898550725
201,210210393,Zhâk,659524.0,548964.0,0.0,0.0,0.0,0.0,0.0,0.0,0.0,0.0,1.1594202898550725
202,209926937,우라차차,733948.0,204000.0,0.0,0.0,0.0,0.0,0.0,0.0,0.0,0.0,1.1594202898550725
203,210394486,sencerbatur,1808372.0,711210.0,0.0,0.0,0.0,0.0,0.0,0.0,0.0,0.0,1.1594202898550725
204,208850800,24 X҉ 도주이득,26000.0,26000.0,0.0,0.0,0.0,0.0,0.0,0.0,0.0,0.0,1.1594202898550725
205,209762988,ᴰᵀŞahmar,0.0,0.0,0.0,0.0,0.0,0.0,0.0,0.0,0.0,0.0,1.1594202898550725
206,209446165,Dungori famr,217600.0,120228.0,0.0,0.0,0.0,0.0,0.0,0.0,0.0,0.0,1.1594202898550725
207,210806310,Natcho 2,0.0,0.0,0.0,0.0,0.0,0.0,0.0,0.0,0.0,0.0,1.1594202898550725
208,210405263,GhostLider69,223990.0,57340.0,0.0,0.0,0.0,0.0,0.0,0.0,0.0,0.0,1.1594202898550725
209,210210212,Шамс 7х7,281210.0,98448.0,0.0,0.0,0.0,0.0,0.0,0.0,0.0,0.0,1.1594202898550725
210,210258071,znic,0.0,0.0,0.0,0.0,0.0,0.0,0.0,0.0,0.0,0.0,1.1594202898550725
211,209870099,24 X҉ 4uTeP,0.0,0.0,0.0,0.0,0.0,0.0,0.0,0.0,0.0,0.0,1.1594202898550725
212,210429723,VeeYisusS,1140488.0,131068.0,0.0,0.0,0.0,0.0,0.0,0.0,0.0,0.0,1.1594202898550725
213,210886935,Slayеr,184400.0,179200.0,0.0,0.0,0.0,0.0,0.0,0.0,0.0,0.0,1.1594202898550725
214,209366827,NanuCosta,139897.0,54400.0,0.0,0.0,0.0,0.0,0.0,0.0,0.0,0.0,1.1594202898550725
215,208635818,SHAQapprentice,624576.0,563448.0,0.0,0.0,0.0,0.0,0.0,0.0,0.0,0.0,1.1594202898550725
216,210399406,beastinc9ming,1230548.0,271200.0,0.0,0.0,0.0,0.0,0.0,0.0,0.0,0.0,1.1594202898550725
217,210406925,kishmish1,0.0,0.0,0.0,0.0,0.0,0.0,0.0,0.0,0.0,0.0,1.1594202898550725
218,210744133,Dirtyguido,32000.0,32000.0,0.0,0.0,0.0,0.0,0.0,0.0,0.0,0.0,1.1594202898550725
219,209924348,24 X҉ Fuzjaaa,0.0,0.0,0.0,0.0,0.0,0.0,0.0,0.0,0.0,0.0,1.1594202898550725
220,206974141,ᴳᴴKaiO,609263.0,184468.0,0.0,0.0,0.0,0.0,0.0,0.0,0.0,0.0,1.1594202898550725
221,208198410,ᴿᵂintruglio,72000.0,73600.0,0.0,0.0,0.0,0.0,0.0,0.0,0.0,0.0,1.1594202898550725
222,210395883,24 X҉ AsFari,0.0,0.0,0.0,0.0,0.0,0.0,0.0,0.0,0.0,0.0,1.1594202898550725
223,210372642,NTThaSN,1068538.0,225866.0,0.0,0.0,0.0,0.0,0.0,0.0,0.0,0.0,1.1594202898550725
224,209938736,ᴮᴺAquemini,0.0,0.0,0.0,0.0,0.0,0.0,0.0,0.0,0.0,0.0,1.1594202898550725
225,209890750,Elephent,0.0,0.0,0.0,0.0,0.0,0.0,0.0,0.0,0.0,0.0,1.1594202898550725
226,210876904,Slim 15,937477.0,252352.0,0.0,0.0,0.0,0.0,0.0,0.0,0.0,0.0,1.1594202898550725
227,208560935,Milk 1,821057.0,376000.0,0.0,0.0,0.0,0.0,0.0,0.0,0.0,0.0,1.1594202898550725
228,212007469,Ulvsbane farm,893936.0,382956.0,0.0,0.0,0.0,0.0,0.0,0.0,0.0,0.0,1.1594202898550725
229,209837031,24 X҉  ЫЫЫ,47726.0,27618.0,0.0,0.0,0.0,0.0,0.0,0.0,0.0,0.0,1.1594202898550725
230,208313590,Jack メ Mengocok,1484.0,1484.0,0.0,0.0,0.0,0.0,0.0,0.0,0.0,0.0,1.1594202898550725
231,207682854,24 X҉ Nina,194252.0,151989.0,0.0,0.0,0.0,0.0,0.0,0.0,0.0,0.0,1.1594202898550725
232,210190324,Legend68,43169.0,10746.0,0.0,0.0,0.0,0.0,0.0,0.0,0.0,0.0,1.1594202898550725
233,207320759,LAPU  LAPU,421702.0,307852.0,0.0,0.0,0.0,0.0,0.0,0.0,0.0,0.0,1.1594202898550725
234,209861963,ᴿᵂAlex,253800.0,252500.0,0.0,0.0,0.0,0.0,0.0,0.0,0.0,0.0,1.1594202898550725
235,209906026,24 X҉   Tuấn,0.0,0.0,0.0,0.0,0.0,0.0,0.0,0.0,0.0,0.0,1.1594202898550725
236,208756315,24 X҉  A Phàm,0.0,0.0,0.0,0.0,0.0,0.0,0.0,0.0,0.0,0.0,1.1594202898550725
237,209829051,24 X҉ Hexxy,0.0,0.0,0.0,0.0,0.0,0.0,0.0,0.0,0.0,0.0,1.1594202898550725
238,211557716,ᴰᴾCyanide,1793420.0,317600.0,0.0,0.0,0.0,0.0,0.0,0.0,0.0,0.0,1.1594202898550725
239,210428942,Solo is Here,307102.0,27512.0,0.0,0.0,0.0,0.0,0.0,0.0,0.0,0.0,1.1594202898550725
240,210373344,MrGazzz,1080107.0,289795.0,0.0,0.0,0.0,0.0,0.0,0.0,0.0,0.0,1.1594202898550725
241,210944394,xThanhLong,374232.0,272792.0,0.0,0.0,0.0,0.0,0.0,0.0,0.0,0.0,1.1594202898550725
242,209482763,Éléna,212376.0,209976.0,0.0,0.0,0.0,0.0,0.0,0.0,0.0,0.0,1.1594202898550725
243,210443073,DMAферма,330537.0,135200.0,0.0,0.0,0.0,0.0,0.0,0.0,0.0,0.0,1.1594202898550725
244,210834666,harryg91,1953573.0,192384.0,0.0,0.0,0.0,0.0,0.0,0.0,0.0,0.0,1.1594202898550725
245,210900267,LORD ZEE 1,32000.0,32000.0,0.0,0.0,0.0,0.0,0.0,0.0,0.0,0.0,1.1594202898550725
246,209250126,24 X҉   Sharky,0.0,0.0,0.0,0.0,0.0,0.0,0.0,0.0,0.0,0.0,1.1594202898550725
247,210435381,Supper Saiyan,755662.0,505892.0,0.0,0.0,0.0,0.0,0.0,0.0,0.0,0.0,1.1594202898550725
248,207190528,kz 007 02,0.0,0.0,0.0,0.0,0.0,0.0,0.0,0.0,0.0,0.0,1.1594202898550725
249,209322462,ˣPoseidon,666992.0,104116.0,0.0,0.0,0.0,0.0,0.0,0.0,0.0,0.0,1.1594202898550725
250,209620976,SUPERMANx,362149.0,84000.0,0.0,0.0,0.0,0.0,0.0,0.0,0.0,0.0,1.1594202898550725
251,209367117,ᴱᶻIvanRR,0.0,0.0,0.0,0.0,0.0,0.0,0.0,0.0,0.0,0.0,1.1594202898550725
252,207566610,LuffyOldfarm,917530.0,596216.0,0.0,0.0,0.0,0.0,0.0,0.0,0.0,0.0,1.1594202898550725
253,207037071,ᴳᵛChocolate,588286.0,268000.0,0.0,0.0,0.0,0.0,0.0,0.0,0.0,0.0,1.1594202898550725
254,208164511,ᴿᵂIndigo,0.0,0.0,0.0,0.0,0.0,0.0,0.0,0.0,0.0,0.0,1.1594202898550725
255,210095833,24X҉Naofumi,0.0,0.0,0.0,0.0,0.0,0.0,0.0,0.0,0.0,0.0,1.1594202898550725
256,207957194,BankKingdom24,1318276.0,298544.0,0.0,0.0,0.0,0.0,0.0,0.0,0.0,0.0,1.1594202898550725
257,209905807,24X҉   Valetta,0.0,0.0,0.0,0.0,0.0,0.0,0.0,0.0,0.0,0.0,1.1594202898550725
258,209112837,ᶲAKa Rùa,755929.0,297072.0,0.0,0.0,0.0,0.0,0.0,0.0,0.0,0.0,1.1594202898550725
259,207688111,Rwjin2,0.0,0.0,0.0,0.0,0.0,0.0,0.0,0.0,0.0,0.0,1.1594202898550725
260,210372206,BatesS,864833.0,181896.0,0.0,0.0,0.0,0.0,0.0,0.0,0.0,0.0,1.1594202898550725
261,210393177,tao nè vn,0.0,0.0,0.0,0.0,0.0,0.0,0.0,0.0,0.0,0.0,1.1594202898550725
262,209901762,ᴿᵂEJBau,1267901.0,244800.0,0.0,0.0,0.0,0.0,0.0,0.0,0.0,0.0,1.1594202898550725
263,210006467,sSnoopy,1058705.0,397200.0,0.0,0.0,0.0,0.0,0.0,0.0,0.0,0.0,1.1594202898550725
264,209987285,24 X҉  Mino,0.0,0.0,0.0,0.0,0.0,0.0,0.0,0.0,0.0,0.0,1.1594202898550725
265,210750053,KristianCor,0.0,0.0,0.0,0.0,0.0,0.0,0.0,0.0,0.0,0.0,1.1594202898550725
266,209172663,Bec City,963843.0,143435.0,0.0,0.0,0.0,0.0,0.0,0.0,0.0,0.0,1.1594202898550725
267,209836261,ᶲ Lady D,0.0,0.0,0.0,0.0,0.0,0.0,0.0,0.0,0.0,0.0,1.1594202898550725
268,210403265,SlowZ06guy,0.0,0.0,0.0,0.0,0.0,0.0,0.0,0.0,0.0,0.0,1.1594202898550725
269,208183840,Third Option,583307.0,168000.0,0.0,0.0,0.0,0.0,0.0,0.0,0.0,0.0,1.1594202898550725
270,210330736,Charli300,146214.0,0.0,0.0,0.0,0.0,0.0,0.0,0.0,0.0,0.0,1.1594202898550725
271,210243771,BrunetteValkyri,961849.0,248098.0,0.0,0.0,0.0,0.0,0.0,0.0,0.0,0.0,1.1594202898550725
272,208211560,ᴿᵂ Musti,0.0,0.0,0.0,0.0,0.0,0.0,0.0,0.0,0.0,0.0,1.1594202898550725
273,209532060,ᴿᵂSigma,33600.0,32000.0,0.0,0.0,0.0,0.0,0.0,0.0,0.0,0.0,1.1594202898550725
274,207562640,ᴿᵂEazyBuu,0.0,0.0,0.0,0.0,0.0,0.0,0.0,0.0,0.0,0.0,1.1594202898550725
275,210249125,Gopq,27672.0,27672.0,0.0,0.0,0.0,0.0,0.0,0.0,0.0,0.0,1.1594202898550725
276,210381690,24 X҉  CITOYEN,0.0,0.0,0.0,0.0,0.0,0.0,0.0,0.0,0.0,0.0,1.1594202898550725
277,209692424,ᴮᴺ Lee Myon,0.0,0.0,0.0,0.0,0.0,0.0,0.0,0.0,0.0,0.0,1.1594202898550725
278,210272139,Inf1n1ty,577729.0,577729.0,0.0,0.0,0.0,0.0,0.0,0.0,0.0,0.0,1.1594202898550725
279,208294913,inactiv3,86399.0,0.0,0.0,0.0,0.0,0.0,0.0,0.0,0.0,0.0,1.1594202898550725
280,207742044,xxAgresif,1146992.0,484000.0,0.0,0.0,0.0,0.0,0.0,0.0,0.0,0.0,1.1594202898550725
281,207501113,24 X҉  Hyra ツ,0.0,0.0,0.0,0.0,0.0,0.0,0.0,0.0,0.0,0.0,1.1594202898550725
282,211856683,HOTBEAST FARM,0.0,0.0,0.0,0.0,0.0,0.0,0.0,0.0,0.0,0.0,1.1594202898550725
283,210406738,24 X҉ Turbo01,365197.0,310000.0,0.0,0.0,0.0,0.0,0.0,0.0,0.0,0.0,1.1594202898550725
284,210378553,DEMETR,98562.0,77994.0,0.0,0.0,0.0,0.0,0.0,0.0,0.0,0.0,1.1594202898550725
285,210888570,Fozzie Farm 3,4800.0,0.0,0.0,0.0,0.0,0.0,0.0,0.0,0.0,0.0,1.1594202898550725
286,209757200,Quynhhxxihgaiii,559150.0,0.0,0.0,0.0,0.0,0.0,0.0,0.0,0.0,0.0,1.1594202898550725
287,209312381,Yola61,1286168.0,481568.0,0.0,0.0,0.0,0.0,0.0,0.0,0.0,0.0,1.1594202898550725
288,210584534,Lamponi,448794.0,220948.0,0.0,0.0,0.0,0.0,0.0,0.0,0.0,0.0,1.1594202898550725
289,210086913,はるのもぐら,911580.0,177150.0,0.0,0.0,0.0,0.0,0.0,0.0,0.0,0.0,1.1594202898550725
290,210391706,ᴶᶠ RynaMay,511580.0,327812.0,0.0,0.0,0.0,0.0,0.0,0.0,0.0,0.0,1.1594202898550725
291,210377454,EeveePrincess5,0.0,0.0,0.0,0.0,0.0,0.0,0.0,0.0,0.0,0.0,1.1594202898550725
292,209899711,Ninnitt,0.0,0.0,0.0,0.0,0.0,0.0,0.0,0.0,0.0,0.0,1.1594202898550725
293,210374164,HighLord Grimm,875598.0,239816.0,0.0,0.0,0.0,0.0,0.0,0.0,0.0,0.0,1.1594202898550725
294,202699449,Spartacus Farm1,394274.0,386674.0,0.0,0.0,0.0,0.0,0.0,0.0,0.0,0.0,1.1594202898550725
295,210379181,Riri94,317316.0,69458.0,0.0,0.0,0.0,0.0,0.0,0.0,0.0,0.0,1.1594202898550725
296,207181368,24 X҉    Xuka,659038.0,225100.0,0.0,0.0,0.0,0.0,0.0,0.0,0.0,0.0,1.1594202898550725
297,210432676,24 X҉  Qhà,132442.0,27200.0,0.0,0.0,0.0,0.0,0.0,0.0,0.0,0.0,1.1594202898550725
298,210370357,thegoathimself,0.0,0.0,0.0,0.0,0.0,0.0,0.0,0.0,0.0,0.0,1.1594202898550725
299,208211218,ᴿᵂ Rooster,0.0,0.0,0.0,0.0,0.0,0.0,0.0,0.0,0.0,0.0,1.1594202898550725
300,207592439,ˢᵛJoiSai,512980.0,496480.0,0.0,0.0,0.0,0.0,0.0,0.0,0.0,0.0,1.1594202898550725
301,210252173,Eren kaya 06,984888.0,240000.0,0.0,0.0,0.0,0.0,0.0,0.0,0.0,0.0,1.1594202898550725
302,210834946,JEERRYY,0.0,0.0,0.0,0.0,0.0,0.0,0.0,0.0,0.0,0.0,1.1594202898550725
303,209321704,HOTBEAST,431017.0,259844.0,0.0,0.0,0.0,0.0,0.0,0.0,0.0,0.0,1.1594202898550725
304,210267199,De Noordzijde,615166.0,220000.0,0.0,0.0,0.0,0.0,0.0,0.0,0.0,0.0,1.1594202898550725
305,210002656,Oswaldini,482393.0,217600.0,0.0,0.0,0.0,0.0,0.0,0.0,0.0,0.0,1.1594202898550725
306,210254146,Алекс 2909,22100.0,22100.0,0.0,0.0,0.0,0.0,0.0,0.0,0.0,0.0,1.1594202898550725
307,209016436,メB L E S S,0.0,0.0,0.0,0.0,0.0,0.0,0.0,0.0,0.0,0.0,1.1594202898550725
308,208622212,Ulvsbane,437740.0,415240.0,0.0,0.0,0.0,0.0,0.0,0.0,0.0,0.0,1.1594202898550725
309,206949917,marious1990,528255.0,372000.0,0.0,0.0,0.0,0.0,0.0,0.0,0.0,0.0,1.1594202898550725
310,207540269,Furia Negra,577008.0,335704.0,0.0,0.0,0.0,0.0,0.0,0.0,0.0,0.0,1.1594202898550725
311,206992661,GunnaGhøst,0.0,0.0,0.0,0.0,0.0,0.0,0.0,0.0,0.0,0.0,1.1594202898550725
312,207579331,24 X҉ SNØŌWミ,0.0,0.0,0.0,0.0,0.0,0.0,0.0,0.0,0.0,0.0,1.1594202898550725
313,210398747,ÐarkKnight,447514.0,187283.0,0.0,0.0,0.0,0.0,0.0,0.0,0.0,0.0,1.1594202898550725
314,211294741,Lionfarm,1696273.0,291700.0,0.0,0.0,0.0,0.0,0.0,0.0,0.0,0.0,1.1594202898550725
315,207014016,24 X҉ Jhoncewi,337442.0,285848.0,0.0,0.0,0.0,0.0,0.0,0.0,0.0,0.0,1.1594202898550725
316,210517889,babyb0y,1409792.0,825372.0,0.0,0.0,0.0,0.0,0.0,0.0,0.0,0.0,1.1594202898550725
317,209531678,Crisssss,12022.0,0.0,0.0,0.0,0.0,0.0,0.0,0.0,0.0,0.0,1.1594202898550725
318,207838083,LordCobra,0.0,0.0,0.0,0.0,0.0,0.0,0.0,0.0,0.0,0.0,1.1594202898550725
319,209895358,ᴿᵂHoney,329270.0,261388.0,0.0,0.0,0.0,0.0,0.0,0.0,0.0,0.0,1.1594202898550725
320,210371202,24 X҉ zEskiss,0.0,0.0,0.0,0.0,0.0,0.0,0.0,0.0,0.0,0.0,1.1594202898550725
321,210140834,dirty game,27600.0,25600.0,0.0,0.0,0.0,0.0,0.0,0.0,0.0,0.0,1.1594202898550725
322,210405226,Alesinai12,0.0,0.0,0.0,0.0,0.0,0.0,0.0,0.0,0.0,0.0,1.1594202898550725
323,209841664,Whitehunterx,0.0,0.0,0.0,0.0,0.0,0.0,0.0,0.0,0.0,0.0,1.1594202898550725
324,210009827,Canfordshire,211260.0,58205.0,0.0,0.0,0.0,0.0,0.0,0.0,0.0,0.0,1.1594202898550725
325,210430142,Tankute2004,0.0,0.0,0.0,0.0,0.0,0.0,0.0,0.0,0.0,0.0,1.1594202898550725
326,212612755,ᴬᵈGROZ 409,0.0,0.0,0.0,0.0,0.0,0.0,0.0,0.0,0.0,0.0,1.1594202898550725
327,192034057,24 X҉ No Mercy,349020.0,174208.0,0.0,0.0,0.0,0.0,0.0,0.0,0.0,0.0,1.1594202898550725
328,210175732,LAELA,0.0,0.0,0.0,0.0,0.0,0.0,0.0,0.0,0.0,0.0,1.1594202898550725
329,210234353,AK Optimuss,0.0,0.0,0.0,0.0,0.0,0.0,0.0,0.0,0.0,0.0,1.1594202898550725
330,210143857,Hubert Sssss,502546.0,439506.0,0.0,0.0,0.0,0.0,0.0,0.0,0.0,0.0,1.1594202898550725
331,210894907,Lalo2025,151200.0,151200.0,0.0,0.0,0.0,0.0,0.0,0.0,0.0,0.0,1.1594202898550725
332,210398054,aerolaito,126255.0,36444.0,0.0,0.0,0.0,0.0,0.0,0.0,0.0,0.0,1.1594202898550725
333,210410773,ABØ Ř3FÂÎŸ,298008.0,157589.0,0.0,0.0,0.0,0.0,0.0,0.0,0.0,0.0,1.1594202898550725
334,210858605,PINEAPPLES,158568.0,61600.0,0.0,0.0,0.0,0.0,0.0,0.0,0.0,0.0,1.1594202898550725
335,209453138,24 X҉   DANTE,0.0,0.0,0.0,0.0,0.0,0.0,0.0,0.0,0.0,0.0,1.1594202898550725
336,210039896,Menezobrrr,0.0,0.0,0.0,0.0,0.0,0.0,0.0,0.0,0.0,0.0,1.1594202898550725
337,210735353,乂AÑÜBÏS2,299145.0,54087.0,0.0,0.0,0.0,0.0,0.0,0.0,0.0,0.0,1.1594202898550725
338,210472968,24 X҉ dusann,0.0,0.0,0.0,0.0,0.0,0.0,0.0,0.0,0.0,0.0,1.1594202898550725
339,210184194,RØW和平Ash,0.0,0.0,0.0,0.0,0.0,0.0,0.0,0.0,0.0,0.0,1.1594202898550725
340,210410336,MAGNUS ALEX,1297063.0,227200.0,0.0,0.0,0.0,0.0,0.0,0.0,0.0,0.0,1.1594202898550725
341,204513619,M100,128007.0,124707.0,0.0,0.0,0.0,0.0,0.0,0.0,0.0,0.0,1.1594202898550725
342,210417961,dextrixsF1,0.0,0.0,0.0,0.0,0.0,0.0,0.0,0.0,0.0,0.0,1.1594202898550725
343,209875567,ᴬᵈDMAч1т,158000.0,148000.0,0.0,0.0,0.0,0.0,0.0,0.0,0.0,0.0,1.1594202898550725
344,207093369,24 X҉ FangYuan,634613.0,292400.0,0.0,0.0,0.0,0.0,0.0,0.0,0.0,0.0,1.1594202898550725
345,210438049,fasyiong,60860.0,59211.0,0.0,0.0,0.0,0.0,0.0,0.0,0.0,0.0,1.1594202898550725
