rank,id,name,DKP,KP,Power,Troop Power,T4 Kills,T5 Kills,Deads
109,210437015,Almaspavlodar,4.72M,1.13M,25.38M,1.40M,0.06M,0.03M,0.40M
110,210661343,业๛ BREEZEメ,4.57M,11.69M,42.00M,5.46M,0.31M,0.17M,0.05M
111,209853749,24TùgGấu,4.49M,5.79M,35.48M,5.82M,0.29M,0.14M,0.09M
112,207270931,guardboy,4.36M,6.47M,35.08M,4.52M,0.19M,0.23M,0.00M
113,209007130,ᴿwmeowington,4.15M,8.05M,29.63M,7.43M,0.78M,0.01M,0.00M
114,210103821,24 X҉  dayday,3.78M,4.51M,33.63M,6.55M,0.24M,0.10M,0.10M
115,209756294,ᴰᴷREDER2502,3.48M,5.22M,27.75M,4.78M,0.50M,0.01M,0.08M
116,212491924,RedbudSupaFarm,3.34M,3.43M,31.54M,6.49M,0.25M,0.05M,0.14M
117,210373350,ero3,3.31M,4.68M,30.16M,6.07M,0.15M,0.16M,0.02M
118,209853474,kurinin23,3.14M,4.08M,25.00M,0.96M,0.17M,0.00M,0.23M
119,209862206,ᴿᵂMCDragoon,3.00M,3.31M,34.38M,7.94M,0.07M,0.13M,0.07M
120,209944070,24X҉  PaTRoN46,2.98M,4.72M,35.03M,2.44M,0.22M,0.12M,0.00M
121,210564758,lord ismail,2.97M,4.07M,30.26M,5.45M,0.23M,0.09M,0.05M
122,210151511,Snoww40,2.79M,1.59M,39.47M,5.18M,0.03M,0.06M,0.17M
123,209756441,ᴰᴷllama2502,2.61M,5.09M,26.99M,4.95M,0.44M,0.02M,0.01M
124,210372799,24 CHEZCKO,2.55M,2.16M,32.99M,6.10M,0.13M,0.04M,0.13M
125,207320759,LAPU  LAPU,2.51M,1.19M,29.41M,2.99M,0.05M,0.03M,0.18M
126,210372642,NTThaSN,2.25M,4.49M,28.88M,6.27M,0.44M,0.00M,0.00M
127,208762017,SP N,2.20M,3.00M,29.13M,6.99M,0.14M,0.08M,0.03M
128,213221751,24 X҉ vSharKs,1.98M,3.96M,32.84M,7.48M,0.40M,0.00M,0.00M
129,210373344,MrGazzz,1.52M,1.93M,26.36M,3.74M,0.09M,0.05M,0.03M
130,209306575,Spartacus6,1.44M,1.81M,37.15M,7.10M,0.07M,0.06M,0.02M
131,210229272,Kandamiala,1.40M,2.08M,26.15M,4.47M,0.12M,0.04M,0.01M
132,208630834,24 X҉  Mommy,1.39M,2.23M,26.30M,3.61M,0.11M,0.05M,0.00M
133,210740345,Basiliscus,1.34M,2.68M,30.68M,7.62M,0.27M,0.00M,0.00M
134,210533310,Vates,1.24M,2.47M,32.43M,7.56M,0.25M,0.00M,0.00M
135,209312381,Yola61,1.22M,1.72M,25.02M,5.43M,0.13M,0.02M,0.03M
136,208560935,Milk 1,1.20M,0.79M,29.58M,2.52M,0.07M,0.01M,0.08M
137,210622572,Radamanthys,1.12M,2.21M,30.18M,6.41M,0.21M,0.00M,0.00M
138,210532839,Beelphegor,1.09M,2.16M,33.53M,8.32M,0.21M,0.00M,0.00M
139,212007469,Ulvsbane farm,1.09M,0.48M,28.33M,2.22M,0.02M,0.02M,0.08M
140,211892788,ᶲJW4101 Farma,1.06M,1.66M,25.98M,3.75M,0.12M,0.02M,0.01M
141,210539282,Scriptor,0.97M,1.93M,33.31M,7.85M,0.19M,0.00M,0.00M
142,210013615,ᴹᴰLadyVic,0.84M,0.38M,29.80M,1.50M,0.04M,0.00M,0.06M
143,210082550,KillerBeuty,0.74M,1.14M,26.35M,0.78M,0.09M,0.00M,0.03M
144,209686553,ATN0Ghost,0.66M,1.05M,27.28M,3.42M,0.05M,0.03M,0.00M
145,208821197,ᴰᴾJoe Black,0.49M,1.01M,25.87M,1.80M,0.10M,0.00M,0.00M
146,208198410,ᴿᵂintruglio,0.42M,0.91M,29.38M,7.19M,0.08M,0.00M,0.00M
147,206917763,solano,0.27M,0.40M,26.10M,1.68M,0.01M,0.01M,0.00M
148,210394486,sencerbatur,0.26M,0.43M,29.19M,3.11M,0.03M,0.01M,0.00M
149,210218341,DEMId 01,0.15M,0.27M,28.70M,1.66M,0.02M,0.00M,0.00M
150,209986084,maiconphieu,0.13M,0.08M,25.79M,5.60M,0.00M,0.00M,0.01M
151,207742044,xxAgresif,0.12M,0.23M,30.81M,4.40M,0.02M,0.00M,0.00M
152,209171610,ᵍˢ BÙM,0.08M,0.16M,26.96M,0.98M,0.02M,0.00M,0.00M
153,209509609,Ryyysiek,0.01M,0.02M,30.13M,4.75M,0.00M,0.00M,0.00M
154,210517889,babyb0y,0.01M,0.01M,37.23M,7.23M,0.00M,0.00M,0.00M
155,210435381,Supper Saiyan,0.00M,0.00M,25.51M,2.81M,0.00M,0.00M,0.00M
156,206974141,ᴳᴴKaiO,0.00M,0.00M,30.53M,4.66M,0.00M,0.00M,0.00M
157,206949917,marious1990,0.00M,0.00M,34.62M,1.53M,0.00M,0.00M,0.00M
158,208202264,KrazyBus,0.00M,0.00M,39.09M,6.68M,0.00M,0.00M,0.00M
159,208294913,inactiv3,0.00M,0.00M,31.60M,0.28M,0.00M,0.00M,0.00M
160,208313590,Jack メ Mengocok,0.00M,0.00M,27.54M,0.04M,0.00M,0.00M,0.00M
161,208622212,Ulvsbane,0.00M,0.00M,35.35M,2.80M,0.00M,0.00M,0.00M
162,208756315,24 X҉  A Phàm,0.00M,0.00M,25.58M,0.45M,0.00M,0.00M,0.00M
163,208850800,24 X҉ 도주이득,0.00M,0.00M,27.74M,2.39M,0.00M,0.00M,0.00M
164,209294221,24X҉AlphaWolf,0.00M,0.00M,49.77M,2.47M,0.00M,0.00M,0.00M
165,209321704,HOTBEAST,0.00M,0.00M,33.42M,6.64M,0.00M,0.00M,0.00M
166,209322462,ˣPoseidon,0.00M,0.00M,29.06M,4.03M,0.00M,0.00M,0.00M
167,209482763,Éléna,0.00M,0.00M,30.63M,1.83M,0.00M,0.00M,0.00M
168,209502334,24 X҉WilliamQ8,0.00M,0.00M,45.57M,6.27M,0.00M,0.00M,0.00M
169,209531678,Crisssss,0.00M,0.00M,34.43M,4.96M,0.00M,0.00M,0.00M
170,209607393,柱 VeNdDeTtA,0.00M,0.00M,40.87M,7.58M,0.00M,0.00M,0.00M
171,209619554,ᴹᴰDoC OcK,0.00M,0.00M,40.98M,0.45M,0.00M,0.00M,0.00M
172,209620976,SUPERMANx,0.00M,0.00M,31.96M,6.44M,0.00M,0.00M,0.00M
173,209829051,24 X҉ Hexxy,0.00M,0.00M,25.21M,3.70M,0.00M,0.00M,0.00M
174,209837031,24 X҉  ЫЫЫ,0.00M,0.00M,28.02M,4.81M,0.00M,0.00M,0.00M
175,209905081,24X҉  TolganaC,0.00M,0.00M,40.54M,2.34M,0.00M,0.00M,0.00M
176,209924348,24 X҉ Fuzjaaa,0.00M,0.00M,29.15M,2.94M,0.00M,0.00M,0.00M
177,209926937,우라차차,0.00M,0.00M,29.47M,4.79M,0.00M,0.00M,0.00M
178,210190324,Legend68,0.00M,0.00M,29.94M,0.01M,0.00M,0.00M,0.00M
179,210210393,Zhâk,0.00M,0.00M,29.42M,6.79M,0.00M,0.00M,0.00M
180,210254146,Алекс 2909,0.00M,0.00M,32.95M,5.06M,0.00M,0.00M,0.00M
181,210272139,Inf1n1ty,0.00M,0.00M,30.62M,3.94M,0.00M,0.00M,0.00M
182,210313245,24 X҉ ヅÖrökヅ,0.00M,0.00M,27.38M,1.70M,0.00M,0.00M,0.00M
183,210376950,NightStarr,0.00M,0.00M,26.56M,5.68M,0.00M,0.00M,0.00M
184,210490061,24 X҉ DuMuc,0.00M,0.00M,29.51M,1.63M,0.00M,0.00M,0.00M
185,210876904,Slim 15,0.00M,0.00M,28.91M,6.21M,0.00M,0.00M,0.00M
186,210944394,xThanhLong,0.00M,0.00M,25.64M,7.37M,0.00M,0.00M,0.00M
187,211557716,ᴰᴾCyanide,0.00M,0.00M,25.42M,4.25M,0.00M,0.00M,0.00M
188,212579837,Xàmlông farm,0.00M,0.00M,27.01M,2.63M,0.00M,0.00M,0.00M
