#,Governor ID,Governor Name,Camp,KD,Power,Power Diff,KP,T4,T5,Dead,Acclaim,Healed,DKP,Trades,Credit Score,Kill Points,Death Points,Heal Points
3,205599398,Toma San,III,3874,60503152,-4779727,668192478,48882736,8563470,1306519,0,13789154,300763429,221.32,0,,,
12,203513942,IㄴDũngㄱI,III,3874,61471472,3537380,459153881,38205505,3770468,931944,0,7996932,204505860,257.12,0,,,
20,204677237,明芳Mochi,III,3874,61152306,1570871,422509036,34808482,3407855,386846,0,6571231,179115168,303.61,0,,,
25,206250992,ˢˢPintohail,III,3874,59358609,15301676,362875739,28363169,3427188,1291621,0,19971929,167098871,85.33,0,,,
27,203516090,IㄴBlazeㄱI,III,3874,45346142,-3082820,365358083,32264860,1613662,1176702,0,12289819,162846590,135.65,0,,,
30,203814662,Iㄴ3MiềnㄱI,III,3874,59530497,13743613,373721917,31228730,2767666,424468,0,13036765,158958600,138.81,0,,,
42,198094941,Kelly Thành,III,3874,61134090,-1075863,309750508,23349920,3660542,896484,0,8080499,143452360,172.52,0,,,
43,206162378,VnChuTước,III,3874,44267059,-4892878,329728208,25066380,1649390,1740348,0,9235966,142864640,150.2,0,,,
51,203655821,PoliceKingland,III,3874,57989606,14198519,308911126,26704189,1890823,241795,0,12980272,129351911,116.82,0,,,
54,203920390,Iㄴ김은ㄱI,III,3874,57392640,9511649,286249739,22210794,2471353,1020492,0,3806126,128864086,296.53,0,,,
56,203534345,帝Dwag97,III,3874,65234693,-3858364,268660812,21072928,2550880,1119082,0,9570192,126586742,125.67,0,,,
57,204557235,メglitchᴬᴱ,III,3874,60752717,3849208,294919538,25080687,2080448,207430,0,6362968,124238678,224.43,0,,,
68,203889281,Iㄴ忍 TuấnㄱI,III,3874,50331784,1163267,230330421,18451190,1627580,1624504,0,31269534,114448120,35.01,0,,,
77,206074867,Toma X,III,3874,55579275,5822619,233183662,16877060,3101022,464227,0,22707305,105481865,50.32,0,,,
88,203691044,ˢʷMaria,III,3874,49226995,8290081,193277829,15234794,1627770,1014973,0,8209893,92441471,104.76,0,,,
90,204196346,Toma Tekko,III,3874,42865722,2647819,202082533,17478688,1334660,526249,0,7001657,91155087,134.22,0,,,
92,203891779,36th,III,3874,54524923,7008278,194165964,14247976,2433877,602440,0,13183586,90367274,70.42,0,,,
100,203514532,ftun Pᵀᵀ,III,3874,53187268,721109,195408078,13987148,1783755,897105,0,23871769,87242717,39.45,0,,,
104,204766285,Chú Sắt,III,3874,50997401,-816381,164268784,13346437,1305876,1221080,0,24228070,84760708,32.27,0,,,
105,200044676,BLack乄DIN0,III,3874,80863127,3580784,184659267,13793239,2090238,506888,0,7095024,83678656,121.46,0,,,
108,206271540,Toma Ánh Cute,III,3874,35235248,405821,181123713,12932945,2181593,648817,0,22569629,83279965,39,0,,,
115,204778977,NhungchiLLL,III,3874,52051753,1411692,180707207,14241742,1764918,354181,0,17113519,79928863,51.73,0,,,
116,203886362,Đjt mẹ m,III,3874,57840844,5964754,184673742,15461047,1343796,282204,0,4425329,79515208,196.15,0,,,
128,197308460,Iㄴ皇丫hsuㄱI,III,3874,47843275,3277681,138301097,10511257,1190255,1340591,0,31689375,74056443,20.94,0,,,
132,204297427,Mr hị hị,III,3874,54458515,2428659,158295771,12310428,1594057,550103,0,19676015,73433827,39.13,0,,,
144,203690485,Ąnh Hí 사,III,3874,42712149,401588,142242017,11708939,1221828,474031,0,5645191,66164501,116.23,0,,,
146,197309164,Iㄴka勒ㄱI,III,3874,58386092,12099140,128397192,9996249,1048482,950238,0,16662744,64723386,36.45,0,,,
147,203797357,ˢʷRoy,III,3874,55177636,4727841,127830980,10384445,1169383,762879,0,3908534,64674795,136.82,0,,,
152,206219246,VnThanhLong,III,3874,52305115,3863525,144200507,9757877,1942323,257820,0,19573648,62322038,36.36,0,,,
153,203618980,KEN V ᴠɴᴇム,III,3874,42349662,3775349,149249488,10616665,1497505,307993,0,19026102,62061605,38.6,0,,,
164,203513948,IㄴThanh 다이ㄱI,III,3874,38843261,2598876,124334809,9633748,1185622,496352,0,24055963,57836492,25.32,0,,,
168,203940031,IㄴGyugoㄱI,III,3874,39395435,2566947,106504776,8291428,702943,1132713,0,7173373,57185837,64.11,0,,,
173,203469630,ᵛⁿChipped,III,3874,50691023,4219291,124965151,8867074,1629336,297096,0,26739863,56218096,23.11,0,,,
174,203524259,ᅟ  ᅟᅠᅟᅟ  ᅟᅠᅟᅟ,III,3874,44190861,1213673,116293836,8117605,1718172,426071,0,5822628,56043205,93.05,0,,,
185,203521384,Rocks Suy,III,3874,56809860,-1787750,114837633,9191880,1125800,348668,0,3499891,53255540,149.2,0,,,
191,206427543,VnCửuvĩhồ,III,3874,32845256,-1043100,58758518,3834918,1011144,1763511,0,3210034,51903777,59.07,0,,,
195,203964391,生mecnamcac,III,3874,62185565,1189687,123946554,10401516,993079,0,0,2482026,51536854,249.69,0,,,
197,208478665,HailSatan IV,III,3874,54090753,387348,94353073,7364497,999832,798517,0,4165021,51434063,95.05,0,,,
216,205176098,dũnglầykk,III,3874,39091020,1867970,95933093,8093111,711547,534458,0,6645159,47504784,66.81,0,,,
219,205177209,HiểnTrí,III,3874,36006385,3402737,83694597,6999728,654616,800769,0,7919425,46556607,47.99,0,,,
230,204663537,lconxyztr,III,3874,38685039,2050289,113477833,8804544,973702,25703,0,24018201,45340741,23.6,0,,,
233,206156773,ᵂᴰbakai,III,3874,40297251,1104500,93509410,6978836,1085900,408299,0,14998728,44898829,30.35,0,,,
238,203916538,IㄴCameoㄱI,III,3874,32002356,-592231,100674330,9865178,60951,282371,0,2343310,44305787,191.71,0,,,
254,206389708,BOO BOO,III,3874,42943709,4026794,77848539,5736366,833605,756981,0,26070299,42636229,14.51,0,,,
263,205288617,ᵀᴬDucThinh,III,3874,38654012,338002,79885021,6183666,601417,697159,0,3980105,41206219,85.4,0,,,
265,203588195,IㄴSuperBuㄱI,III,3874,48162730,6966801,91540981,7418374,675825,298859,0,19606915,40914631,22.99,0,,,
269,203513996,ᵛⁿVawnNgocj,III,3874,45241122,2305938,88009844,6714983,1037205,205547,0,4783673,40315187,88.2,0,,,
277,203514059,IㄴVN TKienㄱI,III,3874,38104441,-4484363,23515538,2040263,109916,2020399,0,643446,39566197,44.14,0,,,
283,203694366,IㄴHaoHaoG2ㄱI,III,3874,29808146,-2214263,38988733,2939757,377162,1572132,0,3491465,39112628,38.5,0,,,
284,203899695,IㄴPeyzazhㄱI,III,3874,39147434,2775001,70372286,5545190,357232,889546,0,11602295,39096270,28.17,0,,,
288,196943684,Iㄴ白白ㄱI,III,3874,39201110,-658132,66231565,4555752,815122,833425,0,21585543,38875603,14.77,0,,,
289,204639376,SaiĐẹpChiu암,III,3874,39859981,453749,82702313,6543875,682507,391268,0,22730922,38869590,17.88,0,,,
290,204113536,Gurando08ⱽᴺ,III,3874,42219569,1173343,76635384,5835756,717387,545186,0,25903409,38694684,14.49,0,,,
294,203979183,GRIF1,III,3874,37474288,2828438,39324058,3161903,351455,1479963,0,8240421,38361607,20.23,0,,,
295,203565736,Phúc Rok74,III,3874,38304856,966800,82238113,6719860,690897,300546,0,4144829,38296600,92.5,0,,,
299,204678686,メWindyᴬᴱ,III,3874,40875915,863491,83977003,6249843,1073057,123343,0,3213627,37580087,125.83,0,,,
302,203675588,VnBạchHổ,III,3874,34771682,-3188100,36693181,2467233,400519,1559381,0,4191797,37264837,31.9,0,,,
309,206368339,VnHuyềnVũ,III,3874,20964670,-3278652,56626703,3356838,198589,1411438,0,5554703,36584812,40.64,0,,,
310,204669020,TuấnPm,III,3874,39760680,2920294,60221850,4522142,738807,730589,0,8191341,36435473,33.75,0,,,
318,203505447,IㄴXRayㄱI,III,3874,40707526,-1418685,71304565,5178164,573427,600946,0,13330706,35461116,25.59,0,,,
321,203778167,メXon,III,3874,41069775,7209765,78867075,5895457,990281,105416,0,6108889,35065878,63.46,0,,,
324,204289289,Shaazaar,III,3874,52705847,11009852,78226255,6252567,779087,128826,0,2927909,34733528,127.96,0,,,
328,206158499,Thưởngvn,III,3874,30243747,4070868,61921310,4714479,650837,605512,0,5687200,34448966,49.2,0,,,
333,202607792,㋡faraon69㋡,III,3874,30294262,802756,67319802,5159356,455741,591699,0,24086639,34070319,13.64,0,,,
335,200386844,thuwhawkillw,III,3874,31370456,3217054,71095230,5478135,579219,420152,0,24117071,34007010,14.49,0,,,
344,206020882,ˢᴿSMOSHI XXX,III,3874,39775338,1825283,55594842,4622406,441237,659475,0,3906290,32794119,60.88,0,,,
350,204482129,Súplơơ,III,3874,38862939,1489803,70354006,5506908,643578,257237,0,7748855,32321967,43.94,0,,,
363,203514324,IㄴQuậyㄱI,III,3874,35448294,-4609232,31571865,2481712,326729,1188281,0,2375947,31018353,44.29,0,,,
374,204085018,Bom nổ chậm,III,3874,38504734,796764,54614958,4376718,472301,540846,0,8366687,30342572,30.66,0,,,
379,199320883,IㄴShàdron27ㄱI,III,3874,25563066,-978840,52389856,4485599,66365,776771,0,1033963,30257611,144.66,0,,,
381,205442675,ᵂᶠVENOM,III,3874,42359569,6716948,49191992,3747031,569011,626899,0,4276264,30081719,50.16,0,,,
389,203514036,ᵛⁿᵉLạc,III,3874,40483820,4618640,45069182,3416765,299009,848732,0,23260670,29388130,9.35,0,,,
403,204665608,ᵛᶰÁc Quỷ,III,3874,57339978,7012352,64170608,5199447,604288,117389,0,2310106,28601503,132.17,0,,,
420,205085948,ᴳᴴDCNO12,III,3874,36599054,4446363,66783961,4565044,850404,69174,0,29697246,27801826,11.22,0,,,
454,203474784,IㄴHaoHaoG1ㄱI,III,3874,33702735,-1134845,18993547,1395640,192731,1246328,0,7462830,26204790,10.9,0,,,
455,204388395,Linh iuu,III,3874,32851390,1620739,39333352,2916555,395469,700316,0,16201860,26125650,11.64,0,,,
463,203886048,NT Hiếu Vân,III,3874,44654175,5376514,61498966,3960570,696042,174529,0,24356479,25420635,12.53,0,,,
474,206338506,Goneforgood,III,3874,14014552,-2254060,2863870,284757,815,1574381,0,886649,24762893,5.82,0,,,
486,206820436,Dmitriy8888,III,3874,28956410,-1209665,4113866,241894,83953,1500689,0,1589227,24317441,6.66,0,,,
492,206234225,SangTr,III,3874,21098545,-3957322,2780453,8702,134671,1507618,0,70660,23995788,8.81,0,,,
494,204477820,Ayrimen,III,3874,37701100,5970031,49078703,3684992,595902,215233,0,4857134,23927483,48.38,0,,,
498,206350438,IㄴPesiㄱI,III,3874,25568966,-6081430,16704451,861163,29800,1337823,0,1606056,23809997,28.37,0,,,
502,206825047,fafa696969 69,III,3874,32275171,-1383,3316359,289220,19276,1474131,0,2119904,23461605,4.61,0,,,
520,206837685,Demonshade,III,3874,35007285,6549901,60156139,5028934,131012,96258,0,20075301,22869726,14.91,0,,,
523,203858559,KIA,III,3874,43866228,1264959,6973336,594797,48882,1326753,0,2336726,22769303,9.52,0,,,
525,204755612,Longᴬᴱ,III,3874,37841443,2762658,51543523,3990215,508497,107148,0,6147722,22653050,41.2,0,,,
528,203830309,SuperHuy x Drag,III,3874,35182656,-1489483,44673410,3056232,147450,590381,0,5514957,22555143,36.59,0,,,
529,203518044,Iㄴtuấnㄱ,III,3874,54609693,4320807,33717876,2821765,263999,575098,0,5203733,22553520,29.17,0,,,
538,204217777,Ṗlu  ѴӼ,III,3874,47759867,1690683,20871837,1489278,222464,925555,0,3521665,22065077,23.47,0,,,
543,203733754,IㄴAniㄱI,III,3874,33800878,-4510296,7657493,339759,212959,1230357,0,526776,21943981,21.79,0,,,
545,203918054,NQP,III,3874,34840061,1770378,36152684,2805700,352503,475542,0,6775854,21880960,24.93,0,,,
555,206844147,king Mahfoudh,III,3874,30536013,-212071,3378780,76258,130810,1325032,0,1939108,21488612,5.18,0,,,
560,206869937,appa,III,3874,22217707,-4601746,6126014,250325,38996,1332502,0,166564,21378790,20.43,0,,,
572,203513973,Nguyễn Dungg,III,3874,42004685,2328967,32971983,2505339,364067,485390,0,3328777,20942876,43.22,0,,,
582,196920300,KOPI PAIT,III,3874,18909913,-3954068,12686394,902574,182997,1017722,0,1177837,20706096,28.89,0,,,
594,204818318,黃耀德,III,3874,39380392,3262523,41284980,3052006,520657,190023,0,4846421,20264939,40.99,0,,,
595,204308759,Tuấn 12,III,3874,27760693,-727614,3493017,340763,2537,1256909,0,2463827,20242057,4.69,0,,,
599,205947704,HinessVN,III,3874,27946852,1054579,38309455,3078911,318810,299698,0,3223401,19999214,54.37,0,,,
604,203844681,MewNè,III,3874,23039107,-4128238,10280777,694648,80568,1081095,0,971666,19800697,25.04,0,,,
605,203513945,IㄴOnekillㄱI,III,3874,49027441,12284692,39287127,2987619,451221,218932,0,1299891,19746666,129.33,0,,,
613,206232713,Chingchoong,III,3874,38602981,3362300,41416284,3235951,337786,215628,0,13920346,19556084,14.65,0,,,
614,206244163,Моооusе,III,3874,13094532,-3412894,1156193,101945,6793,1270159,0,658265,19528095,3,0,,,
625,206046064,Дэн33,III,3874,25027673,-1752586,1623840,147805,7289,1243109,0,283651,19310745,5.32,0,,,
627,206887092,ch Roger125,III,3874,28076300,-2979603,3474974,228252,58436,1186219,0,1424792,19290653,6.65,0,,,
632,206813747,Mariana28,III,3874,10987599,-249619,1228211,122008,0,1245432,0,813010,19169512,2.98,0,,,
636,206956593,ᴰʷLooooong,III,3874,33224143,3949711,46391974,4135676,182048,40167,0,8643689,18965689,26.71,0,,,
649,204563991,ᵂˢMinTLC,III,3874,34643548,2379846,35520425,2908454,314867,266102,0,4708211,18774016,35.7,0,,,
651,203908275,DũngE3,III,3874,11032124,-2590519,760470,62174,6934,1229953,0,643613,18767331,2.03,0,,,
652,206819570,IㄴᵛⁿbaotrㄱI,III,3874,21529671,1070243,14528958,858821,103927,951973,0,4579402,18754149,13.13,0,,,
658,206809120,øChinhNVø,III,3874,24216902,-855764,1944263,194028,0,1193289,0,507536,18675447,5.72,0,,,
660,203973171,BigMom シ,III,3874,34912302,4710584,36866694,2850863,183191,357091,0,23771633,18591727,7.64,0,,,
669,203702950,Fēniks,III,3874,36395672,4413323,23122097,2060501,117044,592491,0,2189869,18299809,41.55,0,,,
677,203872082,ᵛⁿʲYoukasn,III,3874,30727125,4249251,24851664,1834662,319808,501275,0,2589238,18055853,40.21,0,,,
683,206878059,ᵛᶰRasssta,III,3874,21384092,-4236420,1493470,149347,0,1156502,0,607450,17944918,4.23,0,,,
720,206858776,snorLax69,III,3874,17324623,-84478,4049962,324935,39215,1022100,0,2510717,17023390,5.73,0,,,
731,206509436,Uarora,III,3874,21746419,-2235280,1164402,113216,1524,1089153,0,401908,16805399,3.9,0,,,
735,206233856,ᴿᴼsyKilleR,III,3874,42654214,7041013,38512691,2651647,366501,162131,0,21136221,16703563,9.04,0,,,
739,203529598,DũngE1,III,3874,11764983,-1094895,1515840,36382,57601,1059161,0,4516154,16608953,1.36,0,,,
741,203603348,Hiro orio,III,3874,33961133,2495203,31478432,2122431,257326,366065,0,18286341,16553959,8.44,0,,,
756,215341697,OptimusFarm 3,III,3874,9955084,-303334,802146,38954,20469,1063200,0,380541,16308506,2.78,0,,,
763,215259470,OptimusFarm 4,III,3874,9902199,-19415,669296,7049,29940,1052965,0,380972,16122071,2.33,0,,,
767,208556099,ᶠᵗ Boluś,III,3874,15787825,-3620940,2189223,176415,0,1024124,0,254072,16067520,8.56,0,,,
769,203900335,Alqqakk,III,3874,35159110,3388542,21024508,1439805,243957,515175,0,16179926,15926415,6.3,0,,,
774,215182436,ˢʷMaria Em,III,3874,4884267,-1294096,340980,30838,1630,1048301,0,367924,15864167,1.2,0,,,
777,203911455,DũngE2,III,3874,10816736,-1539758,410990,36675,2212,1041667,0,445650,15793825,1.38,0,,,
785,206231284,VnGiảiTrãi,III,3874,29884811,-2436908,20795183,1543057,267521,456406,0,2169240,15693528,39.6,0,,,
805,207523960,VnKỳLân,III,3874,16553092,974503,2721386,131728,69180,937772,0,1783330,15285292,5,0,,,
812,206849203,Predator86,III,3874,25134976,1012684,5938137,400059,15486,891081,0,2874294,15121311,7.89,0,,,
814,203514365,IㄴHaoHaoG3ㄱI,III,3874,14367965,-841401,9460067,812118,16663,779411,0,317460,15106267,43.12,0,,,
815,215188448,OptimusFarm 1,III,3874,9622944,57651,1184674,76525,20943,969615,0,365304,15059755,4.44,0,,,
823,206235206,red lili,III,3874,10413926,-4089786,1109400,67614,21663,957802,0,3041,14854116,5.77,0,,,
828,203537445,Ƭᴹkiller,III,3874,35459025,3077741,32105972,2422113,350315,103262,0,12165485,14740532,13.08,0,,,
841,206856810,Hallur,III,3874,11231811,48766,652746,61283,1886,942336,0,723744,14399032,1.96,0,,,
847,208063458,Ánh farm,III,3874,6821866,-1940865,4745755,459305,6706,822252,0,315684,14238060,20.85,0,,,
852,204314242,Gurando08 fam4,III,3874,7484468,-2542188,1242201,84250,19985,903991,0,11646,14096715,6.78,0,,,
854,203924421,IㄴWaeslasㄱI,III,3874,21127700,-3496892,2228753,46604,88110,868340,0,0,14092616,12.83,0,,,
863,215175833,OptimusFarm 2,III,3874,9797783,210216,1021709,54257,23923,896146,0,363321,13898448,4.06,0,,,
874,215177697,ˢʷMaria Xíu,III,3874,5946742,-935662,236520,20760,1446,906380,0,179683,13693200,,0,,,
878,206921258,FradeSantos,III,3874,27086240,-2227593,1381338,117293,8719,871188,0,1437221,13624182,2.99,0,,,
881,207038516,adrianlopez,III,3874,25317088,4255508,18325731,1656254,86810,407104,0,5949338,13599676,14.42,0,,,
903,205256388,メShinVIPᴬᴱメ,III,3874,32493079,3708960,22478369,2040708,54351,306712,0,1820551,13307022,52.83,0,,,
904,207066583,Румун,III,3874,15698115,-3927417,545376,31476,11475,869573,0,1100,13284249,,0,,,
929,204556061,IㄴAmyㄱI,III,3874,35236017,-1825772,16835322,1382917,31174,469952,0,6069457,12892688,12.87,0,,,
944,204849800,メBOIBOI ᴬᴱ,III,3874,46304028,3129437,24178879,1771165,318843,159762,0,2973224,12669520,38.59,0,,,
947,206882745,شدد,III,3874,19963416,1719773,1932885,152290,9614,794376,0,1122734,12620940,5.04,0,,,
959,204143779,CẩmVân Farm,III,3874,6114969,-1424210,1959586,195935,0,776201,0,319170,12426755,8.94,0,,,
966,206467974,Fyrris,III,3874,22734943,-117938,10676287,726280,123612,545883,0,5915353,12329485,8.26,0,,,
967,206866149,MAYA RASTA,III,3874,10431508,-70401,702606,70241,0,796145,0,2062694,12223139,1.23,0,,,
970,206881972,Mario Milano,III,3874,22231631,3013791,13966695,1116567,132680,421229,0,6373924,12111503,10.28,0,,,
988,203917735,frBin3,III,3874,11427391,-2826866,980074,36169,30742,753229,0,279950,11750531,4.74,0,,,
998,203518478,IㄴNoBiㄱI,III,3874,43826061,-1483856,25596090,2020040,269747,53381,0,1432857,11578345,86.11,0,,,
1005,204658009,メMiu ᴬᴱ,III,3874,37351829,3018237,15665963,978300,293279,307298,0,1776054,11455460,37.6,0,,,
1015,203904011,IㄴOptimus PㄱI,III,3874,31130731,3227758,20760376,1499820,286665,164694,0,4776587,11336340,21.01,0,,,
1023,206879063,Правитель206879063,III,3874,14332502,1000458,834773,67825,7536,721446,0,1478929,11168350,1.9,0,,,
1045,206872903,Lncbao26,III,3874,9270070,-1176222,726902,65270,0,703715,0,383536,10816805,3.34,0,,,
1048,205157944,メBABE ᴬᴱ,III,3874,36864996,875525,16031986,969811,308488,252912,0,2396524,10757804,30.26,0,,,
1059,206227876,JongUn Kim,III,3874,31415403,-1506386,10170556,823305,22366,470964,0,1498167,10581340,25.82,0,,,
1066,206309764,lIJane,III,3874,26233365,-864463,20379084,1470248,17525,290325,0,154932,10411117,228.85,0,,,
1068,204542377,lconxyztrfarm,III,3874,23478987,455280,2006820,200682,0,638184,0,452354,10375488,9.2,0,,,
1079,205625765,Rockyy Balboa,III,3874,34376707,3546772,15972396,1341756,121028,240711,0,6306196,10187969,12.2,0,,,
1080,203746249,冷血NAMIKAZE,III,3874,44903122,8131927,7002940,438416,130939,474971,0,2538662,10187619,11.62,0,,,
1092,206872675,XXZAFERXX,III,3874,9107623,-3147830,307120,0,15356,658922,0,1460,10037390,,0,,,
1099,206254628,CBA rokgaming,III,3874,36845395,2678667,13006707,1144384,57593,321998,0,917467,9983436,52.47,0,,,
1110,205034877,IㄴFam MinMin6ㄱI,III,3874,3122819,-989041,237610,3343,10209,648429,0,452800,9841897,,0,,,
1112,206873189,vzglayd,III,3874,10107237,-825351,745172,68510,3001,634505,0,549594,9821625,3.15,0,,,
1116,205078912,SuperBi x Dũng,III,3874,38609040,960580,3992088,233147,29357,571460,0,4466664,9798058,3.96,0,,,
1118,206865918,Правитель206865918,III,3874,20276935,1347522,543277,53990,0,637807,0,472627,9783065,2.45,0,,,
1132,203477270,DoiMoiEmThoi,III,3874,15926448,99381,5787698,410312,69180,480509,0,2753999,9540683,8.95,0,,,
1137,206369483,Tekko F1,III,3874,29841071,1068862,13426082,986112,89306,305134,0,7992503,9414518,8.09,0,,,
1138,203887088,IㄴHaoHaoWoodㄱI,III,3874,6305913,-883655,2862487,253489,3361,556010,0,282496,9387716,17.07,0,,,
1139,205184202,Ánh 2,III,3874,5554539,-1679585,309190,6707,12106,615162,0,197400,9375318,1.9,0,,,
1141,206820439,ALEQAP,III,3874,5922434,-897055,372530,37253,0,614325,0,131392,9363887,2.5,0,,,
1152,204935384,IㄴFam MinMin8ㄱI,III,3874,2237148,-556101,122770,2759,4759,608970,0,320800,9193176,,0,,,
1163,206500055,Gurando08 fam2,III,3874,7392277,-1057292,825611,73886,4323,579355,0,367873,9029099,4.36,0,,,
1164,206814389,advocate1,III,3874,19887498,2915579,1265050,110591,7957,566278,0,1523840,9016104,3.03,0,,,
1166,204480743,IㄴFam MinMin7ㄱI,III,3874,5421809,-1421412,303806,7477,11445,589590,0,263150,8988208,1.78,0,,,
1168,203915667,Gừng1,III,3874,6409470,-1502569,230070,819,11094,588740,0,216644,8945316,,0,,,
1170,206242894,Toma Prime,III,3874,34044982,1250212,11952037,664640,179472,296876,0,133152,8906420,138.97,0,,,
1172,207837830,fafa696969 farm,III,3874,21480007,3978238,683281,51874,6991,573563,0,944085,8880851,2.25,0,,,
1185,206276739,HuyHiHung,III,3874,18733296,2129409,8346993,712334,15656,381738,0,953381,8731966,31.26,0,,,
1190,203553430,tom 1,III,3874,5946137,-1615625,874358,22517,17203,562531,0,984538,8700063,2.83,0,,,
1193,205191030,ˢᵏWindyF3,III,3874,1342005,-1357974,186190,18619,0,568518,0,189650,8602246,,0,,,
1195,205456183,Mochi DD,III,3874,4050486,-937928,223660,18176,2095,564297,0,294940,8558109,,0,,,
1198,208853193,appa4,III,3874,3958289,-682495,59720,5972,0,565975,0,0,8513513,,0,,,
1222,208853493,appa3,III,3874,4344406,-620697,52950,5295,0,547438,0,0,8232750,,0,,,
1244,206503281,Gurando08 fam14,III,3874,7342718,-1141336,230680,23068,0,525740,0,242150,7978372,,0,,,
1246,203623184,HUYSP,III,3874,21410952,2838651,11750000,938219,111386,202819,0,5123512,7909021,11.03,0,,,
1249,206831414,PEPEISOPE,III,3874,7655501,-308245,370455,37036,0,516113,0,83713,7889839,,0,,,
1251,203715460,BANK  KD3874,III,3874,22640737,478448,5814388,245910,152590,355739,0,4524809,7845625,5.96,0,,,
1256,206390509,IㄴSVAINZㄱI,III,3874,35150593,2119790,6856884,561795,61498,329643,0,2408962,7806805,12.52,0,,,
1269,206850935,BillVan,III,3874,10984487,826206,898398,75297,5949,484889,0,1262727,7634013,2.57,0,,,
1275,205173306,IㄴFam MinMin1ㄱI,III,3874,5576055,-1092713,308010,2929,13936,494209,0,239400,7564211,2.1,0,,,
1277,206502654,Gurando08 fam15,III,3874,7271681,-957694,193790,3881,7749,497170,0,211175,7550564,,0,,,
1278,205694488,Gurando08 fam12,III,3874,7457465,-935062,156541,4378,5638,497808,0,202250,7541012,,0,,,
1312,206760038,Santrix grom,III,3874,16170708,2157724,792389,75578,1121,457800,0,477344,7180522,4.24,0,,,
1318,207773511,appa2,III,3874,4223090,-508147,38100,3810,0,471835,0,0,7092765,,0,,,
1330,207078406,Mexico Azteca,III,3874,26979408,4956369,3017212,227134,35208,381408,0,3295210,6981736,4.1,0,,,
1332,215730592,NewDAY,III,3874,7207603,-132196,385007,35579,0,454501,0,416729,6959831,2.21,0,,,
1339,206386162,ᴬᵀMaxRbs,III,3874,29773004,3954470,10933736,878632,101814,153616,0,3069621,6836908,16.96,0,,,
1340,204730785,Nhungfammaf,III,3874,25149747,239144,1437823,96176,23637,413657,0,311001,6825929,9.92,0,,,
1347,204961187,Ánh3,III,3874,3891679,-910255,288540,2368,13243,441256,0,263150,6760742,,0,,,
1366,206526315,TomaFarm3,III,3874,1240340,-539729,189880,18988,0,436655,0,167875,6625777,,0,,,
1374,206814868,CNMQ7235,III,3874,9113389,-1245492,135714,13451,0,432039,0,0,6534389,,0,,,
1375,205462700,Mochi L,III,3874,4377299,-727954,189890,12999,2995,429549,0,284400,6525181,,0,,,
1384,206468450,HongNgoc,III,3874,21902594,80269,8236593,523248,101075,221531,0,6483245,6426707,6.14,0,,,
1390,206828819,ᵛᶰ giabao,III,3874,9440266,-1075525,435440,43544,0,414377,0,7153,6389831,,0,,,
1394,206878220,ANH VĂN,III,3874,21387278,5460191,2198480,183664,8526,369141,0,1521263,6357031,5.81,0,,,
1395,206235633,TomaFarm17,III,3874,26955456,-1478780,13664721,1109170,25330,110933,0,2308910,6353975,28.23,0,,,
1406,203514786,tom 3,III,3874,5254097,-902509,780120,0,39006,393465,0,3975122,6292035,0.89,0,,,
1417,205424493,ˢᵏWindyF4,III,3874,983461,-829560,107960,10796,0,411335,0,194375,6213209,,0,,,
1421,206901447,Alejandro 23o,III,3874,21460447,3471013,7516935,587915,53898,218016,0,1207349,6160880,26.37,0,,,
1425,206812168,mmmm32,III,3874,20809690,3153129,1763442,120791,27633,355486,0,1825181,6091784,4.04,0,,,
1426,206164396,Kjhgfdssf,III,3874,1089260,-931082,100410,8255,893,402046,0,344,6072640,,0,,,
1430,203912658,Thắng3,III,3874,10453574,-1785070,797382,1952,38893,376403,0,2064143,6042783,1.63,0,,,
1434,216421410,NewSex,III,3874,6896181,202804,339041,27316,0,393956,0,279079,6018604,2.52,0,,,
1438,206026762,ᵂᶠMezaaa,III,3874,36879518,3418496,9969538,847167,73840,124826,0,1125756,5999458,39.86,0,,,
1445,205448333,ᶦ Leika ˢᴼ,III,3874,27343415,2162886,5753715,445551,62737,234007,0,1985405,5919679,12.96,0,,,
1448,206830539,الرحمن,III,3874,6161318,-1398976,119430,11943,0,385441,0,0,5829387,,0,,,
1472,203513985,IㄴBANK 3874ㄱI,III,3874,10176844,-84720,3300360,166513,78399,280900,0,12480185,5663542,1.29,0,,,
1475,206468551,GuenPee,III,3874,23424468,297124,7869283,567512,64480,182329,0,6478364,5649783,5.91,0,,,
1478,206838796,ˢᴴメwestreosメ,III,3874,8168912,-792293,518205,42934,4429,360345,0,692666,5621201,2.46,0,,,
1480,198647993,K i n g  Ragnar,III,3874,24017988,119234,834936,46963,18228,347722,0,177252,5585962,7.95,0,,,
1481,206844957,100 nhà trọ,III,3874,9491123,-341398,8291716,747315,38843,146476,0,3276804,5574830,12.11,0,,,
1483,203619182,KEN V FARM 3,III,3874,3883438,-1300270,475440,17044,15250,356521,0,694510,5568491,2.26,0,,,
1486,206491069,Ánhđây,III,3874,26866055,-227725,9689551,962100,0,111358,0,1852,5518770,427.95,0,,,
1487,206324823,of kvk,III,3874,13291144,-1276980,710669,51059,0,353633,0,304578,5508731,5.4,0,,,
1492,206819906,الغازي ارطغرل 9,III,3874,5878112,85161,309293,17401,0,360403,0,147469,5475649,3.04,0,,,
1493,206275491,Bố l,III,3874,9341894,-900493,617261,61682,0,348379,0,726023,5472413,2.87,0,,,
1494,204015189,mecf3,III,3874,3872701,-561627,43280,4328,0,363277,0,0,5466467,,0,,,
1497,206839996,Stolenarts,III,3874,6870235,124238,432999,40958,1170,349922,0,532546,5424362,2.45,0,,,
1502,206844283,Oskarprofi,III,3874,12034551,1434843,1040760,83270,0,336638,0,223652,5382650,9.29,0,,,
1507,206859118,Joker1987,III,3874,19622076,-2550569,417410,40343,699,343870,0,0,5326412,,0,,,
1517,212041016,ZURAxx,III,3874,5161473,-529481,351960,35196,0,343754,0,89545,5297094,4.06,0,,,
1521,206526564,TomaFarm4,III,3874,1638086,-427360,61350,1665,2235,347616,0,162099,5243250,,0,,,
1523,206816644,Cemil teğmen,III,3874,16847382,3543992,967172,9572,28158,325947,0,1076212,5209073,3.45,0,,,
1535,206853157,Adriánlopez2,III,3874,5548213,-1363015,812530,81253,0,321866,0,100722,5153002,9.61,0,,,
1543,203945925,IㄴTLamㄱI,III,3874,34946195,-336527,733666,58322,7473,316805,0,5761,5060093,,0,,,
1554,207544320,Mr bizzzzzzzzzz,III,3874,36736716,5891823,11688970,918427,125230,2465,0,4453326,4962983,13.12,0,,,
1563,206896273,Patriot1,III,3874,5628410,-2234751,387376,23627,474,320150,0,0,4901498,,0,,,
1570,203951811,frBin1,III,3874,4697304,-1325086,106060,10606,0,316957,0,0,4796779,,0,,,
1584,206196861,m9eq,III,3874,10552766,-2313114,923980,92398,0,285181,0,0,4647307,,0,,,
1589,206854882,Dangerouslady,III,3874,8847580,-1114857,223354,21999,0,299436,0,0,4579536,,0,,,
1594,206162141,ChouBơmLúa5,III,3874,1048895,-777839,124500,3096,4677,298419,0,126022,4535439,,0,,,
1604,204918803,KEN V FARM 2,III,3874,3813157,-849952,304980,8670,10914,289213,0,779747,4482015,1.43,0,,,
1618,204209021,mecf4,III,3874,3780268,-484365,42740,4274,0,290664,0,0,4377056,,0,,,
1622,204916397,KEN V FARM 1,III,3874,4052590,-734882,249880,6684,9152,282607,0,772356,4357361,,0,,,
1624,203524018,ᴺᴳHphuc,III,3874,34235748,257670,10355422,844121,95549,0,0,295785,4331974,175.05,0,,,
1625,206217494,buhdđ,III,3874,7780417,-341856,1184171,32223,43069,251178,0,2986680,4327252,1.83,0,,,
1642,207593660,Ren Xiaosu,III,3874,8220352,-351386,61880,6188,0,274731,0,132178,4145717,,0,,,
1646,203887318,Huy Bank,III,3874,17356477,-1800484,1183040,45049,26821,245314,0,118400,4128116,16.26,0,,,
1650,204106664,mecf5,III,3874,3604727,-553970,33280,3328,0,272770,0,0,4104862,,0,,,
1652,206987270,NeoGi,III,3874,29142193,3355881,2670764,181197,42926,196704,0,1036634,4104608,10.83,0,,,
1668,206882373,Phyonyan,III,3874,14196497,1351986,1303920,115315,4103,228003,0,1886205,3922335,3.08,0,,,
1675,193255245,sky ơi,III,3874,4004391,-1059313,190920,19092,0,252565,0,0,3864843,,0,,,
1683,186341924,SakuraTakanashi,III,3874,8483237,-1362843,308672,30855,0,247575,0,179994,3837045,3.61,0,,,
1684,207550360,ChuTước1,III,3874,4650783,96102,205255,17549,1424,250157,0,328430,3836791,,0,,,
1687,204579663,ᵛⁿʲHuyf4,III,3874,3663462,-463708,40930,3,2045,253690,0,138077,3825812,,0,,,
1699,204473446,mecf6,III,3874,3648088,-477238,42010,4201,0,245867,0,0,3704809,,0,,,
1708,206282069,VnMèoméomeo,III,3874,12483949,-1737341,558547,53137,1301,225121,0,385319,3602373,4.57,0,,,
1714,206851576,JAIVAS,III,3874,7275529,672834,1412007,44706,7879,220809,0,986688,3569749,5.85,0,,,
1727,203844128,balibeyTR16,III,3874,41080125,5150716,12536372,377404,171945,14916,0,29624636,3452806,2.11,0,,,
1741,206883720,الصقر509,III,3874,17217702,2546276,383727,8850,11227,213906,0,480448,3356260,2.76,0,,,
1747,203885192,Thắng2,III,3874,6226849,-1901100,644181,0,32209,199002,0,3619995,3307120,0.84,0,,,
1754,203939917,IㄴThangㄱI,III,3874,22175601,-2158826,834880,6504,38335,190756,0,2871901,3270706,1.36,0,,,
1761,206227170,Ánhfarm,III,3874,4825456,-354133,143080,14308,0,212075,0,336566,3238357,,0,,,
1769,206241604,Farm ánhne,III,3874,3626731,-508177,99120,9912,0,210683,0,0,3199893,,0,,,
1790,207252346,Ánh farmm,III,3874,2551878,77231,43490,4349,0,205986,0,356000,3107186,,0,,,
1793,215533385,lcolfarm2,III,3874,3169312,55386,122778,2221,4801,202914,0,181660,3100604,,0,,,
1816,206755658,Scrudg,III,3874,35037160,5389144,3907620,279488,48920,89932,0,818151,2956132,21.52,0,,,
1834,203894994,Tuânfam2,III,3874,12296936,1181866,565784,56578,0,178192,0,2035560,2899192,1.28,0,,,
1845,221498521,FyFarm3,III,3874,1695134,621472,23150,2315,0,186295,0,0,2803685,,0,,,
1854,206237537,TomaFarm14,III,3874,20709741,2502385,4248651,259205,77607,60884,0,159637,2726150,96.33,0,,,
1857,206855397,GOLDEN WARRIORS,III,3874,9189382,-1108177,490260,48484,271,167865,0,445250,2714621,4,0,,,
1869,207003414,BrightPeak,III,3874,2839130,-323155,15575,1198,178,177530,0,0,2669522,,0,,,
1870,200503138,MaybeDadツ,III,3874,21923217,1685310,6506650,585151,32757,0,0,2811302,2668174,11.57,0,,,
1872,206464219,ImNewbiez,III,3874,32348808,227460,3353030,269579,32862,82985,0,258197,2651711,49.14,0,,,
1876,203976754,mecf2,III,3874,3737381,-545399,30440,3044,0,174881,0,0,2635391,,0,,,
1877,205474779,Fam Nhung,III,3874,2980874,151240,145102,14299,0,171118,0,237950,2623966,,0,,,
1881,206227431,Ánh farm nè,III,3874,4116583,-218989,54830,5479,0,172745,0,276800,2613091,,0,,,
1884,203887531,ˢʷMaria Bé,III,3874,10886276,-143785,1330120,3276,64868,129715,0,5519769,2607509,1.18,0,,,
1888,204148551,dhoangbimuted,III,3874,19061882,1807574,4722099,129371,163409,29082,0,6557808,2587804,3.58,0,,,
1891,207003041,Zynq,III,3874,2816427,-314606,15471,1205,171,171641,0,0,2581145,,0,,,
1893,203517210,IㄴHaoHaoFoodㄱI,III,3874,6649882,-196279,622416,57008,1268,155298,0,111462,2570182,11.67,0,,,
1895,207550088,ChuTước2,III,3874,4599419,69154,214309,15694,2867,164817,0,261800,2563701,,0,,,
1905,207548119,ChuTước4,III,3874,4784818,286314,326210,27590,2515,156490,0,1089163,2482860,1.31,0,,,
1910,204486700,IㄴFam MinMin5ㄱI,III,3874,6655287,-389445,240340,6104,8965,155924,0,219975,2452926,,0,,,
1916,203971976,mecf1,III,3874,3496139,-355689,19110,1911,0,160562,0,0,2416074,,0,,,
1919,206211170,Herakleion,III,3874,30197060,3642093,4794698,403584,37858,26575,0,1785428,2391541,13.23,0,,,
1921,204859100,愛してる F2,III,3874,5555278,42771,120780,12078,0,155839,0,410800,2385897,,0,,,
1922,207005671,RustHill,III,3874,2821783,-297496,16205,1246,186,157813,0,0,2374039,,0,,,
1927,203669089,BiEsc F1乄,III,3874,16902910,1372066,1673003,104576,31353,108059,0,1888362,2352719,4.19,0,,,
1939,206850167,Witek544,III,3874,2108061,226415,186270,13027,0,147372,0,99159,2262688,,0,,,
1943,203664198,Hoàng Tuấnn,III,3874,38678945,430253,4165456,371494,0,48698,0,0,2216446,,0,,,
1945,207005264,Supplier 74,III,3874,2867037,-295150,15805,1218,180,146565,0,0,2205147,,0,,,
1947,207109125,DragonKingdomSS,III,3874,9350671,-1210148,909452,49356,0,132808,0,0,2189544,,0,,,
1949,207547781,ChuTước3,III,3874,4753422,266958,362944,30533,2880,135730,0,1193474,2186882,1.37,0,,,
1955,207549349,ChuTước6,III,3874,4681059,134789,355204,29223,3148,131479,0,1102302,2120557,1.44,0,,,
1963,208244982,lcol,III,3874,5352475,464618,111340,0,5567,132181,0,336362,2038385,,0,,,
1964,205465482,Mochi G,III,3874,5070154,-29645,125330,11405,564,132174,0,284400,2033870,,0,,,
1965,205663425,Leika3,III,3874,4543346,-590069,255544,25456,0,128727,0,0,2032729,,0,,,
1969,204312098,Gurando08 fam5,III,3874,11079544,101773,1798590,160865,9497,84508,0,186286,2006050,33.21,0,,,
1971,206878600,baogaming,III,3874,2518600,549485,30610,3061,0,131724,0,196901,1988104,,0,,,
1975,211245475,baotrfarm,III,3874,1680266,-29623,62680,3824,1222,128922,0,260379,1961346,,0,,,
1982,204129795,IㄴHaoHaofood3,III,3874,2537371,236447,88567,6910,606,126025,0,86021,1924075,,0,,,
1986,204695538,glitchF5,III,3874,26042581,249735,2468265,204945,20481,55502,0,633127,1857120,17.92,0,,,
1987,206830299,Agus kopling,III,3874,2172180,-300153,245000,19064,0,118588,0,19106,1855076,,0,,,
1990,206500625,Gurando08 fam3,III,3874,10373820,100896,1787173,158426,10124,74299,0,71236,1849429,61.4,0,,,
1998,206877136,Isaiah 54 14 f2,III,3874,27409799,3352211,1143361,63853,18387,91956,0,1045678,1818622,5.03,0,,,
1999,207004667,Voxen96,III,3874,2829236,-280759,28022,2777,0,120342,0,0,1816238,,0,,,
2002,207549611,ChuTước5,III,3874,4677855,72151,332074,28930,2138,111117,0,1358959,1803855,1.13,0,,,
2004,60804350,FarmTrung1,III,3874,5486812,-1140661,76128,7268,0,117105,0,0,1785647,,0,,,
2017,203849979,SuperBu3,III,3874,14555363,1873960,485675,44583,1758,102926,0,966470,1739802,2.27,0,,,
2024,207001792,IronLeaf,III,3874,2793349,-240044,19250,1917,0,112529,0,0,1695603,,0,,,
2030,206819476,ᵛᶰ SkiF27,III,3874,16933034,4105618,3050825,145279,0,73272,0,115997,1680196,80.59,0,,,
2031,207002152,DriftX,III,3874,2823599,-250033,32875,3158,0,111051,0,0,1678397,,0,,,
2045,207006663,SignalCore,III,3874,2819101,-243005,88410,8841,0,105351,0,42330,1615629,,0,,,
2047,207833828,ˢᵏWindyF8,III,3874,1294236,-502958,100450,10045,0,104672,0,210125,1610260,,0,,,
2050,203514975,Fierce Kieu,III,3874,33825254,470965,4552218,400886,0,0,0,45119,1603544,,0,,,
2051,211927824,StolenartsSTK,III,3874,2104248,346519,99952,9205,395,104036,0,410630,1601310,,0,,,
2053,207001569,SteelPine,III,3874,2864519,-262854,12214,941,138,105996,0,0,1595084,,0,,,
2054,207527490,Tuan fam1,III,3874,13398620,1689380,467190,46719,0,93332,0,987979,1586856,2.16,0,,,
2058,207002922,Axen22,III,3874,2858013,-261397,16276,1168,228,103901,0,0,1565467,,0,,,
2066,207005528,DeepBay,III,3874,2852403,-240638,10619,813,123,100042,0,0,1505112,,0,,,
2070,206053185,ˢᵏWindyF6,III,3874,2605699,-798479,151460,15146,0,95093,0,201830,1486979,,0,,,
2085,207481381,ˢᵏWindyF7,III,3874,1339384,-512887,104220,10422,0,90507,0,156588,1399293,,0,,,
2088,203525825,ᴠɴムDIN0ム,III,3874,41185768,1341955,3355670,299661,17953,0,0,132461,1378174,126.67,0,,,
2103,206827053,ᵛᶰviệtnam,III,3874,26350904,3051010,1272846,97554,14644,52265,0,1036376,1320631,5.85,0,,,
2105,204145204,IㄴHaoHaowoodI,III,3874,3006885,337907,60620,6062,0,85498,0,433871,1306718,,0,,,
2108,203958797,M1nDy,III,3874,33737803,441608,5551244,201362,338,32814,0,1938999,1301038,14.08,0,,,
2111,207003288,ByteForge,III,3874,2872547,-240594,10515,803,123,85962,0,0,1293872,,0,,,
2117,204309947,Gurando08 fam1,III,3874,10805749,430833,1379990,103138,17414,44070,0,181989,1247742,30.52,0,,,
2118,25148923,FYUDZY,III,3874,5509070,-8009,21320,2132,0,82605,0,311800,1247603,,0,,,
2129,203573049,Lạcᶠᵃᵐ,III,3874,11611842,1630215,134186,7257,0,78703,0,1278907,1209573,,0,,,
2132,198141511,Полтос,III,3874,3474551,576278,104390,10439,0,77155,0,150450,1199081,,0,,,
2133,206234381,Farm ánnh,III,3874,10102694,-28468,2274374,163149,31882,14717,0,2641960,1192171,4.28,0,,,
2147,206877480,UBAMUNKU,III,3874,5057711,-91187,97777,6639,0,72952,0,162704,1120836,,0,,,
2159,208572757,veomfarmf,III,3874,14996307,1930658,2190360,19938,99549,0,0,4984292,1075242,2.2,0,,,
2174,206873464,Aninnha,III,3874,16747541,4098749,1576643,769,30,67798,0,157234,1020346,35.03,0,,,
2177,203895901,ˢʷMaria Nhỏ,III,3874,10210016,-197819,1870507,11731,87162,5612,0,6023295,1002724,1.55,0,,,
2179,205789578,딸기맛비누,III,3874,32002806,-3753483,2321924,161452,35370,0,0,349152,999508,33.25,0,,,
2181,203885535,DEMİR ADAM,III,3874,25857492,3626124,1545986,137015,4584,26229,0,790805,987335,9.46,0,,,
2182,206229208,Thống đốc206229208,III,3874,27625301,342878,2390670,212961,13053,0,0,182421,982374,65.53,0,,,
2194,207868794,glitchF10,III,3874,3477260,-91082,134332,12987,150,59669,0,418073,948483,,0,,,
2198,206502002,Gurando08 fam8,III,3874,9053711,93580,1213610,114131,3615,29200,0,3873,930674,,0,,,
2210,207870524,glitchF14,III,3874,2893425,25105,27530,2753,0,57293,0,257931,870407,,0,,,
2213,220198493,Ceoceo in 3874,III,3874,2505377,530951,51810,2389,1396,54943,0,208625,847661,,0,,,
2227,208656893,VENOM STONE,III,3874,12976976,1418620,701675,33045,18427,31369,0,316885,786985,10.07,0,,,
2229,206227743,ᴰᴴExwaer,III,3874,18905228,134901,1739868,139603,0,14993,0,985,783307,,0,,,
2230,205479121,VENOM FOOD,III,3874,17231173,1449366,678692,34001,16797,31732,0,262869,779954,11.52,0,,,
2231,204222051,IㄴHaoHaostone,III,3874,2595939,265938,22960,1172,562,50649,0,259006,770043,,0,,,
2245,175449053,우wea,III,3874,22234304,6025725,586728,56505,877,33693,0,126960,740185,18.26,0,,,
2262,206876731,米來,III,3874,25718860,4161333,2418104,162226,0,1655,0,4496333,673729,2.69,0,,,
2271,206818432,loofyx,III,3874,8120258,352683,46461,6,2318,40420,0,138859,629504,,0,,,
2288,203670726,Trâmneef,III,3874,22185694,1575855,1441952,144195,0,0,0,514881,576780,14,0,,,
2293,203525993,IㄴPuNaㄱI,III,3874,37172569,1735245,1208058,111071,4823,4632,0,1098675,561994,5.47,0,,,
2296,204222049,IㄴHaoHaogold,III,3874,3704253,963250,54468,5091,2,35714,0,66647,556094,,0,,,
2318,206867125,Dduwcss,III,3874,2132203,482774,32470,3247,0,31165,0,136900,480463,,0,,,
2321,205088386,michi997,III,3874,9488581,258728,523790,37023,7678,16643,0,135843,474517,17.18,0,,,
2331,204315923,Gurando08 fam7,III,3874,10267391,152496,367740,33400,1687,19076,0,6053,436610,,0,,,
2340,204471440,愛してる F1,III,3874,5682253,53097,821092,60402,0,11226,0,533576,409998,7.54,0,,,
2346,206163195,Tetudo,III,3874,19447363,-627030,991620,99162,0,0,0,2514566,396648,1.97,0,,,
2348,206912030,Flcon,III,3874,8130744,628735,100060,1760,4123,23020,0,357714,393570,,0,,,
2352,208656687,VENOM WOOD,III,3874,13640657,1533842,138190,6267,3776,21443,0,222145,384473,,0,,,
2354,203865464,Iㄴtuấnㄱ fam,III,3874,26558623,-2066752,937930,90789,1502,0,0,156239,378176,30.02,0,,,
2355,205459431,Mochi D,III,3874,4712513,143561,78990,7427,236,22500,0,281766,369568,,0,,,
2379,206837964,VnThichca,III,3874,22477429,2582549,747910,54647,10072,0,0,296505,319308,12.61,0,,,
2392,203627040,ムChip 02ム,III,3874,27192473,3367934,1059372,73808,0,0,0,2366740,295232,2.24,0,,,
2400,206890516,ᴳᴷBinhTiên,III,3874,27009988,605637,737017,70496,486,0,0,523034,286844,7.05,0,,,
2402,205544528,Farm ánh3,III,3874,2285206,-158118,85790,8579,0,16714,0,213099,285026,,0,,,
2406,204025508,Thắng 7,III,3874,8181650,349253,391271,9655,14622,6204,0,1014968,277900,1.92,0,,,
2409,205977357,Ánh mè,III,3874,10742656,59411,552320,0,27616,0,0,2075493,276160,,0,,,
2432,206457445,ムChip 01ム,III,3874,20637334,3948881,963444,60644,0,0,0,2070006,242576,2.33,0,,,
2458,194431126,BowserFury,III,3874,16191846,-318144,160050,15077,0,10104,0,126387,211868,,0,,,
2471,204121930,IㄴHaoHaoStoneㄱI,III,3874,8085025,850274,438892,30525,0,4632,0,127347,191580,16.63,0,,,
2474,206874302,mekd,III,3874,1068133,-156228,26760,2676,0,11749,0,0,186939,,0,,,
2476,206871030,tungnb,III,3874,14001268,3673467,414270,22883,9272,0,0,754888,184252,2.74,0,,,
2477,211341971,mouse530farm,III,3874,1042852,-200166,10350,1035,0,11812,0,200,181320,,0,,,
2481,206878649,Thien phuc2015,III,3874,29987321,4711845,377000,15740,10980,0,0,986889,172760,,0,,,
2482,204222048,IㄴHaoHaofood,III,3874,2736921,474752,39180,3918,0,10458,0,262808,172542,,0,,,
2484,206853684,BOGDARES,III,3874,17053845,2951881,424162,0,0,11228,0,587,168420,,0,,,
2485,205205183,ˢᵏMochi 1,III,3874,7028187,734375,338210,1031,16395,0,0,677473,168074,2.5,0,,,
2490,203881226,q33,III,3874,26610203,660844,411960,41196,0,0,0,265336,164784,7.76,0,,,
2495,206879297,dkanxjzh,III,3874,2226106,510679,40216,0,0,10638,0,412,159570,,0,,,
2498,203945962,Cbum1,III,3874,14476532,427892,313160,0,15658,0,0,879778,156580,,0,,,
2514,206241415,ˢᵏᶜChóCon,III,3874,12068004,-873939,138530,13853,0,5357,0,0,135767,,0,,,
2515,204727623,明芳mochi,III,3874,32151197,946388,281830,5641,11271,0,0,798642,135274,,0,,,
2516,208291134,Z nanoto,III,3874,10464079,219821,337780,33778,0,0,0,1577096,135112,,0,,,
2524,206833584,Bluskyco,III,3874,5005692,-422789,251465,0,12371,0,0,40823,123710,,0,,,
2529,206766873,Huy đá 01,III,3874,1249379,-48135,12820,10,636,7594,0,123326,120310,,0,,,
2543,203851118,SuperBu2,III,3874,15649687,2662935,251543,15772,4691,0,0,905454,109998,,0,,,
2546,203741498,SuperBu1,III,3874,15309657,2431397,239890,17523,3233,0,0,856300,102422,,0,,,
2548,208289022,ᵛᶰtuấn,III,3874,10084895,878111,255000,25500,0,0,0,1963972,102000,,0,,,
2558,206850556,Boshy 111,III,3874,5991252,-89518,221050,22105,0,0,0,0,88420,,0,,,
2559,209342853,Tomari N2O,III,3874,1309149,-401740,25560,2556,0,5159,0,0,87609,,0,,,
2562,205143426,WindyF2,III,3874,3006394,-421879,213280,21328,0,0,0,237747,85312,,0,,,
2572,206180993,khoaicornToT,III,3874,20962907,356649,194370,19437,0,0,0,33321,77748,,0,,,
2583,204629979,明芳mochii,III,3874,27136044,929146,150700,4830,5120,0,0,263111,70520,,0,,,
2585,206825242,BaRbArIaN,III,3874,22260739,2556933,172530,17253,0,0,0,423092,69012,,0,,,
2605,206852679,Jack valero,III,3874,12400315,2211946,135210,10641,1440,0,0,298395,56964,,0,,,
2624,222085194,faraonfarm3,III,3874,2639649,827211,106270,10627,0,472,0,636115,49588,,0,,,
2632,206270618,TomaFarm16,III,3874,8571236,0,151921,11071,0,0,0,20107,44284,,0,,,
2633,206833972,Jamo1214,III,3874,4194968,9600,109160,10916,0,0,0,125918,43664,,0,,,
2640,206370040,Nick Series,III,3874,4256675,-273890,192062,10273,0,0,0,3221,41092,,0,,,
2643,204757111,Windy F1,III,3874,1741978,-273296,93680,7350,1009,0,0,186500,39490,,0,,,
2652,204750739,Michii977,III,3874,12268530,608426,88170,8817,0,0,0,231653,35268,,0,,,
2655,206847132,Mexico norte,III,3874,8379185,1616571,172536,0,2200,797,0,346654,33955,,0,,,
2658,204527141,súplơf3,III,3874,3971225,255589,84430,8443,0,0,0,375486,33772,,0,,,
2662,206168280,Thànhf1,III,3874,4175724,897054,80472,8047,0,0,0,280934,32188,,0,,,
2686,206840536,I will be p tu,III,3874,1138214,77329,3278,0,0,1668,0,25,25020,,0,,,
2688,207119742,ˢᵏWindyF5,III,3874,1014829,-182185,60920,6092,0,0,0,147694,24368,,0,,,
2690,205188550,Súplơf1,III,3874,5612909,425864,60360,6036,0,0,0,195710,24144,,0,,,
2702,206824310,mehmet han06,III,3874,11925354,1502281,3213,0,0,1519,0,13170,22785,,0,,,
2713,205345816,Súplơf2,III,3874,4699319,317484,52730,5273,0,0,0,301578,21092,,0,,,
2727,206852092,VoldeMar,III,3874,7837436,794167,46080,4608,0,0,0,183046,18432,,0,,,
2737,221264395,74TPF2,III,3874,3333066,1774455,45441,4308,0,0,0,168307,17232,,0,,,
2760,207369081,Demonshade farm,III,3874,4977887,489504,34890,3489,0,0,0,1536143,13956,,0,,,
2761,193297002,Gobernador193297002,III,3874,20294879,322279,34120,3412,0,0,0,78810,13648,,0,,,
2770,204545801,CẩmVân Farm1,III,3874,5996637,96300,30970,3097,0,0,0,88991,12388,,0,,,
2771,204882477,愛してる F3,III,3874,5277390,0,30560,3056,0,0,0,290598,12224,,0,,,
2787,204720705,glitchF16,III,3874,3580957,-17675,24980,2498,0,0,0,176575,9992,,0,,,
2789,209435405,CBA farm70,III,3874,3654806,179098,24840,2484,0,0,0,97077,9936,,0,,,
2792,207552187,MarioMilano030,III,3874,16340093,2048382,23970,2397,0,0,0,184191,9588,,0,,,
2799,205150103,Sai Đẹp Farm,III,3874,5585642,1881264,17940,0,897,0,0,292836,8970,,0,,,
2816,205434642,glitchF7,III,3874,5618705,167232,17780,1778,0,0,0,143682,7112,,0,,,
2838,207295265,36pham2,III,3874,2444043,-21141,11702,394,388,0,0,89041,5456,,0,,,
2842,207295734,36thpham,III,3874,2864381,35550,10950,431,332,0,0,121323,5044,,0,,,
2843,211781132,Thống đốc211781132,III,3874,4206575,585554,285922,0,0,336,0,33179,5040,,0,,,
2846,217572775,HerakleionF2,III,3874,8097016,1747850,12320,1232,0,0,0,79850,4928,,0,,,
2853,204828101,michi9777,III,3874,7289515,253700,11340,1134,0,0,0,76783,4536,,0,,,
2855,206821423,JojoCali626,III,3874,5132820,135853,11270,1127,0,0,0,68446,4508,,0,,,
2857,203664309,ˢʷHuyBoss,III,3874,39500693,863606,11050,1105,0,0,0,3673,4420,,0,,,
2863,206837600,MATTIAS1212,III,3874,1905139,-261379,9840,984,0,0,0,0,3936,,0,,,
2870,206810740,ceko2121,III,3874,840588,-218492,9000,900,0,0,0,0,3600,,0,,,
2893,204721457,glitchF13,III,3874,3823886,99236,6928,404,90,0,0,105506,2516,,0,,,
2894,221264438,74TPF3,III,3874,3263638,1697706,6240,624,0,0,0,101673,2496,,0,,,
2907,205399522,glitchF9,III,3874,4128667,0,5180,378,70,0,0,129110,2212,,0,,,
2911,206995041,glitchF12,III,3874,3899668,86636,4240,216,104,0,0,134693,1904,,0,,,
2920,207162552,Sukuna Farm,III,3874,9924351,-297452,94828,387,0,0,0,23451,1548,,0,,,
2922,220198507,CeoceoF2,III,3874,2160114,441054,3740,374,0,0,0,20658,1496,,0,,,
2925,205455115,glitchF6,III,3874,5299123,0,3490,349,0,0,0,114070,1396,,0,,,
2926,215194046,愛してる F4,III,3874,3830657,391273,3586,348,0,0,0,55461,1392,,0,,,
2928,206880217,Hrujdjdhd,III,3874,1161679,31099,7510,326,0,0,0,2153,1304,,0,,,
2948,205146827,glitchF8,III,3874,4073306,0,1020,102,0,0,0,67902,408,,0,,,
2957,206879048,lenoxx,III,3874,3801640,0,0,0,0,0,0,0,0,,0,,,
2964,206465863,KA raijinos,III,3874,1476787,0,0,0,0,0,0,0,0,,0,,,
2969,206639274,Dakke02,III,3874,1878568,0,0,0,0,0,0,0,0,,0,,,
2981,217525082,Hphuc farm 1,III,3874,2501464,0,0,0,0,0,0,0,0,,0,,,
2987,183620625,BatmanPlayRok2,III,3874,1805848,0,0,0,0,0,0,0,0,,0,,,
2998,206846001,Sandro88,III,3874,15046420,0,0,0,0,0,0,0,0,,0,,,
2999,206157285,ᶻᵉʳᵒNeko,III,3874,23675488,0,0,0,0,0,0,0,0,,0,,,
3005,206208603,phunqmin,III,3874,2103184,0,0,0,0,0,0,0,0,,0,,,
3009,206824010,КУКУЕВО,III,3874,10109872,0,0,0,0,0,0,0,0,,0,,,
3010,220283098,Farm NQP,III,3874,4241519,1223027,0,0,0,0,0,0,0,,0,,,
3012,206864387,GAGO,III,3874,771299,0,0,0,0,0,0,0,0,,0,,,
3029,206230273,TomaFarm5,III,3874,4397278,0,0,0,0,0,0,0,0,,0,,,
3031,206271794,TomaFarm,III,3874,1377835,48334,0,0,0,0,0,0,0,,0,,,
3046,206812264,Phee11,III,3874,5776143,0,0,0,0,0,0,0,0,,0,,,
3069,209697708,ᴱᴶTomariHCL,III,3874,2572011,234627,0,0,0,0,0,0,0,,0,,,
3072,207002303,ᴳᴷKillua,III,3874,3275321,0,0,0,0,0,0,0,0,,0,,,
3077,208647111,farmchingchong,III,3874,1839580,0,0,0,0,0,0,0,0,,0,,,
3110,207515838,xhinz,III,3874,9303105,355378,0,0,0,0,0,0,0,,0,,,
3118,208960970,Qumasterfarm,III,3874,2281404,176042,0,0,0,0,0,869,0,,0,,,
3119,207663325,Penyu madura,III,3874,1645565,0,0,0,0,0,0,0,0,,0,,,
3132,208427649,Ajnabi05,III,3874,958892,0,0,0,0,0,0,0,0,,0,,,
3139,207001949,Riverlane,III,3874,3063181,0,0,0,0,0,0,0,0,,0,,,
3143,206844376,Rewan95,III,3874,28226712,2171792,0,0,0,0,0,14,0,,0,,,
3158,206815671,ADİL HASAN,III,3874,1075877,0,0,0,0,0,0,0,0,,0,,,
3167,206811590,SHARK F2P,III,3874,843348,0,0,0,0,0,0,0,0,,0,,,
3172,215918440,Clonefarm1,III,3874,2667942,0,0,0,0,0,0,0,0,,0,,,
3183,206345445,Jasonous,III,3874,10390773,331198,0,0,0,0,0,11,0,,0,,,
3188,206848765,Tvarohman,III,3874,13473532,0,0,0,0,0,0,0,0,,0,,,
3192,207768846,Igoryan07,III,3874,1023307,0,0,0,0,0,0,0,0,,0,,,
3209,206830253,JLZZ 0 2,III,3874,4185426,1523399,0,0,0,0,0,0,0,,0,,,
3219,206826503,Leartnes,III,3874,957427,0,0,0,0,0,0,0,0,,0,,,
3242,207826112,DuyLonggg,III,3874,12625591,2874809,0,0,0,0,0,12515,0,,0,,,
3243,206818535,King one top,III,3874,849946,0,0,0,0,0,0,0,0,,0,,,
3246,206553206,YagForYou,III,3874,3383209,10719,0,0,0,0,0,0,0,,0,,,
3247,210101321,CrusherFarm,III,3874,2669030,0,0,0,0,0,0,0,0,,0,,,
3250,206808837,ᴰᴮ swh,III,3874,1110168,0,0,0,0,0,0,0,0,,0,,,
3255,206274511,S1G33,III,3874,1677861,0,0,0,0,0,0,0,0,,0,,,
3261,196986437,ARTHGG,III,3874,3091898,8205,0,0,0,0,0,0,0,,0,,,
3296,208427267,Ajnabi04,III,3874,1086806,0,0,0,0,0,0,0,0,,0,,,
3298,206833632,jeffJS,III,3874,17928422,155932,0,0,0,0,0,17244,0,,0,,,
3311,206843552,PhướcRồng,III,3874,4798280,0,0,0,0,0,0,0,0,,0,,,
3316,206483774,Gurando08 fam10,III,3874,9481225,184000,2,0,0,0,0,12870,0,,0,,,
3332,206236136,FrauMunt,III,3874,8521572,404648,0,0,0,0,0,0,0,,0,,,
3334,206811899,ᴸᴬZõrø,III,3874,13727214,0,0,0,0,0,0,0,0,,0,,,
3358,205123104,VawnNgocjF3,III,3874,3261495,11766,0,0,0,0,0,0,0,,0,,,
3369,193100120,DamlerFarm1,III,3874,1521167,0,0,0,0,0,0,0,0,,0,,,
3371,204913967,kingsfarm4,III,3874,829650,0,0,0,0,0,0,0,0,,0,,,
3374,207532576,Farmmmm82,III,3874,1123645,0,0,0,0,0,0,0,0,,0,,,
3375,206814723,cgfutdhf,III,3874,1445898,0,0,0,0,0,0,0,0,,0,,,
3379,206831785,땡이냥,III,3874,15770836,1030819,0,0,0,0,0,17121,0,,0,,,
3381,206472609,ᴰᴴ Kent,III,3874,28433382,818944,0,0,0,0,0,5336,0,,0,,,
3391,206166128,Thànhf2,III,3874,4227335,954364,0,0,0,0,0,0,0,,0,,,
3404,203517347,Tòn3,III,3874,5013174,368135,0,0,0,0,0,0,0,,0,,,
3408,206844134,Hotcasanova,III,3874,1388942,122263,0,0,0,0,0,0,0,,0,,,
3410,206845170,Le0n1das 300,III,3874,1224964,0,0,0,0,0,0,0,0,,0,,,
3423,203630617,Tòn2,III,3874,4957829,402249,0,0,0,0,0,0,0,,0,,,
3430,221264272,74TPF1,III,3874,3390467,1796126,0,0,0,0,0,53317,0,,0,,,
3432,206870601,Quỷ dạ xoa,III,3874,24770733,2784308,0,0,0,0,0,68423,0,,0,,,
3441,206843469,eddo axxl,III,3874,1709133,0,0,0,0,0,0,0,0,,0,,,
3449,208428789,Ajnqbi08,III,3874,1131349,0,0,0,0,0,0,0,0,,0,,,
3473,206880428,Правитель206880428,III,3874,6233705,419242,0,0,0,0,0,0,0,,0,,,
3482,206234955,ChIngchoong,III,3874,2293821,0,0,0,0,0,0,0,0,,0,,,
3506,206883884,Phúc 10,III,3874,1208759,118979,0,0,0,0,0,0,0,,0,,,
3515,207779135,offx,III,3874,3751027,0,0,0,0,0,0,0,0,,0,,,
3531,206874990,Martinzzyoung,III,3874,16601392,1101939,0,0,0,0,0,0,0,,0,,,
3538,206832610,Governor206832610,III,3874,21092061,3682314,0,0,0,0,0,49591,0,,0,,,
3540,206324121,NightfuryFARM6,III,3874,8304714,0,0,0,0,0,0,0,0,,0,,,
3556,206835703,OSMANLI BEYLi,III,3874,1192639,0,0,0,0,0,0,0,0,,0,,,
3564,206321822,ˢᵏᶜ BAO,III,3874,14446439,0,0,0,0,0,0,0,0,,0,,,
3568,208969447,RUSDEFENDER,III,3874,4996292,0,0,0,0,0,0,0,0,,0,,,
3570,206833109,TMOG,III,3874,5837104,0,0,0,0,0,0,0,0,,0,,,
3573,206407217,ˢᵏᶜNico,III,3874,21946213,0,0,0,0,0,0,0,0,,0,,,
3575,206842876,billeybobs2,III,3874,8710417,0,0,0,0,0,0,0,0,,0,,,
3576,208428328,Ajnabi07,III,3874,1021244,0,0,0,0,0,0,0,0,,0,,,
3579,206936170,F A M D U M U C,III,3874,930204,0,0,0,0,0,0,0,0,,0,,,
3588,204078939,Nabifam 3,III,3874,2519198,0,0,0,0,0,0,0,0,,0,,,
3592,206158938,Bindaden,III,3874,16060477,0,0,0,0,0,0,0,0,,0,,,
3597,207001423,Windtrail,III,3874,3205620,0,0,0,0,0,0,0,0,,0,,,
3598,214434713,Blackbeard323,III,3874,1082328,10000,0,0,0,0,0,0,0,,0,,,
3600,206825403,cHAdabi,III,3874,1268026,0,0,0,0,0,0,0,0,,0,,,
3604,203949872,maMİN,III,3874,4310836,0,0,0,0,0,0,0,0,,0,,,
3608,61138038,JohnWick701,III,3874,2857629,0,0,0,0,0,0,0,0,,0,,,
3620,207293407,Toma Farm 1,III,3874,5718031,240603,2,0,0,0,0,0,0,,0,,,
3641,204181871,冷 血NAMIKAZE,III,3874,19925539,971040,0,0,0,0,0,9481,0,,0,,,
3651,206180456,sreth4567uj67yt,III,3874,1362263,0,0,0,0,0,0,0,0,,0,,,
3661,206089544,777Kaiser777,III,3874,14686483,0,0,0,0,0,0,0,0,,0,,,
3664,206904331,Todaynice,III,3874,7974044,159853,0,0,0,0,0,0,0,,0,,,
3666,207437558,ˢᴴPravitel,III,3874,1740972,0,0,0,0,0,0,0,0,,0,,,
3671,222421528,Luрus,III,3874,4135372,1877418,0,0,0,0,0,14060,0,,0,,,
3695,206731903,Momento More,III,3874,1612971,71801,0,0,0,0,0,0,0,,0,,,
3697,208426722,Ajnabi02,III,3874,1085955,0,0,0,0,0,0,0,0,,0,,,
3706,206844034,Nathinios,III,3874,8705758,0,0,0,0,0,0,0,0,,0,,,
3717,206866516,VSenl cris,III,3874,19918649,3366380,3535,0,0,0,0,7364,0,,0,,,
3722,206820855,batosai1983,III,3874,6102276,0,0,0,0,0,0,0,0,,0,,,
3725,207945063,ˢᵏᶜQuang4,III,3874,1383171,0,0,0,0,0,0,0,0,,0,,,
3729,206333111,ᴬˣVelDraK乂,III,3874,15090712,1386519,52,0,0,0,0,74911,0,,0,,,
3737,206864130,JoxueVD,III,3874,3937729,381722,0,0,0,0,0,6071,0,,0,,,
3747,206829162,Paradize 95,III,3874,9917161,0,0,0,0,0,0,0,0,,0,,,
3748,211707045,bnk37,III,3874,2355797,195488,0,0,0,0,0,0,0,,0,,,
3752,206819230,tịnhh,III,3874,1630188,0,0,0,0,0,0,0,0,,0,,,
3756,196904182,Правитель196904182,III,3874,2400063,0,0,0,0,0,0,0,0,,0,,,
3762,206838233,ᴷᴴNICOfrm,III,3874,2751337,0,0,0,0,0,0,0,0,,0,,,
3767,205971943,Châufam,III,3874,20781183,0,0,0,0,0,0,0,0,,0,,,
3773,206870472,피자 감자,III,3874,5421352,143387,0,0,0,0,0,3267,0,,0,,,
3784,206817056,TomaToma1,III,3874,776669,0,0,0,0,0,0,0,0,,0,,,
3791,206879176,Quynhnhi,III,3874,2206685,0,0,0,0,0,0,0,0,,0,,,
3814,206834602,MORYACHOK,III,3874,2735069,0,0,0,0,0,0,0,0,,0,,,
3815,219047056,appa6,III,3874,3040892,134277,0,0,0,0,0,0,0,,0,,,
3829,206850540,Dawosp,III,3874,5594274,0,0,0,0,0,0,0,0,,0,,,
3833,207456168,Châu F2Pfam,III,3874,6035692,0,0,0,0,0,0,0,0,,0,,,
3843,207777219,offc,III,3874,3343048,0,0,0,0,0,0,0,0,,0,,,
3849,204815296,Farm01Khalid,III,3874,6131265,0,0,0,0,0,0,0,0,,0,,,
3877,206862833,FoGus,III,3874,11856262,0,0,0,0,0,0,0,0,,0,,,
3884,206394340,ᶜᵸKING GON,III,3874,3166025,0,0,0,0,0,0,0,0,,0,,,
3886,206372743,ᴬˣVisprzz乂,III,3874,9874075,200308,0,0,0,0,0,0,0,,0,,,
3908,206865819,indio2416,III,3874,3142486,582073,0,0,0,0,0,176474,0,,0,,,
3927,206888958,Slimesxxx,III,3874,7840266,189306,0,0,0,0,0,0,0,,0,,,
3931,206829945,farm cua van,III,3874,20431805,398376,0,0,0,0,0,0,0,,0,,,
3937,207005148,UrbanOak,III,3874,3147099,0,0,0,0,0,0,0,0,,0,,,
3951,206848803,YUSUPOV,III,3874,17278045,0,0,0,0,0,0,0,0,,0,,,
3955,206840222,الحاكم206840222,III,3874,9598891,1271891,0,0,0,0,0,52640,0,,0,,,
3962,206872879,Eric vener,III,3874,2149644,0,0,0,0,0,0,0,0,,0,,,
3964,203736425,hiro orio Vàng,III,3874,5219159,9300,0,0,0,0,0,0,0,,0,,,
3977,206821863,Atomag,III,3874,1733368,0,0,0,0,0,0,0,0,,0,,,
3983,206386702,۩ Fahd ۩ Abu ۩,III,3874,4776746,0,0,0,0,0,0,0,0,,0,,,
3996,206874406,Ricki8181,III,3874,2285197,0,0,0,0,0,0,0,0,,0,,,
3998,206200672,Diab1o,III,3874,13930112,0,0,0,0,0,0,0,0,,0,,,
3999,206269230,hfufdudj,III,3874,1572916,0,0,0,0,0,0,0,0,,0,,,
4003,207467020,misaa,III,3874,816193,0,0,0,0,0,0,0,0,,0,,,
4023,211678309,VelDraK D Farm,III,3874,3270213,109998,0,0,0,0,0,1367,0,,0,,,
4031,205140119,Mezaaaメ,III,3874,8232859,0,0,0,0,0,0,0,0,,0,,,
4050,206882393,gavrila,III,3874,956153,28631,0,0,0,0,0,36,0,,0,,,
4052,207301133,36thpham3,III,3874,3125855,51218,34,0,0,0,0,0,0,,0,,,
4053,203885163,ᵛⁿBlaze F2,III,3874,3474572,102750,0,0,0,0,0,0,0,,0,,,
4065,206184164,أوتريدUHTRED,III,3874,4540109,0,0,0,0,0,0,0,0,,0,,,
4080,206868685,HotheadDog,III,3874,1326764,0,0,0,0,0,0,0,0,,0,,,
4094,211058406,Thống đốc211058406,III,3874,1117171,0,0,0,0,0,0,0,0,,0,,,
4095,206815379,ᴰᴴLuckyGuyツ,III,3874,21065429,0,0,0,0,0,0,0,0,,0,,,
4115,206187496,62 B,III,3874,2882532,0,0,0,0,0,0,0,0,,0,,,
4147,206655105,BOO BOO F,III,3874,14902008,1372932,0,0,0,0,0,0,0,,0,,,
4148,204072197,VawnNgocjF1,III,3874,3920448,13450,0,0,0,0,0,0,0,,0,,,
4161,206227500,Oggý,III,3874,15608531,0,0,0,0,0,0,0,0,,0,,,
4163,209850526,Forthosewhoknow,III,3874,1882639,0,0,0,0,0,0,0,0,,0,,,
4169,209709725,Tomari F4,III,3874,3886441,1255328,0,0,0,0,0,0,0,,0,,,
4179,173961911,Zarządca173961911,III,3874,2736678,26068,0,0,0,0,0,0,0,,0,,,
4180,209109177,SMOSHImini,III,3874,9099017,241701,0,0,0,0,0,0,0,,0,,,
4188,204282067,CẩmVân Farm2,III,3874,5610246,104318,0,0,0,0,0,0,0,,0,,,
4198,210785932,ˢᵏᶜWraith6,III,3874,1323133,0,0,0,0,0,0,0,0,,0,,,
4215,206826516,amiral Luffy,III,3874,4172833,262394,0,0,0,0,0,304,0,,0,,,
4237,206839127,Ducdinho,III,3874,5224707,0,0,0,0,0,0,0,0,,0,,,
4241,208625750,farmchingchoong,III,3874,1677010,0,0,0,0,0,0,0,0,,0,,,
4245,206853963,ᵀᵘʳᶜᵒ,III,3874,17972287,235913,0,0,0,0,0,0,0,,0,,,
4248,206192957,ᵀᴬAndre,III,3874,10483730,0,0,0,0,0,0,0,0,,0,,,
4249,206826222,aduong1,III,3874,3730138,0,0,0,0,0,0,0,0,,0,,,
4257,206676993,Ded Otmoroz,III,3874,11173983,757869,0,0,0,0,0,17981,0,,0,,,
4258,206834204,King55555,III,3874,4938350,0,0,0,0,0,0,0,0,,0,,,
4269,206875369,RafaDeadshot981,III,3874,1081296,0,0,0,0,0,0,0,0,,0,,,
4295,206155584,ᴸᴬSermar4,III,3874,17636385,0,0,0,0,0,0,0,0,,0,,,
4300,206204371,abubuu,III,3874,1084321,0,0,0,0,0,0,0,0,,0,,,
4310,200463211,supermyrio,III,3874,23390083,2702446,0,0,0,0,0,24218,0,,0,,,
4322,206819305,ᶜᵸBoggle567,III,3874,1200824,0,0,0,0,0,0,0,0,,0,,,
4338,207827523,Toma Farm 5,III,3874,4123512,277531,0,0,0,0,0,0,0,,0,,,
4349,206809394,Bear FRM,III,3874,1642248,0,0,0,0,0,0,0,0,,0,,,
4356,206811717,sayr,III,3874,993770,0,0,0,0,0,0,0,0,,0,,,
4357,206843271,БуБлиК1,III,3874,1394054,0,0,0,0,0,0,0,0,,0,,,
4383,203928050,ᴠɴᴇムEmirム,III,3874,14530242,0,0,0,0,0,0,0,0,,0,,,
4389,207830706,soooosoo,III,3874,976931,0,0,0,0,0,0,0,0,,0,,,
4394,159300800,1達也,III,3874,5991193,188585,0,0,0,0,0,0,0,,0,,,
4404,206815171,Wymiataczludzki,III,3874,909921,0,0,0,0,0,0,0,0,,0,,,
4408,206824419,Antonio1164882,III,3874,12900016,0,0,0,0,0,0,0,0,,0,,,
4410,206156079,ˢʰBCEM PIZDa,III,3874,1291334,0,0,0,0,0,0,0,0,,0,,,
4414,205102740,VawnNgocjF2,III,3874,3442737,7800,0,0,0,0,0,0,0,,0,,,
4422,206824337,Kelle I,III,3874,3700023,0,0,0,0,0,0,0,0,,0,,,
4423,206308031,TomaFarm6,III,3874,2151371,49992,0,0,0,0,0,110,0,,0,,,
4429,205614003,Leika Kecil,III,3874,6874594,234672,0,0,0,0,0,0,0,,0,,,
4448,206037807,HaohaoFood,III,3874,3259803,0,0,0,0,0,0,0,0,,0,,,
4450,206163988,ᶻʰNineEleven,III,3874,11321895,25600,0,0,0,0,0,0,0,,0,,,
4453,206883753,乄Atenea 3,III,3874,5863910,460880,0,0,0,0,0,2276,0,,0,,,
4461,210109076,Kelly15JJGo,III,3874,1286735,0,0,0,0,0,0,0,0,,0,,,
4471,140401052,oLEOo,III,3874,5249333,210146,0,0,0,0,0,0,0,,0,,,
4472,203715482,Killer FM,III,3874,9539432,0,0,0,0,0,0,0,0,,0,,,
4493,206817196,jonasz 20,III,3874,14717662,0,0,0,0,0,0,0,0,,0,,,
4520,207084368,TomaFarm13,III,3874,4301080,0,0,0,0,0,0,0,0,,0,,,
4521,206810931,afimicopululu,III,3874,1632691,134268,0,0,0,0,0,0,0,,0,,,
4538,207151393,rembaud,III,3874,23178197,0,0,0,0,0,0,0,0,,0,,,
4552,206877657,cubee,III,3874,8159803,402009,0,0,0,0,0,636,0,,0,,,
4566,206860299,Ewin25,III,3874,14652802,1924158,0,0,0,0,0,806,0,,0,,,
4569,206855975,Toby小新新,III,3874,5835776,0,0,0,0,0,0,0,0,,0,,,
4585,206878587,QinShiHuangDtry,III,3874,13498465,574831,0,0,0,0,0,2435,0,,0,,,
4630,207197850,vlados 73,III,3874,10826190,0,0,0,0,0,0,0,0,,0,,,
4634,204155001,Farm 탄다이,III,3874,2768629,24333,0,0,0,0,0,12694,0,,0,,,
4636,208441726,Quỷ f2,III,3874,2865344,85000,0,0,0,0,0,0,0,,0,,,
4663,205693525,Gurando08 fam13,III,3874,9330454,184000,0,0,0,0,0,0,0,,0,,,
4667,206816836,vitalijbokov,III,3874,12457819,184915,0,0,0,0,0,0,0,,0,,,
4695,206860629,Mousakas0562,III,3874,2026999,353086,0,0,0,0,0,97,0,,0,,,
4699,206822468,fora tora,III,3874,942954,19849,0,0,0,0,0,113,0,,0,,,
4702,207005860,DataWave,III,3874,3089657,0,0,0,0,0,0,0,0,,0,,,
4710,207705202,hydra3874,III,3874,1193936,0,0,0,0,0,0,0,0,,0,,,
4722,205435390,Slimed x,III,3874,8399415,364071,0,0,0,0,0,0,0,,0,,,
4730,206484323,Gurando08 fam11,III,3874,8337611,171200,0,0,0,0,0,0,0,,0,,,
4733,205687044,cangaçoale,III,3874,12700668,764542,0,0,0,0,0,3130,0,,0,,,
4759,192154965,麃公,III,3874,29018856,333914,0,0,0,0,0,115631,0,,0,,,
4763,206811555,Kingsley555,III,3874,1134972,0,0,0,0,0,0,0,0,,0,,,
4766,206501452,Gurando08 fam6,III,3874,9250407,206400,0,0,0,0,0,0,0,,0,,,
4772,206833441,FARM WIECH,III,3874,10361865,1043924,0,0,0,0,0,189,0,,0,,,
4795,203878085,Tòn6,III,3874,5125186,390166,0,0,0,0,0,0,0,,0,,,
4799,203524248,famNguyễnDung,III,3874,3417292,0,0,0,0,0,0,0,0,,0,,,
4801,206790997,Deathdringer01,III,3874,12958972,0,0,0,0,0,0,0,0,,0,,,
4808,213561802,BobaFett CA,III,3874,1944785,221535,0,0,0,0,0,68145,0,,0,,,
4816,206594118,Dеus Vult,III,3874,23559346,2555793,0,0,0,0,0,38568,0,,0,,,
4820,209372167,Tkv,III,3874,18349832,2379763,0,0,0,0,0,66509,0,,0,,,
4838,206431925,Q A N,III,3874,5553264,0,0,0,0,0,0,0,0,,0,,,
4839,206842309,ᴅʀメZeTTa,III,3874,3817797,0,0,0,0,0,0,0,0,,0,,,
4859,209708836,Tomari F5,III,3874,2830907,435779,0,0,0,0,0,0,0,,0,,,
4862,206819352,melik12,III,3874,8897814,0,0,0,0,0,0,0,0,,0,,,
4864,206838971,TrươngLiêu T,III,3874,18854949,0,0,0,0,0,0,0,0,,0,,,
4871,210905812,CitywithaMissio,III,3874,1735852,54885,0,0,0,0,0,0,0,,0,,,
4876,206156034,ᴰᴴSOBZIRO,III,3874,2476400,0,0,0,0,0,0,0,0,,0,,,
4886,207260588,FiszJack 02,III,3874,15700108,2356399,0,0,0,0,0,52551,0,,0,,,
4887,203895150,vn36thpham2,III,3874,12302644,0,0,0,0,0,0,0,0,,0,,,
4889,207434351,DADDY OF 3874,III,3874,1095286,0,0,0,0,0,0,0,0,,0,,,
4894,205080023,CanByt,III,3874,27712060,3118576,0,0,0,0,0,10272,0,,0,,,
4900,206979196,Huyền Farm1,III,3874,1183696,0,0,0,0,0,0,0,0,,0,,,
4902,206409054,MissMoca,III,3874,3383724,0,0,0,0,0,0,0,0,,0,,,
4908,206361330,Nagham,III,3874,15245998,552160,0,0,0,0,0,2651,0,,0,,,
4911,206458829,ᶻʰDUMBU,III,3874,15265733,1861725,0,0,0,0,0,2364,0,,0,,,
4912,140261092,S25Ulra2025,III,3874,7580091,176094,0,0,0,0,0,0,0,,0,,,
4913,206880999,Adulf Hidler,III,3874,11454374,-102,0,0,0,0,0,0,0,,0,,,
4914,206882035,Hubpoint,III,3874,10459809,104562,0,0,0,0,0,239,0,,0,,,
4922,193271674,CaVo,III,3874,15486775,0,0,0,0,0,0,0,0,,0,,,
4938,206883525,Hua van,III,3874,18227995,1241483,0,0,0,0,0,5684,0,,0,,,
4945,206236924,Vic 9,III,3874,1563890,0,0,0,0,0,0,0,0,,0,,,
4968,204061093,Butter Fake,III,3874,1518324,54309,0,0,0,0,0,0,0,,0,,,
4979,177628401,Правитель177628401,III,3874,3170071,0,0,0,0,0,0,0,0,,0,,,
4986,218143699,WING 21,III,3874,1256515,0,0,0,0,0,0,0,0,,0,,,
4991,207189162,ChouBơmLúa7,III,3874,1232314,0,0,0,0,0,0,0,0,,0,,,
4996,206204922,Paul021725,III,3874,9131636,679997,0,0,0,0,0,3161,0,,0,,,
5013,205645579,l1l1th,III,3874,22622372,0,0,0,0,0,0,0,0,,0,,,
5024,208767032,Thống đốc208767032,III,3874,1616374,0,0,0,0,0,0,0,0,,0,,,
5025,206828303,Haophu67ag,III,3874,23253808,3653088,0,0,0,0,0,28586,0,,0,,,
5034,206686145,Çаrтieя,III,3874,20318382,0,0,0,0,0,0,0,0,,0,,,
5044,208361551,locce20000,III,3874,7620761,0,0,0,0,0,0,0,0,,0,,,
5056,206842400,Ukrop 22,III,3874,7670186,1030052,0,0,0,0,0,18259,0,,0,,,
5072,206856914,DARK20025,III,3874,10285242,0,0,0,0,0,0,0,0,,0,,,
5079,196782586,Laimo228,III,3874,1882439,0,0,0,0,0,0,0,0,,0,,,
5080,206255608,Hunky1,III,3874,3559574,0,0,0,0,0,0,0,0,,0,,,
5085,206314925,ʰᵒʷlataoday,III,3874,5300900,0,0,0,0,0,0,0,0,,0,,,
5086,206861550,King Of Sirius,III,3874,9132527,612515,0,0,0,0,0,154895,0,,0,,,
5096,206823315,Dasha0504,III,3874,14133265,3140037,0,0,0,0,0,29490,0,,0,,,
5103,206504879,ChouBơmLúa,III,3874,969666,0,0,0,0,0,0,0,0,,0,,,
5109,209671564,Alfonzo farm,III,3874,1360552,0,0,0,0,0,0,0,0,,0,,,
5116,204947078,hiro orio Gỗ,III,3874,3235574,8200,0,0,0,0,0,0,0,,0,,,
5117,206836222,N3K0014,III,3874,1118960,0,0,0,0,0,0,0,0,,0,,,
5124,206296233,ÁnhNèe,III,3874,1271711,52021,0,0,0,0,0,0,0,,0,,,
5125,209698150,ETERNAL LEGION,III,3874,2906007,291052,0,0,0,0,0,0,0,,0,,,
5145,206208172,ViKiNgI,III,3874,25592136,0,0,0,0,0,0,0,0,,0,,,
5146,183704256,BatmanPlayRok,III,3874,1736455,0,0,0,0,0,0,0,0,,0,,,
5154,206797324,LeikaFarm,III,3874,6984554,394634,0,0,0,0,0,0,0,,0,,,
5165,206874139,Babar Ali,III,3874,13374402,938410,0,0,0,0,0,17178,0,,0,,,
5181,203872456,Tòn5,III,3874,5067955,454566,0,0,0,0,0,0,0,,0,,,
5191,206874423,ᶜᴷHiếu k1,III,3874,2246117,0,0,0,0,0,0,0,0,,0,,,
5214,207791716,kent  farm,III,3874,2090411,0,0,0,0,0,0,0,0,,0,,,
5220,206867302,Royal Gale,III,3874,14811656,1537729,0,0,0,0,0,8940,0,,0,,,
5227,206865212,Huy phong1411,III,3874,1000735,0,0,0,0,0,0,0,0,,0,,,
5242,207006100,PixelRun,III,3874,2831804,26551,0,0,0,0,0,0,0,,0,,,
5243,206866938,ssanti16,III,3874,7483231,0,0,0,0,0,0,0,0,,0,,,
5253,217502395,Toji Farm 8,III,3874,1259092,0,0,0,0,0,0,0,0,,0,,,
5277,206731447,TomaFarm1,III,3874,2143354,59032,0,0,0,0,0,164,0,,0,,,
5282,206809048,Satthumeozzz,III,3874,936763,0,0,0,0,0,0,0,0,,0,,,
5293,206381391,ʙʏCɪɴᴀʀf,III,3874,1478808,0,0,0,0,0,0,0,0,,0,,,
5312,206845626,ebat kopat,III,3874,9784117,456761,0,0,0,0,0,0,0,,0,,,
5328,206883953,Edward hus,III,3874,8641625,0,0,0,0,0,0,0,0,,0,,,
5346,206227338,ᴷᴴ Grovie,III,3874,5326146,0,0,0,0,0,0,0,0,,0,,,
5351,206859437,Good 5,III,3874,21308222,1784010,0,0,0,0,0,94,0,,0,,,
5353,206311645,ᴰᴴBRONN,III,3874,24560730,0,0,0,0,0,0,0,0,,0,,,
5357,203553605,tom 2,III,3874,6232683,132595,0,0,0,0,0,0,0,,0,,,
5361,208429244,Ajnabi09,III,3874,1006841,450,0,0,0,0,0,0,0,,0,,,
5362,206830246,JLZZ 0 1,III,3874,4802068,1675732,0,0,0,0,0,0,0,,0,,,
5388,206938460,Thíchca2,III,3874,2594168,0,0,0,0,0,0,0,0,,0,,,
5400,203947751,ᵛⁿVALAD I,III,3874,23692699,0,0,0,0,0,0,0,0,,0,,,
5402,206866591,Hana Farm4,III,3874,907436,92511,0,0,0,0,0,0,0,,0,,,
5403,206810130,KiếN CoN,III,3874,1422305,0,0,0,0,0,0,0,0,,0,,,
5415,205808903,メLongF2,III,3874,3963366,30438,0,0,0,0,0,0,0,,0,,,
5423,206312069,soldiermeomeo,III,3874,11245085,0,0,0,0,0,0,0,0,,0,,,
5445,206232216,Tomafarm15,III,3874,14276311,54924,0,0,0,0,0,0,0,,0,,,
5447,206849912,1Ahmed Mohamed1,III,3874,1529692,0,0,0,0,0,0,0,0,,0,,,
5452,211847599,Goneforgood2,III,3874,9252054,445131,0,0,0,0,0,8164,0,,0,,,
5455,206811173,antribes0,III,3874,3573435,0,0,0,0,0,0,0,0,,0,,,
5479,206834189,BatGlandus74,III,3874,14742926,0,0,0,0,0,0,0,0,,0,,,
5484,206810444,dow ka nong bkk,III,3874,615556,0,0,0,0,0,0,0,0,,0,,,
5490,206338775,ᴬᴱ  ZEUS,III,3874,8521485,0,0,0,0,0,0,0,0,,0,,,
5493,206845154,joshua23,III,3874,2444069,0,0,0,0,0,0,0,0,,0,,,
5497,206564133,Chin1511,III,3874,5100923,0,0,0,0,0,0,0,0,,0,,,
5505,204721098,glitchF15,III,3874,3580627,1000,0,0,0,0,0,0,0,,0,,,
5508,204123969,kingsfarm3,III,3874,773768,0,0,0,0,0,0,0,0,,0,,,
5528,201026794,Gójo Sátorú,III,3874,1636929,0,0,0,0,0,0,0,0,,0,,,
5569,207007472,MrDamel,III,3874,1669989,186592,0,0,0,0,0,386,0,,0,,,
5574,206867604,THzika III,III,3874,1670583,875448,0,0,0,0,0,0,0,,0,,,
5579,206182945,Alexpetros N,III,3874,5451778,0,0,0,0,0,0,0,0,,0,,,
5580,208426415,Ajnabi01,III,3874,1039336,0,0,0,0,0,0,0,0,,0,,,
5598,203514159,VawnNgocjF5,III,3874,10567360,66000,0,0,0,0,0,0,0,,0,,,
5607,208641416,SeemsOkay,III,3874,1976614,0,0,0,0,0,0,0,0,,0,,,
5614,207830727,ChouBơmLúa6,III,3874,919897,0,0,0,0,0,0,0,0,,0,,,
5623,206871070,DRAKENSHALE,III,3874,2639844,0,0,0,0,0,0,0,0,,0,,,
5627,206961455,Вава 2,III,3874,869774,0,0,0,0,0,0,0,0,,0,,,
5630,206819685,FiszJack,III,3874,16495311,2492292,0,0,0,0,0,59840,0,,0,,,
5632,226546888,mecf88,III,3874,748957,0,0,0,0,0,0,0,0,,0,,,
5636,206812120,GHOSTｼkingdom,III,3874,1239604,0,0,0,0,0,0,0,0,,0,,,
5646,206180310,Saudiv3mk,III,3874,1777244,0,0,0,0,0,0,0,0,,0,,,
5657,207483406,メLongF4,III,3874,3104064,6430,0,0,0,0,0,0,0,,0,,,
5660,206468194,ᴷᴸ Saru,III,3874,3638016,0,0,0,0,0,0,0,0,,0,,,
5668,207719407,TheColombian,III,3874,1509704,18596,0,0,0,0,0,0,0,,0,,,
5692,206836037,Lord Cch,III,3874,3632335,0,0,0,0,0,0,0,0,,0,,,
5696,208394822,NghiêmTuanDung,III,3874,1758871,0,0,0,0,0,0,0,0,,0,,,
5702,203624483,Fram Karina,III,3874,23770625,0,0,0,0,0,0,0,0,,0,,,
5708,206301110,ᵛⁿQuânhi01,III,3874,8212649,0,0,0,0,0,0,0,0,,0,,,
5715,207815608,Li Xiaoyu,III,3874,6489139,0,0,0,0,0,0,0,0,,0,,,
5723,206155683,Грейчиk,III,3874,20761158,0,0,0,0,0,0,0,0,,0,,,
5729,222324051,King Of Orion,III,3874,1130280,0,0,0,0,0,0,0,0,,0,,,
5750,206345038,ᴺᴴFallen,III,3874,27025731,0,0,0,0,0,0,0,0,,0,,,
5764,206312186,kamuuzaFARM,III,3874,14456582,0,0,0,0,0,0,0,0,,0,,,
5776,206845741,Правитель206845741,III,3874,1418652,0,0,0,0,0,0,0,0,,0,,,
5789,206881125,ᶜᴷDraco,III,3874,3080573,0,0,0,0,0,0,0,0,,0,,,
5790,207482448,メLongF3,III,3874,3496795,37312,0,0,0,0,0,0,0,,0,,,
5804,206815462,ben gotik karı,III,3874,922196,20450,0,0,0,0,0,0,0,,0,,,
5809,194894593,ssLoki,III,3874,19869757,0,0,0,0,0,0,0,0,,0,,,
5830,206872716,moicano2,III,3874,13231740,0,0,0,0,0,0,0,0,,0,,,
5835,207004827,Hexonn,III,3874,3024538,0,0,0,0,0,0,0,0,,0,,,
5836,207465950,Дэн43,III,3874,7528147,0,0,0,0,0,0,0,0,,0,,,
5849,206273955,TomaFarm2,III,3874,1527389,537,0,0,0,0,0,537,0,,0,,,
5852,206814750,great legihn I,III,3874,1152411,0,0,0,0,0,0,0,0,,0,,,
5857,206810840,hehe boi F1,III,3874,755834,0,0,0,0,0,0,0,0,,0,,,
5862,206389553,Eren XX,III,3874,4784831,0,0,0,0,0,0,0,0,,0,,,
5875,206853240,Unohana Yachiru,III,3874,1797796,0,0,0,0,0,0,0,0,,0,,,
5899,206814416,Yato Widge,III,3874,1919870,0,0,0,0,0,0,0,0,,0,,,
5900,206813902,Zarządca206813902,III,3874,6058115,0,0,0,0,0,0,0,0,,0,,,
5916,206878613,ᵛᶰBOBBY,III,3874,4712781,16200,0,0,0,0,0,0,0,,0,,,
5937,206811092,ᴰᴰKazin,III,3874,728591,159,0,0,0,0,0,0,0,,0,,,
5938,211793422,Kang dae musa,III,3874,1584150,71256,0,0,0,0,0,0,0,,0,,,
5950,206870672,포테이토,III,3874,5483482,185863,0,0,0,0,0,4006,0,,0,,,
5971,206863980,Nicolas17,III,3874,15867105,2197868,0,0,0,0,0,422,0,,0,,,
5981,206833926,fdafwwfjjj,III,3874,2045107,778048,0,0,0,0,0,0,0,,0,,,
5984,206828924,ac real,III,3874,7269975,739712,0,0,0,0,0,7243,0,,0,,,
6001,204390489,КузяЛ,III,3874,22971812,0,0,0,0,0,0,0,0,,0,,,
6004,206816704,jeffthekiler,III,3874,965133,0,0,0,0,0,0,0,0,,0,,,
6010,206809148,〻 Desider,III,3874,1009392,0,0,0,0,0,0,0,0,,0,,,
6012,206825873,NAVEEN,III,3874,19473135,329965,0,0,0,0,0,2180,0,,0,,,
6014,206837227,meteor232,III,3874,5579714,123057,0,0,0,0,0,44733,0,,0,,,
6015,208426994,Ajnabi03,III,3874,1192439,0,0,0,0,0,0,0,0,,0,,,
6020,206829861,westy15,III,3874,1105082,0,0,0,0,0,0,0,0,,0,,,
6023,203090740,DᵛRomeo,III,3874,21945068,0,0,0,0,0,0,0,0,,0,,,
6027,206869302,ˢᴴメDuyLongメ,III,3874,26609833,5121492,0,0,0,0,0,19826,0,,0,,,
6028,206206607,ㄴ3506ㄱビルス F26,III,3874,17272072,259810,0,0,0,0,0,0,0,,0,,,
6040,206877127,Búncua,III,3874,21307289,0,0,0,0,0,0,0,0,,0,,,
6051,206825845,ᵛᶰinterpool,III,3874,11745795,0,0,0,0,0,0,0,0,,0,,,
6056,206812240,Yargıç34,III,3874,18639769,2407449,0,0,0,0,0,3438,0,,0,,,
6062,220275539,CeoceoF3,III,3874,2234862,603654,0,0,0,0,0,0,0,,0,,,
6063,203514715,KurokoF1,III,3874,4907557,46262,0,0,0,0,0,0,0,,0,,,
6064,206838293,Halanis,III,3874,930205,0,0,0,0,0,0,0,0,,0,,,
6067,208711181,Judges Bao,III,3874,8477198,677492,0,0,0,0,0,718,0,,0,,,
6074,209590940,Nilam F,III,3874,6106600,0,0,0,0,0,0,0,0,,0,,,
6085,206877440,Governor206877440,III,3874,2586501,0,0,0,0,0,0,0,0,,0,,,
6092,204779051,メLongF1,III,3874,5596836,21012,0,0,0,0,0,0,0,,0,,,
6099,206740780,Farm ánh,III,3874,2667290,56281,0,0,0,0,0,135,0,,0,,,
6101,215227889,IㄴBLAZE F4ㄱI,III,3874,1739328,67850,0,0,0,0,0,0,0,,0,,,
6104,213442885,Aninnha Farm 1,III,3874,2422587,420403,0,0,0,0,0,2330,0,,0,,,
6129,204170748,Gurando08 fam9,III,3874,10867805,576713,0,0,0,0,0,0,0,,0,,,
6151,203558804,Aveee,III,3874,18808523,497985,0,0,0,0,0,1737,0,,0,,,
6155,221481763,Mr cumel,III,3874,1919214,50577,0,0,0,0,0,0,0,,0,,,
6158,206736035,ᴷᴴSuñlenSs,III,3874,15708404,18434,0,0,0,0,0,212,0,,0,,,
6163,207170683,srrreedx,III,3874,2094912,16723,0,0,0,0,0,0,0,,0,,,
6168,220887475,ياعيباه,III,3874,822640,64881,0,0,0,0,0,0,0,,0,,,
6194,207038635,IㄴSilverㄱI,III,3874,5639754,0,0,0,0,0,0,0,0,,0,,,
6202,205792593,hiro orio Lúa,III,3874,2203832,25100,0,0,0,0,0,0,0,,0,,,
6206,207171421,kiusij,III,3874,1730714,31420,0,0,0,0,0,0,0,,0,,,
6236,206851433,Guru0911,III,3874,5512082,0,0,0,0,0,0,0,0,,0,,,
6257,206813881,Denibue,III,3874,12073463,1599446,0,0,0,0,0,0,0,,0,,,
6262,206875879,Fati Farm1,III,3874,6728340,533791,0,0,0,0,0,0,0,,0,,,
6266,206881912,gromin,III,3874,1442950,0,0,0,0,0,0,0,0,,0,,,
6269,204170584,Espada 88,III,3874,28474599,0,0,0,0,0,0,0,0,,0,,,
6271,206827585,JLZZ 0 3,III,3874,4644992,1750619,0,0,0,0,0,0,0,,0,,,
6285,206165251,ᵖʰPhоеnix,III,3874,1414330,0,0,0,0,0,0,0,0,,0,,,
6291,206859629,ᶻʰHRayen,III,3874,1637321,0,0,0,0,0,0,0,0,,0,,,
6292,206893918,Ella Greyling,III,3874,3184139,0,0,0,0,0,0,0,0,,0,,,
6297,206812267,Bitburger Bier,III,3874,1018487,0,0,0,0,0,0,0,0,,0,,,
6305,206501046,ChouBơmLúa1,III,3874,1198994,0,0,0,0,0,0,0,0,,0,,,
6319,139858253,Hivy,III,3874,19635472,0,0,0,0,0,0,0,0,,0,,,
6324,207790648,Shadow2112,III,3874,2318907,303163,0,0,0,0,0,93815,0,,0,,,
6327,206880368,сотя farm3,III,3874,7180534,589389,0,0,0,0,0,122,0,,0,,,
6333,198909677,Kings 29,III,3874,899617,45326,0,0,0,0,0,0,0,,0,,,
6343,208427996,Ajnabi06,III,3874,1042026,0,0,0,0,0,0,0,0,,0,,,
6346,204713369,ˢᵏMochi 3,III,3874,6077122,220370,0,0,0,0,0,0,0,,0,,,
6348,206980241,Huyền fram,III,3874,1565171,0,0,0,0,0,0,0,0,,0,,,
6356,206833218,BERYBLOOD,III,3874,1503141,0,0,0,0,0,0,0,0,,0,,,
6366,113390677,CatletA,III,3874,7779608,790331,0,0,0,0,0,284,0,,0,,,
6368,206809049,Rose00,III,3874,1731049,0,0,0,0,0,0,0,0,,0,,,
6373,206869221,Ng Văn Đức,III,3874,13488269,52011,0,0,0,0,0,779,0,,0,,,
6376,205084454,Ánh f,III,3874,3231655,31949,0,0,0,0,0,0,0,,0,,,
6379,206850917,DustyNuggz,III,3874,13673025,2071654,0,0,0,0,0,5648,0,,0,,,
6388,206220755,ᴰᴴR I N P A,III,3874,7157080,0,0,0,0,0,0,0,0,,0,,,
6393,206827592,JLZZ 0 4,III,3874,4108075,1553759,0,0,0,0,0,0,0,,0,,,
6397,203757812,冷血NAMiKAZE,III,3874,25335743,392750,0,0,0,0,0,6505,0,,0,,,
6403,203874166,Tòn4,III,3874,4947681,399059,0,0,0,0,0,0,0,,0,,,
6418,206379975,SPARTEN67,III,3874,1401825,0,0,0,0,0,0,0,0,,0,,,
6427,187585404,ابو متعب 711,III,3874,1161020,0,0,0,0,0,0,0,0,,0,,,
6433,206820099,Luffy109865237,III,3874,1018297,31569,0,0,0,0,0,397,0,,0,,,
6437,206830388,RDeviL,III,3874,15650640,0,0,0,0,0,0,0,0,,0,,,
6452,206861099,shiro oragami,III,3874,8138498,391148,0,0,0,0,0,0,0,,0,,,
6454,203485555,IㄴPuNa fakeㄱ,III,3874,23893434,978103,0,0,0,0,0,32025,0,,0,,,
6457,206833578,ᴅʀ Fragderiz,III,3874,1128617,68124,0,0,0,0,0,0,0,,0,,,
6475,206250115,Toma QuânHi,III,3874,25549633,197812,0,0,0,0,0,4615,0,,0,,,
6476,206851631,ふぁぷ,III,3874,976641,0,0,0,0,0,0,0,0,,0,,,
6486,204645060,Mr hịhịF,III,3874,11864180,1199706,0,0,0,0,0,0,0,,0,,,
6490,207006523,gearFlow,III,3874,3033177,0,0,0,0,0,0,0,0,,0,,,
6499,206811553,SultanIlya,III,3874,4709167,323358,0,0,0,0,0,88895,0,,0,,,
6516,206852182,Mmaarryyss,III,3874,1250794,111408,0,0,0,0,0,43,0,,0,,,
6532,206469215,jack no son,III,3874,6473348,0,0,0,0,0,0,0,0,,0,,,
6533,206811200,An vnn,III,3874,1417588,0,0,0,0,0,0,0,0,,0,,,
6535,206329210,ᵐᵉᵒʷnami,III,3874,15811875,0,0,0,0,0,0,0,0,,0,,,
6565,206176090,ᴰᴴQuangF,III,3874,1846132,0,0,0,0,0,0,0,0,,0,,,
6576,206164747,ᴰᴴ Blitzz,III,3874,12073497,0,0,0,0,0,0,0,0,,0,,,
6578,206874181,Макккс,III,3874,6669062,0,0,0,0,0,0,0,0,,0,,,
6611,206845654,Monomethylamine,III,3874,3120200,0,0,0,0,0,0,0,0,,0,,,
6612,208406214,FARMCHINGCHOONG,III,3874,1676312,0,0,0,0,0,0,0,0,,0,,,
6627,205910434,VawnNgocjF4,III,3874,3489714,11983,0,0,0,0,0,0,0,,0,,,
6628,206506923,ᶻʰContactH,III,3874,10841146,0,0,0,0,0,0,0,0,,0,,,
6648,206831064,DinDonQ,III,3874,14535391,375288,0,0,0,0,0,309,0,,0,,,
6655,206454276,Krazun,III,3874,3627591,21542,0,0,0,0,0,0,0,,0,,,
6656,206848494,Vila Militar RJ,III,3874,1465285,0,0,0,0,0,0,0,0,,0,,,
6661,206883709,Spartan199,III,3874,15368678,3291186,0,0,0,0,0,37603,0,,0,,,
6665,215139408,FarmKieu QT,III,3874,885546,0,0,0,0,0,0,0,0,,0,,,
6671,208429874,Ajnabi10,III,3874,1182826,0,0,0,0,0,0,0,0,,0,,,
6681,91334944,Tiễn F3,III,3874,6476500,0,0,0,0,0,0,0,0,,0,,,
6690,206858375,Nnjas162,III,3874,4251959,525023,0,0,0,0,0,174,0,,0,,,
6696,206875537,Alexandra101,III,3874,13542250,1563135,0,0,0,0,0,0,0,,0,,,
6721,208163899,Шарль,III,3874,24440673,0,0,0,0,0,0,0,0,,0,,,
6722,206873437,Caposquadra,III,3874,5115444,161269,0,0,0,0,0,0,0,,0,,,
6743,206818235,Cumelek,III,3874,8446952,705483,0,0,0,0,0,0,0,,0,,,
6750,207869208,glitchF11,III,3874,3375178,0,0,0,0,0,0,0,0,,0,,,
6769,208571084,LNCBao26,III,3874,8247389,683188,0,0,0,0,0,406,0,,0,,,
6772,204968636,kingsfarm5,III,3874,762614,0,0,0,0,0,0,0,0,,0,,,
6788,206865195,Yyg13,III,3874,6000002,0,0,0,0,0,0,0,0,,0,,,
6798,206870229,Правитель206870229,III,3874,2348435,368440,0,0,0,0,0,2038,0,,0,,,
6831,206227334,ᶜⱽCrowfox,III,3874,3318391,0,0,0,0,0,0,0,0,,0,,,
6838,206880009,Центури,III,3874,8889162,0,0,0,0,0,0,0,0,,0,,,
6841,206825411,Totojcc,III,3874,12937689,0,0,0,0,0,0,0,0,,0,,,
6850,207778562,Chen Wudi,III,3874,6284197,0,0,0,0,0,0,0,0,,0,,,
6852,207535335,LýVânTiêuDz,III,3874,1931788,0,0,0,0,0,0,0,0,,0,,,
6866,209482000,JohnnyQ,III,3874,2169157,0,0,0,0,0,0,0,0,,0,,,
6868,219047300,appa 5,III,3874,2739706,137658,0,0,0,0,0,0,0,,0,,,
6869,206196828,ⁿᵛKUPIKO,III,3874,1266719,0,0,0,0,0,0,0,0,,0,,,
6873,206818887,KUNT95,III,3874,8489289,395601,0,0,0,0,0,9999,0,,0,,,
6881,203890836,vn36thpham3,III,3874,10803083,0,0,0,0,0,0,0,0,,0,,,
6901,206273030,ᶻʰ RASKYN,III,3874,12251134,0,0,0,0,0,0,0,0,,0,,,
6923,206825980,ayanaf,III,3874,13989075,0,0,0,0,0,0,0,0,,0,,,
6925,215918438,Clonefarm2,III,3874,2646391,0,0,0,0,0,0,0,0,,0,,,
6937,203876061,Tòn7,III,3874,4710348,318754,0,0,0,0,0,0,0,,0,,,
6942,200389516,Tywin The Great,III,3874,3928251,0,0,0,0,0,0,0,0,,0,,,
6954,204027271,Nguyễnn Dungg,III,3874,2670757,0,0,0,0,0,0,0,0,,0,,,