uid,name,pow,dkp,kvk3 kp,total kp,clan name
207034573,24 X҉ HànLão,66766749,119722810,253165515,949324155.0,SL
207979381,24 X҉ MuguiBoy,63222535,272801069,559827218,1133686160.0,SL
209294221,24X҉AlphaWolf,56857755,2983077,6351808,43977505.0,SL
210346486,todays 12,56485555,17341140,32295244,88615137.0,SL
207787522,ᴿᵂAmidamaru,55365980,109495445,255080207,393114863.0,SL
207861650,ˣˣOldboy,54435669,106306097,229120678,851772035.0,SL
209844407,RW Nikol40,54267537,25590744,55476986,87303843.0,SL
208559123,Stflrs Mom,52916101,115994846,251253213,415597023.0,SL
209875567,ᴬᵈDMAч1т,52476930,958120,2264210,55306746.0,SL
206968066,24 X҉ThuyAn,52155983,6899391,15776054,,
210262314,ᴮᴺGLE400,52100408,8161278,13075724,45168129.0,SL
209641477,ᵒᵈSHuGUN,51854415,1856713,2077637,,
209569488,24 X҉ BaByHulk,51534791,12154578,28747474,139538293.0,SL
208594000,Báolonf,51102822,101791900,222798301,773667981.0,SL
209619554,ᴹᴰDoC OcK,49439459,0,0,104648432.0,ML
207128271,24 X҉   Shyn,48005261,37906794,65734946,,
209502334,24 X҉WilliamQ8,46315196,4793906,4024580,30811962.0,SL
209506286,ˣˣ AMSTER,45303309,2595672,4642920,171728225.0,SL
209828773,24 X҉炎Dawn,45178013,0,0,,
207702281,24 X҉   Leoシ,44689789,9015648,17737479,394475356.0,SL
209119164,ᶲEmmy Noether,44302967,2033418,1947700,8748968.0,AL
207000003,Takudooo,44109956,60323712,105744980,400828974.0,SL
209978130,Malkoc0glu,43781124,4743862,13203414,91414997.0,SL
207038636,24 X҉ BossMilk,42790543,52370126,104113891,514275121.0,SL
210371866,24 X҉ KAAN,42663148,0,0,,
209324904,TaonguoiVietNam,42657242,5990352,6101798,29314316.0,SL
210239549,luca0507,42522996,17735912,40191302,68628530.0,SL
207093369,24 X҉ FangYuan,42065698,11982468,23229680,263912478.0,SL
210133354,24 X҉  Zenith,41611781,53489449,107883948,163064221.0,SL
209904802,ᴵᴬngân,41383917,33714946,65870843,284645966.0,SL
210293112,24 X҉ Prince,40850827,10539891,18395919,147856300.0,SL
209880966,24 X Blaze,40717346,1838533,2012850,72703454.0,SL
208651441,24 X҉ Tràツ,40531815,58440228,131773942,457085163.0,SL
210151511,Snoww40,40149866,7924438,11272286,,
206949917,marious1990,39873946,97868,244670,23201363.0,SL
207279889,24 X҉ DUMBLDOR,39602112,12981943,26341286,110217289.0,SL
208585387,Топoль,39355291,14678352,15938675,84479245.0,SL
207576224,24 X҉ Viona,39149437,25964527,45096046,124362513.0,SL
208200545,ᴿᵂMama Wolf,39133058,300167,629700,47476552.0,AL
208617337,ᵛⁿPopicicu,39048665,23476617,47554225,315875118.0,SL
208638976,24 X҉ Roytitus,38870416,31693557,71646782,198695209.0,SL
209750782,JoeLaTabaz,38583565,23085373,49479004,116409553.0,SL
208196246,ᴿᵂMoonMoon,38557113,9118039,6476456,61496554.0,AL
209798395,Ubba of Antwerp,38110773,3445345,7350310,63356948.0,SL
208294913,ᴿᵂDoof,37999936,3641903,4284550,85962762.0,AL
209607393,柱 VeNdDeTtA,37998694,19452732,32601323,122196865.0,SL
209838770,24 X҉  ReDemon,37967606,40336,87600,21118095.0,SL
208202264,KrazyBus,37957271,1065697,2232050,109372138.0,AL
209927994,24 X҉  Visna,37944827,11352915,15960789,68806064.0,SL
207653866,24 X҉ Gấu,37782929,31840812,63109371,136181119.0,SL
210049658,24 X҉ Lionhart,37738364,31533470,58893568,105735901.0,SL
208622212,Ulvsbane,37315543,5277859,4770906,19313549.0,LW
208591565,24 X҉ Chanh,37304163,49729818,103029196,156474739.0,SL
204170130,24 X҉ Quýt,37095034,77233595,168891860,207635142.0,SL
210431963,24 X҉ vSharks,37035261,24737606,55941891,96110224.0,SL
209530219,24 X҉ SóiGià,36971758,52685943,107064502,219193653.0,SL
209600107,LeONn,36512468,36349679,68247120,115672469.0,SL
207317722,iryshka,36380789,51384623,108118222,219078127.0,SL
207519309,曾甜3,36237799,12394677,13735846,14355117.0,LW
207109314,24 X҉  Pak RT,36231721,30707509,25152028,,
210676623,24 X҉ LãoTam,36191612,541864,1385420,,
208627398,Asimo884,36011026,7659416,2904604,22931389.0,AL
210602781,A K T,35968213,12980285,21240711,55132854.0,SL
208157738,03 SHEEP,35876010,45390199,99196550,202317928.0,SL
209367234,øPositron,35831856,8683136,4773548,41740771.0,AL
209333993,jaims cat,35754340,5313185,3244694,29643764.0,SL
209842542,ᴱᵂMr C,35656386,48174337,127612411,,
208756315,24 X҉  A Phàm,35584720,6764360,13709850,49653012.0,SL
209692424,ᴮᴺ Lee Myon,35335277,551848,1172531,31830920.0,SL
208108254,Alex hub,35269592,70206474,141589170,295913311.0,SL
209875786,24 X҉  Malrin,35107818,2277148,2760696,79131187.0,SL
207012251,MeowMeowMeowww,35033793,1611230,2139600,16829942.0,SL
209302826,1Vorobey1,34979681,17710358,8726519,20347482.0,SL
210445136,Xàmlông,34923140,7516411,18395097,51329842.0,LW
209435533,hiền hihi,34904973,40479314,82874762,131575689.0,SL
209788785,24 X҉ NVTboi,34872179,11540148,17586570,103977022.0,SL
210490061,24 X҉ DuMuc,34767821,1796408,3988100,23533046.0,SL
206971212,24 X҉  ʙuᴅa,34738102,1560492,4612207,,
207683036,ᴿᵂArtзmis,34547518,7989772,13942504,88815137.0,AL
210661343,业๛ BREEZEメ,34542366,13804312,24475453,64509354.0,LW
207774760,TrNgDangkhoi09,34456913,3315051,6576830,175301256.0,SL
206969476,24 X҉ Xatarê,34216071,19461793,19270195,59900027.0,SL
207692611,RW It is I,34191154,0,0,1230133.0,AL
209521513,24X҉ Quả Cam,34065800,54020493,114083718,379765240.0,SL
207014016,24 X҉ Jhoncewi,33989240,10562715,13494446,116179126.0,SL
210482880,24 X҉  Slayer,33984586,19839286,35605469,82784403.0,SL
209306575,Spartacus6,33819698,15250340,26265560,86213023.0,AL
210052043,ᴹᴰJester,33746773,11814041,6257754,15930805.0,SL
207118372,DHieu,33669444,33458826,74134072,214859364.0,SL
210439905,せりお9,33633167,131020,327550,3957222.0,SLF
209531678,Crisssss,33379848,12526198,13844063,53358447.0,SL
209482763,Éléna,33337946,4443492,915280,41226945.0,AL
209803899,Marshglow,33316659,1711301,3912198,56359678.0,AL
209905807,24X҉   Valetta,33128089,2230,5550,5459624.0,SL
209853749,24TùgGấu,33121807,2720250,5735740,114631722.0,SL
210269837,まくぷ,33079911,12620540,19160012,40101788.0,SL
208196720,ᴿᵂGNV,32929974,12229080,3648690,25855686.0,AL
209043926,TOMBOYY,32864786,14483105,19733136,63780983.0,SL
209907877,24X҉Ken,32767259,2387181,3501880,,
210417562,24 X҉   Redbud,32755235,20306529,28373278,40113835.0,AL
209016436,メB L E S S,32741255,6654692,8920450,50931566.0,AL
209321704,HOTBEAST,32707345,10003344,24226023,39605062.0,LW
208198024,ᴿᵂMaegun,32564111,9721278,10040083,60816250.0,AL
210300701,Gund,32446232,4769423,10385014,36860438.0,AL
207434370,ᴾᴵTorenzik,32443433,23394633,2809512,84116283.0,ADRL
210233153,ᴿᶠMixey911,32437769,10273977,11243680,50898061.0,SL
209862206,MCDragoon,32417825,12096932,23005227,63384661.0,AL
207270931,guardboy,32413965,21358175,36002497,143770483.0,SL
210432369,Lệnh Hồ 55,32367131,4724021,7102946,16309658.0,LW
209367117,ᴱᶻIvanRR,32358967,11028233,10478766,21384783.0,SL
209814285,空Tuấn空,32268744,19331276,35482773,88008833.0,SL
208973298,24 X҉ AndiUmar,31967029,2465898,3894190,43047159.0,SL
208179191,ᴿw dumbywumby,31953404,22264739,49144939,135632765.0,SL
208189568,ᴿᵂMelMel,31851013,6504642,16649627,59505240.0,AL
208718417,TheinOo,31788590,13489345,22975171,52498238.0,SL
208195504,ᴿᵂ Zytue,31740194,2491727,3114371,23169285.0,SL
209645960,24 X҉ RITSARD,31729616,34396532,71389595,141029044.0,SL
210101700,Jinozz,31680691,531358,1177740,34913955.0,SL
209803084,xAgresif,31619700,388918,942540,65620208.0,AL
209817323,ᴰᴷZORO GPS,31615414,6721207,14509030,41374916.0,AL
209527597,24 X҉ Klee,31609041,21219765,37755549,144882217.0,SL
207256493,ᶫExquerred,31547913,535892,1260350,,
207663213,ᴿᵂ TRUMPED,31388608,31914269,4954860,,
207280922,ᴮᴺPemudA,31379166,11345854,10783491,62152311.0,AL
209944070,24X҉  PaTRoN46,31314109,20446942,2132046,,
207037071,ᴳᵛChocolate,31271526,689034,1172110,59471901.0,SL
210254146,Алекс 2909,31259705,14683793,8302920,29268393.0,SL
210517889,babyb0y,31250232,31971781,57249799,151727875.0,SL
209393079,ᴿᵂ Shakkah,31190934,3012219,5467834,19726076.0,AL
210399713,Izzy the Great,31112575,17035087,49289197,63676099.0,LW
209848694,24 X҉ Leano,31042089,802673,1869610,,
209620976,SUPERMANx,31018453,0,0,13434781.0,SLF
207989016,SpeedEge2,30913905,2007730,3727732,54953727.0,SL
210381690,24 X҉  CITOYEN,30875475,0,0,,
210253567,Bad papа,30839589,5902883,13990535,71825423.0,SL
209320692,ᴱᶻLelya Fm,30808398,412844,895660,22066219.0,SL
210401319,bulldog,30716878,408532,879430,7662115.0,AL
210744133,Dirtyguido,30665690,17937553,2845935,15391970.0,LW
209076305,ʸᵘSłonik339,30474569,3732976,7119617,45318255.0,SL
210103821,24 X҉  dayday,30361307,14520873,23276725,34759206.0,SL
208158335,24 X҉ HellSing,30231766,12250974,8720838,49913548.0,AL
209962010,マリーゴールド,30216655,14810879,5726734,12396637.0,LW
209616823,ᴹᴰXrUsT,30205278,25291186,32207465,102816075.0,SL
210434155,Secte,29924892,2697371,5504753,11905761.0,LW
210249125,Gopq,29909779,0,0,5075019.0,LW
209534514,24 X҉ Ney,29878983,49499828,99022722,206236893.0,SL
208208516,ᴿᵂBando,29834825,69266250,140913484,289429328.0,SL
213221751,24 X҉ vSharKs,29765262,4845951,9619528,21265897.0,SL
210190324,Legend68,29744276,14422489,1449912,,
212007469,Ulvsbane farm,29736011,915837,1024918,4384652.0,LW
210213330,Ita city,29721312,12447220,2131379,3733102.0,SL
209904530,ᴿᵂ MarkDen,29679787,5046381,2832440,17718962.0,AL
209870454,pantyha,29678663,1508119,1149970,,
209378653,24 X҉ Manoelbr,29651548,16267572,13667244,,
208680184,Kutilkatak,29607379,7069356,11858370,21447837.0,AL
208108990,ᴰᴰAchille1,29529544,7555229,7024088,33856519.0,LW
209321542,Rambo ll,29498226,11231619,11013030,19881837.0,AL
209908286,REPragmatic,29494972,14623441,19420497,,
208145473,Vicentuss,29471470,12189359,11459064,30212886.0,LW
209881330,ᴿᵂKittamer,29415783,10268845,3517599,20836387.0,AL
208558087,24 X҉ Alie,29400434,25693724,43113190,83252096.0,SL
207777450,WorstNightmare,29385986,4063144,645082,,
207566610,ᵒᵈLuFFy,29360066,17588890,26799642,81180718.0,SL
209965993,Мрисса,29348258,11753213,7688638,27971914.0,AL
210272139,Inf1n1ty,29340295,37250415,81009257,137999695.0,SL
207423496,F4RHAN,29335448,0,0,,
207748792,ᴷᴰ NirF,29328991,0,0,4040793.0,LW
210013615,ᴹᴰLadyVic,29323283,0,0,44375932.0,ML
198165067,ITACHI乂Peak,29303805,0,0,,
208200368,ᴿᵂAlphaWolf,29297092,4124550,9527034,61018534.0,AL
207317874,24 X҉ MONGOL,29289267,28450259,43416473,178351946.0,SL
206995967,Choco 1,29266127,5994523,4440735,,
207701181,123123sjej,29190910,92072,226340,,
209924348,24 X҉ Fuzjaaa,29141494,0,0,,
207562640,ᴿᵂEazyBuu,29122668,2331322,3556117,28438076.0,AL
206967436,KATSOUTA,29072635,0,0,,
209848443,ᴿᵂPalo4keee,29053097,11868264,24225697,51152665.0,SL
208313590,Jack メ Mengocok,29043416,0,0,,
208560935,ᶲ Aheles,28972730,20156,49280,6867852.0,LW
210253596,ᴳᴺAURELIUS,28959207,0,0,37770793.0,VL
209601440,ᵍˢSeth,28951352,0,0,,
208211785,ᶲOmJiroᴿᵂ,28936189,15430461,22873268,54655618.0,AL
207742044,xxAgresif,28928458,13136829,20454564,65074022.0,SL
210332264,ʳᶻKe1XrTh1zn,28766610,7508136,8415258,11680749.0,SL
209509609,Ryyysiek,28736449,8422276,12786608,20153701.0,LW
210379863,24 X҉  Quỳnh,28724139,20968691,44994638,67637821.0,SL
209938736,ᴮᴺAquemini,28686715,10165960,17008042,56330256.0,SL
210218341,DEMId 01,28666110,58618,146260,3390385.0,AL
210210393,Zhâk,28630061,2544710,4942220,17089650.0,LW
212491924,RedbudSupaFarm,28459838,4049248,2588009,3443739.0,AL
207320759,QUADBREED,28410475,1506129,42660,4921026.0,LW
208198410,ᴿᵂintruglio,28404389,1725339,1926946,16361577.0,AL
209833637,MANCH,28392234,0,0,16710132.0,AL
210166542,Abcdefin,28350351,1008889,314300,15487440.0,LW
207296852,ᶫʳ Dron FPV,28348648,1908913,3497440,,
206974141,ᴳᴴKaiO,28289705,0,0,66154218.0,SL
209757200,Quynhhxxihgaiii,28248827,3600,9000,2130468.0,LW
209987606,24 X҉GiangBlue,28245050,25310,90184,,
208189559,ᴿᵂRenegade,28204921,6283786,13486333,50781229.0,AL
209864074,24 X҉ Erass,28165649,0,0,,
210531865,Cyntra City,28147565,92428,211580,4779261.0,SL
209811971,peter graffi,28129716,28799414,45996956,91903520.0,SL
210412615,methusala,28127190,5763027,6684141,11276482.0,SL
209322462,ˣPoseidon,27987921,4305664,5310556,18296187.0,LW
209089507,24X҉ Olivia,27966921,31606690,49561828,109159506.0,AL
209837031,24 X҉  ЫЫЫ,27842755,0,0,,
208580783,24X҉Сиэль,27784358,28595289,57640322,140056932.0,SL
210532839,Beelphegor,27778254,1547005,2827694,5138216.0,LW
209532060,ᴿᵂSigma,27695450,206334,1226383,,
209819561,MEDS21,27645128,12445773,11471061,53421434.0,SL
210095833,24X҉Naofumi,27618485,0,0,,
209838834,Teung,27557889,14582398,8606776,29449818.0,SL
210066323,cà chua ok,27554739,1402158,7707874,25966499.0,AL
207428704,ᶫʳБьёрн,27543293,15542236,25943983,95370507.0,SL
210393177,tao nè vn,27507126,0,0,7698410.0,LW
210142805,Olly25,27463259,15823870,17678770,25285855.0,LW
208961613,ᴿᵂSabrewolf,27451663,1179476,1012694,3146116.0,AL
209007130,ᴿwmeowington,27444626,3587093,5582606,24564424.0,AL
210082550,xFACAx,27426919,26971931,6044446,28287385.0,SL
209890750,Elephent,27365663,15401085,8053474,37383138.0,LW
210313245,24 X҉ ヅÖrökヅ,27358286,0,0,,
218982356,Lamnesik,27339155,6443828,13433044,19860282.0,SL
209807832,Evertonian,27337075,2969584,3282607,8412648.0,AL
209657050,EevisM,27305295,3986116,3382012,8820111.0,LW
207938366,клевый,27276811,36978,80090,1701565.0,AL
209265582,Lee Lovely F,27265216,0,0,105697052.0,VL
210372799,24 CHEZCKO,27220203,15770697,2589060,13596664.0,LW
211329312,石木,27198151,3867995,7649856,22263435.0,SL
209829717,24 X҉ Ikigai,27177586,0,0,,
210373350,ero3,27163529,3161507,6198282,14968799.0,LW
210539282,Scriptor,27156687,1435545,3335589,4482971.0,LW
210394369,Hắc ma,27046305,25430113,3654697,,
207933613,24 X҉ Sawakita,27017700,5197953,8918481,50744239.0,SL
209171610,ᵍˢ BÙM,27017119,527064,1317904,,
209894459,LeslieChow,26998119,7654656,9392605,18786256.0,AL
208164511,ᴿᵂIndigo,26964563,2202070,3697360,26917156.0,AL
209751429,油条,26895317,226916,567542,,
209310262,GhoOosT,26823421,11793043,3723720,4691930.0,LW
209172696,Lollo filler 1,26810125,15004430,2128850,,
209745701,Oenomaus,26796612,0,1494060,,
209311732,ᴿᵂ RØW,26764396,101944,254860,10674183.0,AL
209345131,ᴰᴷCamaron,26723201,4822778,2702220,28982961.0,AL
210750053,KristianCor,26691880,0,0,15117084.0,ML
209837719,24 X҉   メScarメ,26620542,0,0,,
210394588,24 X҉ Tường,26565107,6990363,11890728,34181000.0,LW
209804157,ᴿᵂELLVIERA,26551194,5926236,6656102,28025391.0,AL
210876904,Slim 15,26505236,7402767,7447629,23832099.0,LW
210234353,AK Optimuss,26487948,2337449,3244742,,
209613410,24 X҉ Smeller,26466314,14021383,1868100,,
210406006,Lw小哲,26457555,0,0,,
208684612,ᶲJW4101,26432334,166237,560524,5992166.0,LD
209837225,iXx,26431484,0,0,,
208821197,ᴰᴾJoe Black,26346096,4509792,518907,23563710.0,LW
207275480,cocojambo,26343083,71332,178330,31183501.0,AL
208210296,ᴿᵂTalha67,26275012,314880,787200,19984564.0,AL
209686553,ATLAS007,26251192,559963,595870,2683133.0,LW
207934863,Hockeye,26228776,0,0,,
210376336,24 X҉ Serelis,26225185,12046437,19639928,55804762.0,LW
207501113,24 X҉  Hyra ツ,26197188,0,0,,
208850800,24 X҉ 도주이득,26177030,0,0,71254908.0,VL
209837521,24 X VADO,26110104,161604,404010,,
210438552,24 X҉ PPPhúc,26030492,19011985,21695146,38599869.0,SL
209323093,THE END rog,26003094,3640560,7529718,30150229.0,SL
209870149,ᴿᵂJOESANJI,26001540,3444299,2419136,12627471.0,AL
208208571,ᴿᵂ Fredi888,26000763,30718,74942,12102864.0,RW
209354961,RW penculik111,25920233,17481043,30075328,73249321.0,SL
207786640,AMADIOHA,25903966,19112790,20813695,88664391.0,SL
210372642,NTThaSN,25880724,4421590,7246728,31690743.0,LW
208649830,ᶲMrFoolsDay,25855788,0,0,3442366.0,ADRL
210152430,Sugeng 1,25841446,76000,472373,3844503.0,ML
209843352,24 X tafger,25833690,0,0,48374182.0,VL
206960318,24 X҉    Ghost,25767257,15728994,6734833,,
208211560,ᴿᵂ Musti,25750571,678797,110150,12486732.0,AL
209245175,Pikachu br,25748530,0,0,,
210900267,LORD ZEE 1,25661965,18365162,2115956,6630200.0,AL
209779749,ᴰᴷMajima,25578109,17441321,30152534,38895172.0,LW
210896556,Hired Killer,25576775,4517316,7377344,12086515.0,ADRL
208206714,ᴿᵂPredator,25565372,3727959,858490,14449800.0,AL
209749867,ᴬᶠBamba,25543300,16361358,6587490,8754267.0,AL
209743364,Secteryum,25528381,1377564,3426110,5078712.0,LW
204517431,ThienDi,25507089,2740353,3491070,61763859.0,LW
210394486,sencerbatur,25506165,189546,472576,4071449.0,LW
210533310,Vates,25401007,1351337,2496239,4667251.0,LW
207069617,Paulo21,25346307,8119994,2805213,5758232.0,LW
210428942,waiting my end,25335943,2182089,3932624,,
209881387,۷ɛƈŋą,25305367,0,0,,
210740345,Basiliscus,25234287,1375191,2575170,3962325.0,LW
209829051,24 X҉ Hexxy,25208050,0,0,49429340.0,SLF
210376950,NightStarr,25092621,2346742,1722735,11834354.0,LW
210564758,lord ismail,25044259,8090570,2661360,20189615.0,LW
209072763,ᶻᵒDungori,25043000,7647319,10224503,53508496.0,SL
210371729,24 X҉ xANGELx,25033124,24048833,45873186,136161860.0,LW
210676287,filler23,25001173,55202323,111453039,162009242.0,ML
210209380,King Bismarck,24947104,10613882,15602590,28511505.0,LW
210685997,ᴶᴰ nurge,24912011,8032355,835660,,
209756294,ᴰᴷREDER2502,24871729,521372,1209330,21253903.0,SL
211250823,ᴬᵈBethoven,24733007,30028,70930,487028.0,LW
209502377,ᵍˢkraM,24638780,0,0,,
207889100,ᴿᵂOne Eye,24626039,0,0,,
209250126,24 X҉   Sharky,24562297,0,0,,
209836261,ᶲ Lady D,24558093,0,0,4016460.0,AL
206992661,GunnaGhøst,24527119,5773541,2807139,30466772.0,AL
208188806,rw kk,24507345,2706743,3343067,15345219.0,AL
208630834,24 X҉  Mommy,24483153,9814211,14417220,72132773.0,AL
209986084,maiconphieu,24466779,142332,347122,1338691.0,AL
209326871,G R E E K,24459853,6175375,11739682,30868486.0,AL
209926937,우라차차,24454505,0,0,1619612.0,SLF
209906026,24 X҉   Tuấn,24454032,0,0,,
209786492,Girl sexyyyy,24429171,11064999,13659705,35265417.0,SL
209267900,karipapkentang,24427152,0,0,,
210266508,MauritiusVictus,24387181,20482126,1250628,2709124.0,ADRL
209862044,BorLanD,24375128,0,0,,
210437015,Almaspavlodar,24345608,7380147,2339660,4082873.0,LW
211065244,Kr0uKe1zR0k,24334394,4845546,1996788,4274156.0,AL
207190528,kz 007 02,24316319,18653265,2164682,,
207108248,HOY PINOY AKOヮ,24313978,29103715,25494346,72140987.0,AL
210622572,Radamanthys,24242402,836076,2090190,4949217.0,LW
210441175,gaberner,24236294,3085217,1755729,6281400.0,LW
210354561,ᴸnichii,24204077,28509116,57333010,85090163.0,LW
206973291,RØgueThrottle,24169197,16203054,2494219,,
209756441,ᴰᴷllama2502,24167578,582362,1322030,22894807.0,SL
209299428,douby 7,24096586,3021548,8807345,13842781.0,ML
209843396,ᶲLe Trong Tan,24027634,0,0,,
210295752,24 X҉Camelotik,23951412,0,0,,
209853474,kurinin23,23939721,9382567,1082817,13656144.0,ML
210313435,Aldo247,23913542,0,0,,
210387001,Cá161691,23869987,2173999,233250,9264448.0,AL
209845456,Kyoto1773,23835884,22992,57480,3671798.0,ML
211209147,24 X҉   AxeTR,23776098,16044327,1371494,4821984.0,VL
210266791,Lee See Chen,23772673,9824418,22076037,,
211892788,ᶲJW4101 Farma,23751141,0,0,1704459.0,LD
210913126,ᴿᵂKingOfWar,23731676,13777376,33960868,56523426.0,AL
208183840,Third Option,23707945,0,0,18406397.0,ADRL
210433741,24 X҉ Palomon,23678544,0,0,,
208174479,RW ALEXANAH,23569402,0,0,,
209982519,Vᴺ Longcon,23498489,15757104,986949,2367802.0,AL
209218288,GoodVin mini,23469845,0,0,,
209989088,24X҉ Alexander,23418684,0,0,,
210422456,Mảngo,23360910,33667839,15567440,17159989.0,SL
209858936,RW Zill,23350507,1403654,639754,6984021.0,SLF
209830443,BellumDux,23346084,0,0,,
209859699,QueenCandy P,23345711,8593687,9062212,29249395.0,SL
210426611,Pé Chanh 2k6,23331275,460218,608780,3118565.0,SL
210401075,VoidAlbion,23328418,173342,1577832,8833111.0,ADRL
207251090,ʷғŴukong,23306607,14996453,1779154,,
209871082,Beb0,23283730,2228497,3749506,7503880.0,ML
212579837,Linh huu,23268600,16085729,1134500,2281353.0,ADRL
209806538,ANNY20,23256874,2915486,1595405,2328674.0,LW
209835098,ᴿᵂ DuongBeo,23218334,198228,500773,3884807.0,AL
210747688,24 X҉ Perigo,23210316,9914895,2524575,,
211856683,HOTBEAST FARM,23160824,1883732,4709805,12512648.0,LW
208762017,SP N,23147124,8076113,11629984,17355373.0,SL
210375755,warandromedha,23108255,5137995,3439649,7696505.0,AL
210189446,Angry R bear,23095056,548096,1274440,1807384.0,LW
211557716,ᴰᴾCyanide,23093350,0,0,40423549.0,LW
210330736,Charli300,23045558,0,0,6910510.0,ML
208619355,Bart1906,22946506,0,0,,
208226755,ᴿᵂGRAYWOLF,22929728,392482,284178,19161879.0,AL
210399669,bySel,22869442,0,0,,
210922098,Zodiac Army,22862915,29230624,42571689,,
211297033,ᴿᵂ DuongBeu,22843572,795760,1992884,2911241.0,LW
210434561,24 X҉ThuyAn2,22819901,0,0,37983184.0,AL
210944394,xThanhLong,22809101,2926605,8034546,,
210402314,Мех,22761110,2682912,211530,2950760.0,AL
210006467,sSnoopy,22760269,60728,151820,1177299.0,ADRL
210406925,kishmish1,22759704,3824,9560,,
209821264,ᴴᴰMIKOTO,22750284,12728133,8883262,13390640.0,LW
210834790,ˣⁿRealmadrid,22734582,6748929,8595757,19514526.0,SL
210584534,Ryyysiek 2,22718587,0,0,2345532.0,ADRL
210295022,마가우가하후씨,22691700,9527848,1647259,,
210376765,BEYAZID 55,22683673,2349950,3635172,,
210202208,ᵛᶰメAKIRA 1,22671666,120948,302370,,
210396149,MozzA,22609674,0,0,,
210562229,Panda Legion,22607399,680542,2764985,46265000.0,AL
210446135,SCOURGE OF GOD,22603693,16662342,21486830,73792185.0,AL
210403265,SlowZ06guy,22553677,0,0,224750.0,SLF
209852044,ᴿᵂVito,22537409,6040688,6529290,23416750.0,AL
209902500,бронсон,22533202,0,0,,
208720515,ᴿᵂviva5555,22503635,33398,68280,4474710.0,LW
210258071,znic,22465630,0,0,,
207122584,HOY PINOY FARM,22465398,4252194,1577710,10365865.0,LW
209872477,Aryta,22456777,967130,1081884,9191963.0,AL
207860890,ᴿᵂMagicMal,22444232,5126833,2034161,19867517.0,AL
209861963,ᴿᵂAlex,22439541,26765907,48003174,87477872.0,AL
210443073,ᴿᵂDMAᴿᵂ,22364146,0,11522,,
207688109,RWxLoneStar,22353643,0,0,6460655.0,AL
207689266,ᴿᵂManuel,22349861,103904,259760,,
211311750,Sergо,22326843,122960,307402,7063121.0,AL
210435381,Supper Saiyan,22287235,14934777,2993706,6651596.0,ML
210806310,Jaehaerys 1er,22125824,0,0,2159842.0,ADRL
210679087,Mitsumia,22086768,0,0,201920.0,LW
210330344,buonngu,22085729,259764,682002,21582682.0,AL
207688111,Rwjin2,21992797,0,0,,
209916577,24 X҉  Don,21951150,0,0,,
210195820,PoucesNormaux,21861958,2705574,5005185,7668885.0,LW
210373344,Oulboy,21809889,3818422,3314753,18824354.0,AL
208008607,F4rhan Fill,21805127,0,0,,
209794039,ฝันดี,21754460,1466296,3265030,13727153.0,LW
210229272,Kandamiala,21750073,8278136,4515302,6287928.0,LW
210372206,Sela8,21611013,803895,248579,1179621.0,SLF
210039896,Menezobrrr,21596102,3910,8940,100305.0,LW
210370357,thegoathimself,21592156,207864,519660,5942453.0,LW
209842652,Burak3523,21494344,0,0,1217209.0,AL
212333596,ᴹɪɴɪK0uisF,21469283,229140,578503,2124251.0,SL
210402077,24 X҉   NKN,21433590,112556,281390,,
208211218,ᴿᵂ Rooster,21422803,1394926,806050,53589463.0,AL
207579331,24 X҉ SNØŌWミ,21272207,0,0,,
209974432,fire001,21098293,10188,25470,,
210245347,Szoboslai8,21023323,0,0,,
210084771,Bshusttt,20856042,0,0,12020244.0,LW
209882504,Coconut15,20803965,0,0,8841114.0,AL
211294741,Farmheart,20792813,0,0,3643659.0,SLF
210432841,Nunm,20733089,0,0,,
210372545,ᴾᴱStonəy,20674879,0,0,3019149.0,ADRL
209103130,ᶲ DansKingdom,20634238,0,0,,
209696150,zia tok,20571909,0,0,,
209867154,LadyNocturne,20309057,0,0,,
210376802,かかってこい,20231619,0,0,,
208936123,ᶻᵒAdamLeft,20187405,1464335,1548950,,
210432676,24 X҉  Qhà,20181416,0,0,,
210243771,BrunetteValkyri,20151291,0,0,4309955.0,LW
207957194,BankKingdom24,20118913,0,0,46388434.0,SL
205283625,24 X҉  OBITO,20084910,0,0,,
207057491,ˣⁿDrina,20032492,0,0,12056477.0,ADRL
209112837,ᶲAKa Rùa,20016884,0,0,22026421.0,SLF
210377522,I54c,20016283,0,0,,
209880540,24 X҉ GRUbiYan,20012773,0,0,,
209899711,Ninnitt,19934564,0,0,,
210225102,humilde manco,19758296,0,0,5478211.0,LW
210664315,lãotứk,19751902,0,0,3835796.0,ADRL
210383699,Le Rose,19619086,0,0,9752182.0,AL
210888570,Fozzie 3,19574864,0,0,753498.0,ADRL
209709756,aj rimmer,19546980,0,0,3144022.0,LW
209762988,ᴰᵀŞahmar,19502821,0,0,2902396.0,LW
209312381,Yola61,19482468,0,0,1202966.0,SL
210409801,Incomeq,19384927,0,0,4596992.0,LW
209885315,ᴿᵂKapo,19356522,0,0,4027136.0,RW
210164634,mumudomi,19213172,0,0,,
210302210,Papabara,19170229,0,0,,
210267199,De Noordzijde,19100371,0,0,267678.0,LW
207713494,ᴿᵂBHB,19098375,0,0,11986978.0,RW
207181368,24 X҉    Xuka,18935094,0,0,6469873.0,SL
210376408,AK F02,18866036,2732270,1443500,13278889.0,LW
209449139,ᶜᵍDextrixs,18794375,0,0,12048498.0,LW
209617120,NTTha farm,18770939,0,0,20593606.0,LW
208199215,Tanimoto,18687360,0,0,1503555.0,RW
210140834,dirty game,18630720,0,0,9908519.0,LW
207189272,NAGi7,18588598,0,0,22710531.0,LW
210263265,ᴷˢ DRINASC,18539462,0,0,5588292.0,ADRL
209939374,24X҉  KaraGüL,18530379,0,0,,
209901762,ᴿᵂEJBau,18382395,0,0,2980449.0,AL
208373408,viva555ᴿᵂ,18364106,0,0,1099941.0,AL
210834946,JEERRYY,18298090,0,0,2252140.0,ADRL
209349901,Mash68,18288967,0,0,,
210184194,RØW和平Ash,18128651,0,0,,
210834666,harryg91,18103333,0,0,1214148.0,ADRL
210418063,ESKAY FUN,18099666,0,0,5483195.0,ML
210265847,Almajidi,17976671,0,0,985300.0,LW
208966369,24 X҉ MONGOLIY,17973055,60632,151580,7212478.0,AL
210252173,Eren kaya 06,17934382,0,0,2307174.0,AL
210214177,L77,17896144,0,0,,
192034057,24 X҉ No Mercy,17839655,0,0,16374180.0,AL
210398747,ÐarkKnight,17807046,0,0,1069415.0,LW
208210378,ᴿᵂAzRa eL,17791394,0,0,11614143.0,AL
204444030,24 X҉  AZURA,17740124,0,0,,
209343875,JeNCoffe,17734343,0,0,6117175.0,ADRL
206967111,24 X҉ThuyAn1,17668393,0,0,8950409.0,AL
206156810,3915 3900Bitсh,17666418,0,0,,
208635818,03 Farm2,17657146,0,0,16351620.0,RW
210344374,Mefistófeles,17651678,0,0,2908347.0,LW
209876388,Şahinşahz,17493487,0,0,121429323.0,LW
210269601,KLUYUTᶻ,17482215,0,0,3894834.0,LW
210406738,24 X҉ Turbo01,17432522,0,0,4005124.0,LW
209963841,OllerJulius,17391575,0,0,,
209446165,Dungori famr,17373702,0,0,2707321.0,SLF
210439686,SanMig Apple,17336652,0,0,,
210051564,ᴰᴷMatri214,17317064,0,0,13151239.0,AL
210391706,ᴶᶠ RynaMay,17227042,0,0,,
208280099,Maggies Farm,17202285,0,0,7320160.0,RW
210301764,TVRI mongos,17177276,0,0,9285776.0,AL
207540269,Furia Negra,17167194,0,0,2199551.0,ML
213793735,farm of Luca,17050246,0,0,2248266.0,SLF
210161055,LwPungarabatito,16962812,0,0,,
209408369,ᴰᴷZamarilla,16950562,0,0,1832166.0,ADRL
210002656,Oswaldini,16898179,0,0,660621.0,ML
210430703,Aariv25,16895552,0,0,7833964.0,VL
210375971,モモキチ,16841645,0,0,1223008.0,VL
210944675,sayron,16832046,0,0,8844736.0,LW
210045541,Andyko149,16796997,0,0,1576355.0,LW
212804510,Zaid32mf,16762987,0,0,1395076.0,VL
211186066,乂BLESS乂,16742132,0,0,4054365.0,AL
207300929,HOTTHEAD,16731179,0,0,2620942.0,AL
210344123,toloarmy,16716862,19536,48840,2997411.0,LW
212702974,Alamarzz23,16714282,0,0,5731551.0,LW
208238494,ᴿᵂI Wolf U2,16714218,0,0,1561573.0,RW
209172663,Bec City,16707255,0,0,1191869.0,ADRL
210374164,HighLord Grimm,16396573,0,0,,
211472110,Lamer,16370564,0,0,80535.0,AL
211471572,Petalンwhisper,16341456,0,0,127306.0,AL
209909097,24 X҉ Tony,16323884,0,0,6841299.0,VL
210226004,Younis m 3,16283830,0,0,2776572.0,LW
210396142,Baruta,16249766,0,0,3545096.0,LW
209905253,OsmanGazi001,16216026,0,0,4687026.0,AL
209130577,ᶲhaz372736,16169511,0,0,,
209748194,ᴱᴾᶠRon II,16147626,0,0,8107912.0,RW
210856317,demonhk,16055779,0,0,1446481.0,ADRL
210740875,ShAQ,16020600,0,0,,
204513619,M100,15982992,0,0,324460124.0,SL
208165669,ᴿᵂHANMAAZM,15951193,0,0,1989368.0,AL
208575530,ᶲSentient,15910638,0,0,549474.0,ADRL
209928896,ᴸᴴ sachie,15833550,0,0,3849354.0,ADRL
209804923,FiFo4Ka,15818599,0,0,1276186.0,ADRL
207043733,WilliamR,15760471,0,0,2598934.0,LW
209900715,ViscountBlueSky,15702013,0,0,,
210464086,Guaicaipuro,15680034,0,0,3684823.0,LW
209825536,ᴰᴷElen009,15660471,0,0,9061898.0,ADRL
209343632,Shinjimae,15591652,0,0,1830189.0,LW
210375004,Ichtuderweh,15493464,0,0,1056575.0,VL
210051489,24 X҉ Arthur2,15465595,58940,147350,9807628.0,LW
209536166,ⱽᶠKlee No5,15378808,0,0,10345764.0,SLF
210143857,Hubert Sssss,15334766,0,0,,
210632754,Gravenberch6,15331922,0,0,,
213651664,ŞERWANO,15331382,0,0,7788697.0,AL
210417961,dextrixsF1,15324073,0,0,,
209871837,ᴿᵂNiuniek17,15295236,0,0,8001117.0,AL
215282415,あっと 2,15246526,0,0,5687569.0,LW
211741214,Pax F,15223886,0,0,2968264.0,LD
210376444,Aisopos,15203741,0,0,,
207282580,Claire08,15197649,0,0,2021578.0,ADRL
210886935,Slayеr,15151276,0,0,841005.0,SLF
210210212,Шамс 7х7,15142913,0,0,1307384.0,LW
209738540,ᴿᵂ Sekhmet,15117326,0,0,,
210435378,Ади2018,15043600,0,0,2667530.0,VL
209453138,24 X҉   DANTE,15039540,0,0,,
209961985,IncrediB0,15021995,0,0,641499.0,SLF
208227524,RW ÖZDEMİR,14956192,21140,52850,18557896.0,AL
210978128,Right hand,14894657,0,0,12101069.0,LW
210392260,Governador210392260,14893234,0,0,,
210281688,Koploksia,14869153,0,0,,
210087183,OtecOtdyhaet,14854914,0,0,819356.0,SLF
208898491,AlexCupcake,14827471,0,0,,
210864248,EvilDoggy,14803068,0,0,4048333.0,ADRL
213838286,Palo4ke,14771200,0,0,1147664.0,RW
209366827,NanuCosta,14724038,0,0,1626215.0,SLF
210379181,Riri94,14717494,0,0,1329633.0,LW
210095815,ᴿᵂTampan,14540047,0,0,,
209904844,Amenre,14484149,0,0,,
207941054,LeooツF1,14475528,0,0,4795722.0,AL
212612755,ᴬᵈGROZ 409,14457061,0,0,2350718.0,AL
211538842,LORD ZEE 2,14351511,0,0,107740.0,ADRL
210377379,ArxitetYT,14313088,0,0,3858435.0,AL
210405263,GhostLider69,14268438,0,0,3521918.0,VL
209834958,24 X҉ PA,14253979,0,0,,
210406605,24 X҉  Wind,14217168,0,0,,
207856011,ツ Timmy,14211409,0,0,6359198.0,ADRL
211736865,AC F,14181226,0,0,2891606.0,LD
209865169,Xerocs,14144135,0,0,1170231.0,LD
210848925,Lucky Arrow,14093407,0,0,768644.0,ADRL
214219390,우라차차2,14055216,0,0,549678.0,SLF
210438049,fasyiong,14013676,0,0,3425384.0,ML
210429723,VeeYisusS,14010204,0,0,811826.0,AL
210443717,magic 73,13972604,0,0,471998.0,ADRL
210410848,rafaf79,13962418,387750,383301,,
210405226,Alesinai12,13959370,0,0,4030030.0,LW
210858605,PINEAPPLES,13902521,0,0,1670962.0,ADRL
213866693,Smert Boy,13828723,0,0,1132538.0,AL
210606489,埼玉県,13826563,0,0,,
210440564,ˢᴸ BaLlRk,13793183,0,0,,
210735353,乂AÑÜBÏS2,13791477,0,0,14676665.0,SLF
210410336,MAGNUS ALEX,13766858,0,0,2079066.0,SLF
210374341,Vasby71,13732546,0,0,1140389.0,ADRL
210417736,Şehri Müdafa,13678794,0,0,2917128.0,ML
208748954,I am Mochi,13630662,0,0,,
211338796,Правитель211338796,13536898,0,0,,
209446563,33 I 天帝,13455466,0,0,12630774.0,LW
210303331,ᴿᵂSANJI,13433960,0,0,2295882.0,RW
211935144,KhalDrogoo,13428021,0,0,,
210302577,MayDay86,13387299,0,0,,
209351255,López1,13335024,0,0,1089729.0,ML
212128661,handfarm,13292123,0,0,5331093.0,LW
210046929,ArChiLeS Farm,13227758,0,0,,
207924663,ᴰˣZoro II,13223361,0,0,9294213.0,SLF
210387027,Zexion12,13220208,0,0,982688.0,LW
209873558,ᴿᵂRomen228,13198723,0,0,6999909.0,AL
210398054,aerolaito,13187982,0,0,1315073.0,ML
215516489,Prinz Bismarck,13082900,0,0,1911548.0,LW
210479418,Sulaymãn,12953048,0,0,2811236.0,LW
210424404,jiminycricket56,12947012,0,0,,
209798688,ᴰᴷhashim 96,12941085,0,0,7661467.0,ADRL
210371202,24 X҉ zEskiss,12927867,149788,374470,6971628.0,AL
210122839,03 FARMF1,12902957,0,0,6069558.0,RW
209328134,Re di Hokuto,12695504,0,0,,
210865825,Ysoul,12670219,0,0,1338108.0,ADRL
209281449,Chow1,12596463,0,0,2158466.0,LD
209963641,monkey d tom,12591737,0,0,418456.0,SLF
209559649,SÓICÔĐỘCX2,12561606,0,0,3366798.0,SLF
209775165,MC Micky 1,12559607,0,0,1281302.0,ADRL
210377502,eastinvades,12544110,0,0,438870.0,ADRL
209858516,Condess Drina,12532737,0,0,2442918.0,ADRL
211776677,Hắc ma 1,12531308,0,0,0.0,LD
210416523,saraiba,12501282,0,0,,
209656505,DextrixsF2,12454823,0,0,,
211957527,zordin,12454026,0,0,,
209866890,24 X҉  Dirk,12416166,0,0,,
210009827,Canfordshire,12366502,0,0,406467.0,ADRL
210383974,ᴋᴺ lives,12351928,0,0,12401323.0,LD
209960025,ĐạiViệt111,12341403,0,0,,
210401179,The HitMan,12294081,0,0,,
209828972,ᴬᴸPhoenix,12269458,0,0,,
209354367,Overk,12229834,0,0,1632463.0,LD
214831589,Aegon V Farm,12218556,0,0,,
214515039,Ritsard farm,12102665,0,0,1225340.0,SLF
210286414,LightDrina,11985658,0,0,1922464.0,ADRL
210399406,beastinc9ming,11984103,0,0,7671976.0,ADRL
211113867,iGreg,11964690,0,0,,
210011584,martzyy,11952067,0,0,,
210854421,mneuwys,11915121,0,0,1156584.0,ADRL
214372945,Mrissafarm,11895048,0,0,2323164.0,LD
210377361,Valetta19f1,11814898,0,0,,
210015481,LuvYouBae,11804777,0,0,1917560.0,SLF
210382221,Hvala03,11763723,0,0,,
204257291,NA X҉  Nấm,11750760,0,0,,
209466493,ᴹᴰN60,11733288,0,0,,
211507619,ᴿᵂAlexFarm,11721035,0,0,8613320.0,SLF
209523994,SÓICÔĐỘCX3,11629955,0,0,1728703.0,SLF
212939883,clamk,11604301,0,0,,
202430859,ром086,11551257,0,0,,
210653746,MCDragoon005,11526829,0,0,8369255.0,AL
210210556,Бамбула1,11511217,0,0,,
208627291,RW WORKIT,11508686,0,0,1518671.0,RW
210415232,ESCURO,11500385,0,0,852407.0,ADRL
209593040,ⱽᶠKlee No6,11471864,0,0,3448077.0,SLF
210055772,JohnKraiton,11435363,0,0,,
211321651,muminadomi,11312783,0,0,,
207672810,MonterRB1,11301010,0,0,7134813.0,SLF
210389430,AHMFd,11258535,0,0,,
209937014,LORD SAURON,11222868,0,0,4225330.0,SLF
211181292,ᶠʳᵐFrenzy3,11208190,0,0,17743179.0,ML
211335364,Neymar f1,11166508,0,142044,5810297.0,SLF
211178456,ᶠʳᵐFrenzy4,11165966,0,0,12865161.0,ML
210887644,54Buçuk,11153323,0,0,1466114.0,ADRL
211456927,GIOX26,11151399,0,0,,
209915585,DonFrss,11144776,0,0,3445600.0,LD
209855604,AᴬᵈRudy San,11117776,0,0,1169630.0,ML
210426322,Thức zin,11116371,0,0,3132777.0,VL
213712023,fire 002,11103675,0,0,,
209318764,ViridianOwl,11032454,0,0,,
210391613,ᴸᵂ ThươnG,10994330,0,0,,
210410773,ABØ Ř3FÂÎŸ,10977449,0,0,2544809.0,VL
210356651,ⱽᶠKlee No1,10941403,0,0,5100495.0,SLF
209331941,AngelosT,10903085,0,0,382698.0,RW
210894907,Lalo2025,10898303,0,0,825424.0,ADRL
207838083,LordCobra,10744677,0,0,3867493.0,ADRL
221928757,オレンジ,10701732,0,0,581008.0,LW
210388143,AUZZIE,10698961,0,0,1193457.0,ML
209676869,Isi123,10695546,0,0,912212.0,RW
210180161,Gubernur210180161,10656646,0,0,1299408.0,ML
210380360,abcxyz321,10591346,0,0,,
208681002,BratiIIIka,10526999,0,0,,
209844646,AMSTER Fаrm,10523641,0,0,,
212944588,ankin,10365841,0,0,,
209895358,ᴿᵂHoney,10361715,0,0,1216627.0,AL
212708607,ᴿᵂ M A X 11,10303680,0,0,1821441.0,LW
212350618,Olivia Fam,10263414,0,0,3876948.0,AL
216931664,Yola62,10245699,0,0,,
214065621,Ниниттт,10227964,0,0,,
210884070,Theangel,10206726,0,0,2715258.0,ADRL
210475727,Huuberts,10199824,0,0,,
211253625,nhantrungquốc,10184342,0,0,,
210169350,PanteraGJ6,10174933,0,0,3868812.0,LW
215580789,DrinaFarm,10111015,0,0,1110371.0,ADRL
210392421,NikmanjZOV,10091165,0,0,,
209879245,Shikamaru2,10084462,0,0,3264378.0,AL
210404892,sevos,10055431,0,0,2542067.0,VL
211482646,PaTRoN46F,10006607,0,0,,
210393787,You sure,9961892,0,0,,
211417305,Pertigo farm 1,9822730,0,0,,
210403821,AlbaA3,9761283,0,0,,
207321763,ᵒᶜ Хорн,9758150,0,0,,
210024132,Тимонка,9733220,0,0,,
210668750,kateehullox,9671979,0,0,696122.0,ML
210418727,Heman20,9639626,0,0,2181648.0,VL
209222447,Docs farm,9550555,0,0,,
211176571,sugeng farm 3,9511759,0,0,938340.0,ML
210093312,Daarfaag,9445524,0,0,,
209912174,ˢᴸ HầuTử,9429232,0,0,,
209920757,GRÃNMESTRE23,9419118,0,0,,
209430804,DextrixsF3,9415302,0,0,,
210025122,BDZILLF1,9372692,0,0,2264793.0,SLF
209965948,Kastomnik,9352038,0,0,1238123.0,ML
211177068,Sugeng farm 2,9321000,0,0,591515.0,ML
209982178,BL4CK NIGHT,9295290,0,0,,
214060974,BorLanD 2,9195916,0,0,,
210430873,Karaeng Antang,9152442,0,0,,
51117779,DreamerXFXF,9148369,0,0,,
210388093,Ferz 21,9115320,0,0,,
209874144,Bublikakik,9100843,0,0,,
209335110,Pepper81,9089991,0,0,,
210383940,Lord Timur Han,9068915,0,0,,
209416524,Adrian9925,9057919,0,0,435485.0,SLF
214066738,wGROZw,9018055,0,0,,
209988916,MarianGreat,9009272,0,0,,
211509473,turbo02,8988967,0,0,,
211708184,Perigo farm 2,8945166,0,0,,
209772040,ᴰᴷAnnie,8939975,0,0,1044971.0,ADRL
210814715,AqueminiFarm,8916638,0,0,3258007.0,AL
209960998,DailouSor,8899473,0,0,1762171.0,SLF
210401250,ᴸᵂ JUNIOR H,8886763,0,0,,
216528451,Lil Vivian,8836094,0,0,174701.0,LD
184848913,F5Ghost,8832291,0,0,2246057.0,VL
207573263,ᴿᵂLaChryma,8819635,0,0,4389463.0,RW
212908035,JoeLaTabz Farm,8749481,0,0,695564.0,SLF
210405794,ᴿᵂ M A X 22,8722949,0,0,1419444.0,RW
211922133,Kakahaha20,8699086,0,0,1571290.0,LW
209832191,ᴷᴸ 4naLog,8657901,0,0,,
210425551,j0ker73,8551550,0,0,,
210392643,wills64,8542610,0,0,,
209579191,ᴱᵂMr C farm,8540007,0,0,9256600.0,ADRL
216527101,Xatarê,8524361,0,0,140638.0,LD
216366817,SuButayFarm,8507855,0,0,,
211079529,xFACAxV2,8505785,0,0,2176838.0,SLF
210881875,Ombrela,8403539,0,0,,
211997110,methusalah,8343436,0,0,346831.0,SLF
210379325,cer19,8317241,0,0,,
210773811,24 X҉  Blue,8256613,0,0,,
210379374,Icarus124,8241772,0,0,,
211084801,DMAxxx,8239985,0,0,,
212381184,DextrixsF4,8231176,0,0,,
210410381,KONAK,8211893,0,0,,
210855445,Hossein021,8210082,0,0,,
213689921,IIlICHlChArltOI,8184946,0,0,,
209666051,ⱽᶠKlee No4,8176848,0,0,3204963.0,SLF
210582109,milfaaa,8138967,0,0,,
210387569,Tirado Rex11,8122325,0,0,,
209936156,MKCXL,8091056,0,0,513813.0,SLF
210313716,Camm farm,8086791,0,0,1423640.0,ADRL
209868891,jaguar2025,8026819,0,0,,
210126979,vtnsc3276,8016218,0,0,212617.0,SLF
210415867,IIlChlChArltOII,7999333,0,0,,
210411963,бей барс,7966253,0,0,,
210274675,TigerainF1,7950728,0,0,,
209996410,KirbyML2005,7905780,0,0,2184655.0,AL
210170046,One Eye Farm,7892514,0,0,,
209989066,ᴱᴾᶠRon 2f,7865833,0,0,2947732.0,RW
217726185,ᴿᵂArtзmis2,7817802,0,0,2068161.0,LD
210312556,visna10,7783642,0,0,452356.0,SLF
210221171,Zevs086,7712243,0,0,719178.0,SLF
213101683,24 X҉  Win,7704581,0,0,,
209260089,Rw Jin,7687516,0,0,2242395.0,RW
211060250,DMArussia,7672833,0,0,,
210330146,ジャᴀᴅɪʟᴀ,7669879,0,0,,
219159031,Pax F2,7655408,0,0,81160.0,LD
210125912,TugFam1,7628365,0,0,1051780.0,ML
208304369,ᴿᵂWhybe,7535155,0,0,5111962.0,AL
211331544,24X҉ GiangBlue,7511587,0,0,,
210377667,ᵃᵍᵗPanda,7506699,0,0,,
211332756,24X҉GiangBlue,7494528,0,0,,
211791607,lord ismail 2,7484751,0,0,,
210400914,Vanphercy,7484746,0,0,818822.0,VL
210444145,ᴶᶠTrSownVN,7455203,0,0,,
210448481,ᴷᴸ SETER,7445859,0,0,,
212071038,Perigo farm 3,7326759,0,0,,
208595648,LTai,7285743,0,0,,
210414165,Sergant0391,7253828,0,0,1523226.0,VL
220194864,ᴿᵂFredi000,7246116,0,0,466425.0,RW
210154720,cà chua ok fam,7207538,7136,17840,1666202.0,SLF
209831487,ᴰᴸYoussef,7116621,0,0,,
210427584,Figure 7,7105360,0,0,2181699.0,ML
210372536,Kakangtv1farm,7083347,0,0,,
210343428,XxxtheslayerxxX,7068221,0,0,1502963.0,LW
210387584,Pachecoxz,7051821,0,0,1741899.0,ML
209868766,Xoá nick,7042413,0,0,,
210376661,Statthalter210376661,7039108,0,0,,
202896756,LokomOtive,7004088,0,0,,
211706627,PINEAPPLES2,7004080,0,0,,
213323877,Bank of Ram,6966156,0,0,218732.0,LD
207660535,FangYuan F8,6956674,0,0,590980.0,LD
211606971,PaTRoN46f2,6953437,0,0,,
210782582,SÓICÔĐỘCX1,6942687,0,0,1450354.0,SLF
219356243,Farm For Izzy,6909765,0,0,4433958.0,ADRL
212291340,TH Trumilk,6891117,0,0,1500035.0,SLF
209848247,Madurai Malli,6889405,0,0,897522.0,SLF
216248272,HOTBEAST III,6878315,0,0,,
210381901,Kavlak55,6872868,0,0,,
210377181,Gubernur210377181,6825695,0,0,679988.0,VL
209989505,Thống đốc209989505,6813853,0,0,,
211042058,Evansss 02,6794119,0,0,,
214393105,24 X҉ HoangHuy,6789873,0,0,,
211093784,Ombrela 1,6759821,0,0,,
213365575,ⱽᶠKlee No3,6722370,0,0,1057251.0,SLF
211810638,Do2FARM,6706052,0,0,,
210416530,Vali210416530,6675288,0,0,,
210421487,Thống đốc210421487,6649109,0,0,,
213186916,ⱽᶠKlee No2,6617983,0,0,1277634.0,SLF
210381070,visna11,6616449,0,0,436592.0,SLF
210583696,TOMBYF,6598036,0,0,,
210101753,Hssshu,6597839,0,0,1651051.0,ML
210138627,Peacekepper4,6586594,0,0,,
210057709,Naberyaa,6503501,0,0,,
211606686,PaTRoNf1,6438927,0,0,,
210133935,Neymay farm,6416495,56600,141500,4380449.0,SLF
216336528,HOTBEAST FARM,6413702,0,0,,
208748734,Sír乄Mochiヅ,6398735,0,0,,
209870591,NightstarF,6389915,0,0,,
210582014,ᴸᵂ ANGELx,6382096,0,0,,
214485455,ᶠʳᵐFrenzy2,6335841,0,0,3925861.0,ML
210388654,Dokurwiator,6268251,0,0,,
207872767,ᴰˣZoro III,6245636,0,0,1398240.0,SLF
213607665,PaTRoN46farm3,6217781,0,0,,
209146092,ᴰᴷSpoks,6124604,0,0,,
208203407,ᴿᵂMaegun2,6093806,0,0,5320673.0,RW
221042004,demhkfarm1,6064328,0,0,126730.0,ADRL
210407699,CristianBars,6040055,0,0,,
210225179,omertugrul,6026465,0,0,,
210383106,MUJI JINSANG,6025793,0,0,1390764.0,ML
210171190,JUSTICE OF AXE,6011783,0,0,,
209897183,ᴸᴹ Hào,5972591,0,0,,
209902693,FishboyF1,5971915,0,0,152014.0,SLF
208408395,SLjinkwi99 op,5956598,0,0,,
219592082,Bánh Xèo,5954266,0,0,61992.0,LD
210730158,NapoleonB0nap4r,5940812,0,0,1105445.0,SLF
210567353,Famheiniken,5902441,0,0,,
210377046,kalomangsp,5826933,0,0,,
221638817,john doe 24,5737403,0,0,370200.0,ML
210030814,FishboyF3,5723463,0,0,242026.0,SLF
212954569,little rich,5706367,0,0,,
210428102,Hmoob Vaj,5705488,0,0,1164480.0,VL
210247658,Crisisis,5675756,0,0,6490.0,LD
198893080,Skezzdon,5611554,0,0,,
210400725,erika5949,5592217,0,0,,
209838630,疯将军,5582181,0,0,241512.0,ADRL
210819429,ᴋᴺ Dha,5579957,0,0,,
210782718,голо666,5572990,0,0,,
211389161,ᴋᴺ times,5568707,0,0,,
210383252,Alishaaa,5567347,0,0,1231673.0,VL
209905272,ᴬᴸSmoshi,5551906,0,0,,
219141910,Johnny Yosaku,5501836,0,0,1182650.0,RW
210392011,Yrys07,5461112,0,0,,
209468870,Bando kid farm,5441568,0,0,743838.0,AL
210223600,Iernissia210,5439668,0,0,,
210416994,olli41,5415676,0,0,,
210428614,giathuan bel,5342059,0,0,950284.0,VL
176135492,ᴶᶠ kuanysh3,5318409,0,0,,
209649241,ᴿᵂAzRa eLII,5293132,0,0,83196.0,SLF
210261370,OptimusK F1,5256017,0,0,,
210407688,Olek04,5222015,0,0,559865.0,ADRL
212736277,DoivFarm,5214595,0,0,961154.0,ADRL
208728148,ᴰˣZoro V,5209236,0,0,995213.0,SLF
216082785,24 X҉  Ktwin g,5208773,0,0,,
210396210,Z1ON,5189182,0,0,298569.0,LD
210416087,BigDawG2123,5088265,0,0,,
210594514,Kenfamm,5079119,0,0,,
211390351,ᴋᴺ Tâm,5019092,0,0,,
208705398,ᴰˣZoro IV,5003252,0,0,882318.0,SLF
210433071,Batru4a235,4988765,0,0,,
207180986,HIPER FLO,4987672,0,0,,
211654248,PacoPepe,4977559,0,0,1074688.0,RW
209533691,JoeLaTabzFarm 2,4956687,0,0,12912.0,SLF
211137959,DJIBRIL94,4865900,0,0,,
222357119,Ánh Lỏ,4862725,0,0,155761.0,VL
211689302,fds4458,4858929,0,0,0.0,SLF
209833861,ᴴᵀ IDZIGA,4857993,0,0,,
209765854,Tlwn8,4716324,0,0,338091.0,SLF
218152917,24 X҉Gamma,4692782,0,0,,
210386195,Ronaldo wc 2026,4671371,0,0,473742.0,VL
214496980,EJBau II,4670451,0,0,,
210374694,Deadpool  15,4660383,0,0,,
212490868,little jester,4593662,0,0,,
209964268,XxHONEYBADGERxX,4531369,0,0,139572.0,SLF
212251025,Eluins3,4519279,0,0,,
212485176,Rickfds,4499570,0,0,,
207660123,Fang Yuan F9,4462547,0,0,365265.0,LD
209907661,lexx1farm,4431305,0,0,,
217297081,ciftlik,4422736,0,0,,
210397774,szostek38,4415964,0,0,225611.0,ML
210851340,Alesinai12 jr,4408429,0,0,,
210160996,Dungori farm 3,4389171,0,0,36360.0,SLF
210317616,JimJam22,4382997,0,0,,
210383273,EF MoOoRa,4367688,0,0,,
218764205,microVito,4339629,0,0,,
187288053,1234567фыв,4327405,0,0,,
210380258,Правитель210380258,4275446,0,0,,
210387866,MERT2,4233261,0,0,,
215201355,Slim15 FARM,4210726,0,0,74216.0,ADRL
210748361,Çarşı32,4181500,0,0,895394.0,ML
214392068,Ange11,4176955,0,0,487942.0,ADRL
210386898,YouAreKiraRight,4174195,0,0,,
210167073,Hermanni123,4161079,0,0,101850.0,LW
221629682,zordine,4103830,0,0,,
209871667,KenSʜɪn2,4091763,0,0,,
210381416,Vainchaud,4023512,0,0,,
213810190,HannaPanter,3999685,0,0,506372.0,ADRL
210740097,SHEIK ARABE,3970737,0,0,17901.0,RW
210431221,Dyysyaa,3942954,0,0,1611643.0,VL
207142542,FangYuan F7,3938666,0,0,68744.0,LD
209911347,ᵛⁿNhà Sư,3921443,0,0,,
215251913,carmelo,3863457,0,0,86984.0,ML
210662810,Kenfam,3816209,0,0,,
210387179,Vn mai dinh siu,3811227,0,0,897787.0,VL
208911678,vn hồng fram,3795792,0,0,,
210374752,Phi1Finger,3770979,0,0,,
212874763,KirbyML Alt,3758249,0,0,,
211757547,ÖMillaÖ,3744251,0,0,,
209907548,ˢᴸへMr Smith,3723008,0,0,,
221101031,Governor221101031,3721492,0,0,,
210414626,Dr Diablo,3689928,0,0,,
221093605,Governor221093605,3688465,0,0,0.0,LD
221070743,Zoda farm,3667952,0,0,17388.0,ADRL
210391689,Viet Nam Top 1,3658401,0,0,,
209921685,ʳʷjoja,3655937,0,0,,
210397072,ˢᴸBoGiaoDuc,3643524,0,0,,
221096978,Governor221096978,3634619,0,0,0.0,ML
213816521,Damion,3607910,0,0,241629.0,ML
208908800,NG Minh Giàu,3602997,0,0,,
210866993,Lee2100,3598592,0,0,,
210484201,Levi AckerChí,3587571,0,0,,
210584276,HTC,3560948,0,0,1207649.0,ADRL
207830345,⻓モサ中入丩1,3541765,0,0,624507.0,ML
211995142,xAggressive,3540515,0,0,,
209907343,irish7,3522816,0,0,,
211708875,Kayt8,3521307,0,0,,
209631026,ビンセント,3516908,0,0,,
210042742,supportF2,3510231,0,0,,
215476278,Fisaro 2,3494445,0,0,,
210052958,Bloodᵐᵃʳʸ,3489472,0,0,8078.0,LD
209984545,VᴺPeeTrinh,3450796,0,0,,
208825023,IrishkaBABY,3431405,0,0,798573.0,SLF
