#,Governor ID,Governor Name,Camp,KD,Power,Power Diff,KP,T4,T5,Dead,Acclaim,Healed,DKP,Trades,Credit Score,Kill Points,Death Points,Heal Points
36,207979381,24 X“â MuguiBoy,IV,3924,64295138,1246637,505789263,27112240,11680665,1593868,0,30936287,249163630,77.74,100,,,
124,207034573,24 X“â H√ÝnL√£o,IV,3924,65456149,-3128563,253165515,17295595,3826314,818486,0,12982575,119722810,91.72,100,,,
133,208559123,Stflrs Mom,IV,3924,53249493,-1014579,244655773,18404875,3004547,646060,0,24361760,113355870,48.92,100,,,
148,207787522,·¥ø·µÇAmidamaru,IV,3924,54450180,15071631,238446827,19883660,1933041,265149,0,14329167,102842285,81.69,100,,,
181,207861650,À£À£Oldboy,IV,3924,53030811,-143484,183518167,10988848,3676946,494147,0,10451735,88137057,83.83,100,,,
205,208594000,B√°olonf,IV,3924,52074226,8639427,175823248,12077906,2491168,515579,0,6098823,80956989,132.91,100,,,
241,204170130,24 X“â Qu√Ωt,IV,3924,35254250,6716463,151431556,9158438,2962151,108477,0,8138843,67882417,91.81,100,,,
262,208208516,·¥ø·µÇBando,IV,3924,28334983,983013,125897774,8771194,1420577,933678,0,17517237,63295716,34.12,100,,,
273,208108254,Alex hub,IV,3924,35865763,5016842,127219165,11277658,715634,605393,0,18606480,61347867,33.11,100,,,
278,207000003,Takudooo,IV,3924,43612352,5405443,105744980,6386503,1992974,989864,0,6136730,60323712,74.19,100,,,
302,208651441,24 X“â Tr√Ý„ÉÑ,IV,3924,40074085,2275260,126679582,8907643,1370959,409944,0,11863382,55489322,51.61,100,,,
321,210676287,Frenzy „É°,IV,3924,25043781,2820244,108066780,10590777,33840,657769,0,1784896,52568043,221.21,100,,,
328,210133354,24 X“â  Zenith,IV,3924,41380529,5955111,104937748,5193701,2647312,310515,0,9866832,51905649,51.55,100,,,
350,209530219,24 X“â S√≥iGi√Ý,IV,3924,36445961,3328103,98739873,7120430,966823,694552,0,34808997,48568230,13.91,100,,,
362,209521513,24X“â Qu·∫£ Cam,IV,3924,32900995,1392538,100824338,7400765,1203339,326486,0,9476741,46533740,51.42,100,,,
373,207317722,iryshka,IV,3924,36076680,2597378,97634986,7730560,890167,304417,0,22378979,44390165,21.52,100,,,
374,207038636,24 X“â BossMilk,IV,3924,41375298,1192990,89535906,6307346,1156225,465632,0,15367351,43776114,28.28,100,,,
384,208591565,24 X“â Chanh,IV,3924,35116795,3510453,91309894,5914677,1456280,315380,0,13846359,42952208,32.24,100,,,
389,209842542,·¥±·µÇMr C,IV,3924,33215727,5703979,113821890,9493221,405823,28789,0,6689925,42462949,84.71,100,,,
391,209534514,24 X“â Ney,IV,3924,30161880,3170965,86843490,6299276,680082,675005,0,12114172,42122999,33.95,100,,,
420,209435533,hi·ªÅn hihi,IV,3924,33891114,2583943,77799536,4153457,1539266,405416,0,41134105,38087728,9.36,100,,,
422,207128271,24 X“â   Shyn,IV,3924,48005261,1526786,65734946,4663391,934225,660732,0,3383977,37906794,81.26,100,,,
433,210272139,Inf1n1ty,IV,3924,27425279,4962617,80431257,6239095,901383,203267,0,13073965,37019215,30.29,100,,,
440,209600107,LeONn,IV,3924,36204555,3560374,68247120,3112771,1848223,361091,0,7727821,36349679,42.19,100,,,
451,208157738,03 SHEEP,IV,3924,35690272,6853476,78977265,5216643,1339500,88655,0,8212046,35591397,47.57,100,,,
503,209089507,24X“â Olivia,IV,3924,27454930,1484359,48060588,3426111,606189,749324,0,9184559,31006194,24.19,100,,,
511,209645960,24 X“â RITSARD,IV,3924,31579756,3268832,61100299,3722543,1185409,252501,0,7083033,30531777,41.65,100,,,
518,208638976,24 X“â Roytitus,IV,3924,36925123,2941984,66805892,5311054,684341,110159,0,5262501,29740011,62.17,100,,,
526,207108248,HOY PINOY AKO„ÉÆ,IV,3924,24091078,-84676,25494346,894800,822107,1153563,0,11022437,29103715,10.47,100,,,
532,209811971,peter graffi,IV,3924,27711592,1354394,45818063,2805471,710192,691280,0,10515246,28693004,20.44,100,,,
535,207317874,24 X“â MONGOL,IV,3924,29070167,2766268,43269813,3771870,276477,702623,0,8143222,28391595,24.46,100,,,
551,210422456,M·∫£ngo,IV,3924,22571891,1336761,6521242,454736,78647,1648164,0,4866521,27327874,5.01,100,,,
555,210082550,xFACAx,IV,3924,27240220,-254664,6044446,252404,175986,1613497,0,1938868,26971931,8.51,100,,,
561,210049658,Lejonhj√§rta,IV,3924,36796326,4699373,49673764,3326367,706744,427311,0,25393088,26782573,9.62,100,,,
566,207109314,24 X“â  Pak RT,IV,3924,37130957,-4069207,24646428,2252546,34612,1133483,0,1170177,26358549,53.49,100,,,
571,208580783,24X“â–°–∏—ç–ª—å,IV,3924,27019130,1786808,52121447,4571227,320298,308408,0,7204164,26114008,34.69,100,,,
573,207576224,24 X“â Viona,IV,3924,38438066,4233806,45096046,2703978,902200,408441,0,6096891,25964527,34.66,100,,,
579,208558087,24 X“â Alie,IV,3924,28674464,988769,43113190,1533256,1388827,378162,0,5152376,25693724,38.98,100,,,
583,207118372,DHieu,IV,3924,34019049,1508623,59541959,4429432,589372,131116,0,17183610,25578188,17.19,100,,,
588,209616823,·¥π·¥∞XrUsT,IV,3924,29119150,2358503,32207465,1986159,615811,745896,0,4827289,25291186,28.9,100,,,
590,207653866,24 X“â G·∫•u,IV,3924,37498901,3825219,50567816,3179588,900903,231101,0,6272836,25193897,38.87,100,,,
625,208617337,·µõ‚ÅøPopicicu,IV,3924,38031175,3588449,47554225,2411558,1141201,161225,0,6785820,23476617,34.23,100,,,
628,210371729,24 X“â xANGELx,IV,3924,24827264,2407282,43503846,3888253,209761,363365,0,8222579,23101097,25.33,100,,,
629,209750782,JoeLaTabaz,IV,3924,37624565,7902450,49479004,2248007,1231019,118877,0,15228991,23085373,16.12,100,,,
630,209904802,·¥µ·¥¨ng√¢n,IV,3924,41526522,2260674,46195792,3488211,368122,351502,0,3305241,22906594,63.17,100,,,
633,210517889,babyb0y,IV,3924,32291618,3442263,38991056,2483273,706715,372173,0,6684923,22582837,27.63,100,,,
644,210354561,·¥∏nichii,IV,3924,23988541,2788870,40625189,3772282,124496,367757,0,4039673,21850443,46.09,100,,,
675,210379863,24 X“â  Qu·ª≥nh,IV,3924,28430852,3800602,42535969,888227,1113545,353239,0,7168976,19986943,28.27,100,,,
679,210922098,Zodiac Army,IV,3924,24768630,2031613,27485559,2622728,54479,589116,0,3918296,19872442,30.49,100,,,
680,210482880,24 X“â  Slayer,IV,3924,33366915,2488928,35605469,1048884,1255750,205750,0,13619189,19839286,12.88,100,,,
681,209527597,24 X“â Klee,IV,3924,31281965,2942208,35186026,2304506,416998,426814,0,6044316,19790214,27.19,100,,,
690,209844407,RW Nikol40,IV,3924,50767782,17089644,36933310,2164829,759614,205124,0,2791732,19332316,61.62,100,,,
694,209607393,Êü± VeNdDeTtA,IV,3924,37435583,3987114,32101053,1836796,686631,334794,0,7126969,19235404,21.51,100,,,
702,207190528,kz 007 02,IV,3924,24316319,-5812357,2164682,215835,0,1185995,0,175326,18653265,7.95,100,,,
703,209814285,Á©∫Tu·∫•nÁ©∫,IV,3924,31265611,6889039,33736523,2184264,348343,427486,0,12632998,18632776,12.92,100,,,
705,210431963,24 X“â vSharks,IV,3924,36200332,4490896,30990466,2860322,98588,406746,0,3427410,18528358,40.41,100,,,
707,210900267,LORD ZEE 1,IV,3924,24762094,946443,2115956,58208,76692,1157694,0,1598706,18365162,3.84,100,,,
714,210744133,Dirtyguido,IV,3924,27731718,-2589655,2845935,104537,89978,1107975,0,1800404,17937553,4.89,100,,,
719,209302826,1Vorobey1,IV,3924,34621409,3178682,8726519,570802,150670,928030,0,3433828,17710358,10,100,,,
724,210346486,todays 12,IV,3924,55078476,6869871,32295244,1715380,756746,194144,0,5038949,17341140,30.86,100,,,
727,209779749,·¥∞·¥∑Majima,IV,3924,24237693,3852647,29394744,2184000,376992,308819,0,6295451,17138205,22.25,100,,,
733,210438552,24 X“â PPPh√∫c,IV,3924,25277448,2430845,19277391,990212,462199,555994,0,6984470,16922748,12.78,100,,,
737,210446135,SCOURGE OF GOD,IV,3924,20749723,283193,21486830,1293783,193074,637098,0,4120954,16662342,22.58,100,,,
742,209749867,·¥¨·∂ÝBamba,IV,3924,24832351,1286332,6587490,292847,182935,890708,0,2306428,16361358,10.3,100,,,
744,209378653,24 X“â Manoelbr,IV,3924,29651548,291368,13667244,877408,221075,703146,0,6601970,16267572,9.35,100,,,
752,208179191,·¥øw dumbywumby,IV,3924,30903136,1772675,36128400,2147193,501099,161358,0,17753827,16020132,10.08,100,,,
762,209982519,V·¥∫ Longcon,IV,3924,23251626,-2052366,986949,24956,36811,1019278,0,1205278,15757104,2.22,100,,,
764,209861963,·¥ø·µÇAlex,IV,3924,21600493,346713,25510257,2278966,89239,380117,0,16942401,15710009,7.36,100,,,
765,206969476,24 X“â Xatar√™,IV,3924,34168917,243902,13039950,699722,184641,734246,0,1891722,15658988,24.83,100,,,
766,210372799,24 CHEZCKO,IV,3924,27094086,1807861,2201640,194496,12834,980627,0,2181005,15615729,3.48,100,,,
770,209890750,Elephent,IV,3924,26446786,718415,8053474,274540,190712,826387,0,5644723,15401085,6.22,100,,,
772,209306575,Spartacus6,IV,3924,32091298,4680718,26265560,2005730,308049,276462,0,3563870,15250340,34.2,100,,,
782,207251090, ∑“ì≈¥ukong,IV,3924,23306607,-4897566,1754620,175462,0,952323,0,0,14986693,9.21,100,,,
786,209962010,„Éû„É™„Éº„Ç¥„Éº„É´„Éâ,IV,3924,29200479,1835456,5726734,345381,113546,819593,0,2518188,14810879,8.58,100,,,
789,209908286,REPragmatic,IV,3924,29494972,746171,19420497,950704,495666,390931,0,3912989,14623441,22.56,100,,,
791,209944070,24X“â  PaTRoN46,IV,3924,33448579,-204753,1436706,130919,6341,931908,0,942413,14565706,3.83,100,,,
793,210254146,–ê–ª–µ–∫—Å 2909,IV,3924,30502082,2004213,7825240,529364,126580,740631,0,3399850,14492721,9.45,100,,,
795,208211785,·∂≤OmJiro·¥ø·µÇ,IV,3924,28664444,2368153,20712148,1201240,364503,399399,0,11780508,14440975,8.5,100,,,
796,207428704,·∂´ ≥–ë—å—ë—Ä–Ω,IV,3924,23600662,44723,24010763,2311461,20528,331787,0,3826344,14427929,28.87,100,,,
807,210103821,24 X“â  dayday,IV,3924,29864653,5459821,22072094,1822457,144468,348876,0,13156414,13967648,8.17,100,,,
808,209043926,TOMBOYY,IV,3924,31785697,2001660,18868442,726656,579962,349020,0,9170037,13941544,9.91,100,,,
816,209838834,Teung,IV,3924,26840733,2965415,6524216,376586,137736,724378,0,2222402,13749374,11.07,100,,,
820,209354961,RW penculik111,IV,3924,25580858,3182929,24093271,1685331,341898,234939,0,9020595,13684389,13.02,100,,,
822,210239549,luca0507,IV,3924,41666102,7766301,31432227,2512328,286531,49750,0,2795241,13660872,55.24,100,,,
829,208718417,TheinOo,IV,3924,31289512,4976864,22938021,1333335,475533,225721,0,5474789,13474485,20.12,100,,,
835,207270931,guardboy,IV,3924,32704752,3553165,17450763,1149104,297153,376359,0,5039333,13213331,16.11,100,,,
838,207742044,Messi ·µÉ‚Åø·µç,IV,3924,27325706,420015,20454564,1931406,47835,328857,0,1862445,13136829,46.67,100,,,
850,208585387,–¢–æ–øo–ª—å,IV,3924,38122452,2805558,11320943,1003228,56843,549216,0,2961648,12819582,16.12,100,,,
854,209821264,·¥¥·¥∞MIKOTO,IV,3924,20898475,498253,8883262,475997,205708,584471,0,4554826,12728133,8.64,100,,,
856,210661343,‰∏öýπõ BREEZE„É°,IV,3924,34015133,3622497,19585329,1364998,194368,353239,0,13230824,12702257,7.21,100,,,
857,209531678,Crisssss,IV,3924,31588817,3928434,13844063,778627,302595,425716,0,4157215,12526198,15.1,100,,,
864,207519309,ÊõæÁîú3,IV,3924,34683620,2597562,13735846,1039638,0,549075,0,190560,12394677,92.86,100,,,
865,210213330,Ita city,IV,3924,28960868,6324372,2131379,164285,24062,765090,0,2926087,12374110,2.89,100,,,
872,208196720,·¥ø·µÇGNV,IV,3924,32929974,1742798,3648690,246285,59292,710068,0,3156663,12229080,4.72,100,,,
875,208145473,Vicentuss,IV,3924,28816869,2946837,11459064,787366,67879,557407,0,3336471,12189359,14.71,100,,,
876,209569488,24 X“â BaByHulk,IV,3924,50506255,7380450,28747474,1724002,262169,175792,0,2992731,12154578,45.36,100,,,
880,209862206,MCDragoon,IV,3924,31832813,4212194,23005227,2225458,32644,191244,0,1253985,12096932,79.59,100,,,
883,210376336,24 X“â Serelis,IV,3924,25685324,2156225,19639928,1055663,444643,225157,0,3187741,12046437,28.77,100,,,
886,210602781,A K T,IV,3924,35396346,5908403,18267542,1332852,201655,310879,0,2878511,12011143,28.64,100,,,
887,207093369,24 X“â FangYuan,IV,3924,41474043,2168910,23229680,717942,802503,72378,0,2252634,11982468,49.96,100,,,
899,210052043,·¥π·¥∞Jester,IV,3924,33024831,4426146,6257754,383349,120050,605343,0,2850736,11814041,9.05,100,,,
901,209310262,GhoOosT,IV,3924,26393423,5028752,3723720,204092,84140,675685,0,3001965,11793043,5.06,100,,,
904,209965993,–ú—Ä–∏—Å—Å–∞,IV,3924,28604443,1749336,7488808,446754,151031,558397,0,6619244,11673281,5.22,100,,,
909,209819561,MEDS21,IV,3924,25801706,651466,9109661,605182,149815,505489,0,4770443,11501213,8.63,100,,,
910,207279889,24 X“â DUMBLDOR,IV,3924,37267367,8615989,23570981,2132755,109754,124101,0,3261365,11490075,34.81,100,,,
915,210269837,„Åæ„Åè„Å∑,IV,3924,32724425,4249175,16204556,1052360,279537,295187,0,3357895,11432615,22.18,100,,,
921,209927994,24 X“â  Visna,IV,3924,36717014,4132025,15960789,738270,428700,274189,0,3835048,11352915,19.42,100,,,
922,207280922,·¥Æ·¥∫PemudA,IV,3924,30678548,2674638,10783491,470906,303104,428746,0,1996336,11345854,22.23,100,,,
927,209321542,Rambo ll,IV,3924,28710263,3051865,11013030,518851,290114,417005,0,5236803,11231619,9.74,100,,,
936,209786492,Girl sexyyyy,IV,3924,24016784,2984249,13659705,630356,367573,324523,0,11259694,11064999,5.9,100,,,
937,209367117,·¥±·∂ªIvanRR,IV,3924,30837521,3174012,10478766,427927,309853,414533,0,4143777,11028233,11.49,100,,,
945,209788785,24 X“â NVTboi,IV,3924,33753100,1843524,16364672,1019754,263746,275843,0,5871547,10854121,13.31,100,,,
948,207566610,·µí·µàLuFFy,IV,3924,28521552,2574838,10736752,593616,237930,397181,0,4542911,10711479,10.87,100,,,
960,207014016,24 X“â Jhoncewi,IV,3924,33267967,1652796,13494446,859940,243883,312275,0,1399001,10562715,39.43,100,,,
966,210233153,·¥ø·∂ÝMixey911,IV,3924,32074369,1981556,11243680,595603,263870,350191,0,5928891,10273977,8.95,100,,,
971,209938736,·¥Æ·¥∫Aquemini,IV,3924,27062424,1152859,17008042,1026145,326142,186664,0,2824216,10165960,28.24,100,,,
976,209881330,·¥ø·µÇKittamer,IV,3924,28076599,4364353,3005866,176446,61572,579979,0,2918984,10021189,4.3,100,,,
979,210417562,24 X“â   Redbud,IV,3924,31844339,2045100,2670339,152149,54177,590565,0,1656802,10008841,5.94,100,,,
980,209321704,HOTBEAST,IV,3924,31895865,4537459,24226023,2422551,0,20876,0,1299258,10003344,91.76,100,,,
989,210747688,24 X“â Perigo,IV,3924,23210316,-3483560,2449714,243996,0,593937,0,6353,9885039,20.4,100,,,
993,210266791,Lee See Chen,IV,3924,23530673,1686388,22048087,1887462,23740,135066,0,1181091,9813238,83.76,100,,,
997,210293112,24 X“â Prince,IV,3924,40467256,7165240,16920136,1231253,160966,210188,0,1877900,9687492,40.52,100,,,
1003,208630834,24 X“â  Mommy,IV,3924,23834537,1680345,13897300,1206062,91834,257577,0,4089279,9606243,15.99,100,,,
1007,210295022,ÎßàÍ∞ÄÏö∞Í∞ÄÌïòÌõÑÏî®,IV,3924,22419453,-1194570,1647259,152627,6038,590464,0,1027913,9527848,5.09,100,,,
1015,208198024,·¥ø·µÇMaegun,IV,3924,31048695,2107006,9220493,748853,74180,377082,0,2608208,9393442,15.44,100,,,
1027,210399713,Izzy the Great,IV,3924,25200566,4521284,25529573,1644516,51295,136515,0,1971365,9138739,60.56,100,,,
1028,208196246,·¥ø·µÇMoonMoon,IV,3924,37363709,1750590,6476456,215946,215848,406385,0,2973514,9118039,9.58,100,,,
1030,208158335,24 X“â HellSing,IV,3924,30305670,200696,4047951,283486,60414,488527,0,3388636,9065989,5.22,100,,,
1032,207702281,24 X“â   Leo„Ç∑,IV,3924,44402919,6475121,17737479,745792,469481,89178,0,7187060,9015648,12.19,100,,,
1053,207786640,AMADIOHA,IV,3924,26643450,4045742,10148290,805001,102026,296762,0,4655362,8691694,10.25,100,,,
1058,209367234,√∏Positron,IV,3924,36881836,3087900,4663808,312890,75867,441934,0,2402204,8639240,8.2,100,,,
1070,211294741,Farmheart,IV,3924,20142394,-644769,3138428,167131,73083,473222,0,1936763,8497684,6.51,100,,,
1091,210262314,·¥Æ·¥∫GLE400,IV,3924,50057005,7274420,13075724,862082,222730,165710,0,4945606,8161278,12.79,100,,,
1094,207069617,Paulo21,IV,3924,24586432,3529795,2805213,248161,16072,464442,0,3616467,8119994,3.44,100,,,
1097,210564758,lord ismail,IV,3924,24792379,1656138,2661360,122285,68253,461260,0,1634802,8090570,6.35,100,,,
1099,210685997,·¥∂·¥∞ nurge,IV,3924,24912011,635420,835660,0,41783,507635,0,654843,8032355,3.59,100,,,
1104,210229272,Kandamiala,IV,3924,20316825,1963079,3680062,218450,74435,421726,0,2465650,7944040,6.37,100,,,
1106,210151511,24 X“â ∆â∆âante,IV,3924,39891622,3528863,11272286,325017,401104,174222,0,1991259,7924438,26.03,100,,,
1123,208627398,Asimo884,IV,3924,35342182,4575564,2904604,108974,77649,429802,0,2287586,7659416,5.34,100,,,
1125,209894459,LeslieChow,IV,3924,26593859,2733311,9392605,444599,85645,334654,0,22269588,7654656,2.08,100,,,
1130,208108990,·¥∞·¥∞Achille1,IV,3924,27779963,2733246,7024088,545341,78466,305947,0,1552761,7555229,18.9,100,,,
1139,210437015,Almaspavlodar,IV,3924,24081708,3393643,2339660,192088,20939,426827,0,2205660,7380147,4.44,100,,,
1156,209848443,·¥ø·µÇPalo4keee,IV,3924,29057360,3937894,17765550,1774309,1123,832,0,3218704,7120946,27.59,100,,,
1162,208680184,Kutilkatak,IV,3924,27731212,1605281,11858370,583509,301164,114912,0,8542856,7069356,6.85,100,,,
1167,206968066,24 X“âThuyAn,IV,3924,52156120,7110891,15728454,1075264,248773,6467,0,2160781,6885791,36.29,100,,,
1168,207683036,·¥ø·µÇArt–∑mis,IV,3924,34031449,3131921,11159994,1006802,54598,153572,0,1621341,6876768,31.44,100,,,
1176,208756315,24 X“â  A Ph√Ým,IV,3924,34943744,4711320,13709850,526615,422185,29070,0,3318429,6764360,20.48,100,,,
1181,209016436,„É°B L E S S,IV,3924,31581556,2908307,8920450,375513,258113,171434,0,3824030,6654692,11.16,100,,,
1191,210332264, ≥·∂ªKe1XrTh1zn,IV,3924,28007311,3215781,5585430,291996,82177,302578,0,1906974,6528424,12.64,100,,,
1193,208189568,·¥ø·µÇMelMel,IV,3924,30743735,4299575,16649627,1487418,55497,0,0,3331075,6504642,24.99,100,,,
1198,218982356,Lamnesik,IV,3924,26054040,4111418,13433044,1249817,46266,65460,0,3603500,6443828,18.31,100,,,
1212,210876904,Slim 15,IV,3924,25014116,2417842,6134769,453102,79830,244258,0,3149073,6274578,9.04,100,,,
1217,209326871,·¥∏·µÇ Greek,IV,3924,23930775,3266325,11739682,1056180,56947,92079,0,4851404,6175375,11.87,100,,,
1228,209862044,BorLanD,IV,3924,20682493,-2278496,1579200,157920,0,364445,0,64664,6098355,18.4,100,,,
1230,210142805,Olly25,IV,3924,28301852,3588111,8157270,469815,65445,236084,0,4661862,6074970,8.33,100,,,
1231,210435381,T√¥i VN,IV,3924,23120410,2466631,1484770,131511,0,368863,0,1750535,6058989,3.5,100,,,
1236,198165067,ITACHI‰πÇPeak,IV,3924,28156198,-1147607,944850,94485,0,375543,0,0,6011085,,100,,,
1241,206995967,Choco 1,IV,3924,28926719,622192,4440735,269677,56724,289905,0,932626,5994523,18.16,100,,,
1242,209324904,TaonguoiVietNam,IV,3924,41421817,7394838,6101798,216313,138203,249538,0,7465629,5990352,3.95,100,,,
1254,209804157,·¥ø·µÇELLVIERA,IV,3924,25877041,3135523,6656102,257679,203160,190928,0,8620317,5926236,3.78,100,,,
1258,210253567,Bad pap–∞,IV,3924,28409641,3221691,13990535,911547,215093,7051,0,6420791,5902883,10.88,100,,,
1269,210412615,methusala,IV,3924,26936118,3956704,6684141,258433,204920,178673,0,6843502,5763027,4.76,100,,,
1287,209882504,Coconut15,IV,3924,20846478,473742,3969883,225936,85287,253009,0,2563426,5551749,7.05,100,,,
1293,209852044,·¥ø·µÇVito,IV,3924,21575782,1710265,5593150,329973,112752,200430,0,1962603,5453862,12.93,100,,,
1296,209333993,jaims cat,IV,3924,35047106,5817493,3244694,135340,94534,255099,0,4109047,5313185,3.72,100,,,
1304,208622212,Ulvsbane,IV,3924,35852934,4075343,4770906,290621,91973,210996,0,1793473,5247154,11.9,100,,,
1313,207933613,24 X“â Sawakita,IV,3924,26885550,3351414,8918481,289072,301316,68567,0,4088408,5197953,10.73,100,,,
1315,210913126,·¥ø·µÇKingOfWar,IV,3924,21812250,1061756,12692635,1258340,5461,5182,0,1900585,5165700,33.3,100,,,
1319,210375755,warandromedha,IV,3924,22302989,2585897,3439649,215785,64088,242265,0,1822832,5137995,8.33,100,,,
1321,207860890,·¥ø·µÇMagicMal,IV,3924,21799995,436611,2034161,79402,61731,279461,0,2276217,5126833,3.98,100,,,
1326,210383699,Le Rose,IV,3924,20431350,831464,1376325,122780,7426,301898,0,1619981,5093850,3.58,100,,,
1330,209904530,·¥ø·µÇ MarkDen,IV,3924,28789284,6048533,2832440,196954,43145,255141,0,1947930,5046381,6.43,100,,,
1331,210834790,À£‚ÅøRealmadrid,IV,3924,21466835,1493799,6120226,317608,129853,164816,0,3502923,5041202,8.34,100,,,
1332,209509609,Ryyysiek,IV,3924,27528967,1922503,4744352,291198,90202,196578,0,3223386,5015482,6.94,100,,,
1360,209345131,·¥∞·¥∑Camaron,IV,3924,25773096,2386818,2702220,128067,25346,270470,0,791485,4822778,12.72,100,,,
1363,209502334,24 X“âWilliamQ8,IV,3924,43493951,7063129,4024580,189434,106512,198070,0,2828032,4793906,6.65,100,,,
1366,210300701,Gund,IV,3924,31053832,2863010,10385014,678187,179362,17537,0,3874846,4769423,13.34,100,,,
1373,209072763,·∂ª·µíDungori,IV,3924,24331095,1775238,4657423,286425,89539,171760,0,1397802,4617490,14.84,100,,,
1376,209817323,·¥∞·¥∑ZORO GPS,IV,3924,30568624,10235824,10157277,471862,264361,4018,0,5336552,4591328,9.51,100,,,
1381,208821197,·¥∞·¥æJoe Black,IV,3924,25941549,5451457,518907,27533,12175,285194,0,1221564,4509792,1.72,100,,,
1383,208189559,·¥ø·µÇRenegade,IV,3924,27375139,3915430,9034113,826427,22219,65000,0,2170433,4502898,20.21,100,,,
1385,210896556,Hired Killer,IV,3924,25344031,3915229,7252864,603341,0,136944,0,118316,4467524,142.07,100,,,
1389,209482763,√âl√©na,IV,3924,33337946,1080022,915280,38438,26545,268286,0,467738,4443492,6.22,100,,,
1390,211065244,Kr0uKe1zR0k,IV,3924,23837242,3121541,964868,83597,6426,268942,0,1822202,4432778,2.31,100,,,
1404,213221751,24 X“â vSharKs,IV,3924,29524369,3261393,8306548,799056,14559,65263,0,4021471,4320759,10.16,100,,,
1413,207122584,HOY PINOY FARM,IV,3924,21971522,1059974,1577710,105911,25930,237950,0,847074,4252194,7.27,100,,,
1417,210432369,L·ªánh H·ªì 55,IV,3924,31701962,3870403,6515321,571220,29798,109824,0,3251351,4230220,9.69,100,,,
1430,208200368,·¥ø·µÇAlphaWolf,IV,3924,28747871,3024916,9527034,654815,148789,1160,0,3637919,4124550,13.09,100,,,
1437,207777450,WorstNightmare,IV,3924,28823724,3442136,645082,28331,18065,251278,0,864088,4063144,2.89,100,,,
1447,209657050,EevisM,IV,3924,26576025,1406736,3382012,194554,71628,166108,0,3260230,3986116,4.94,100,,,
1452,209745701,Oenomaus,IV,3924,23924651,-197194,2558230,106417,0,236098,0,87772,3967138,39.49,100,,,
1456,209859699,QueenCandy P,IV,3924,23725081,2972849,4970927,352123,70590,121297,0,1816864,3933847,12.82,100,,,
1464,211329312,Áü≥Êú®,IV,3924,26600860,4862775,7649856,258295,253342,20093,0,3261487,3867995,11.66,100,,,
1465,210394588,24 X“â T∆∞·ªùng,IV,3924,25286384,3532272,6320869,560715,34503,84701,0,4305220,3858405,7.2,100,,,
1479,209076305, ∏·µòS≈Çonik339,IV,3924,29113599,2797120,7119617,425774,143087,39934,0,1445506,3732976,23.96,100,,,
1484,208206714,·¥ø·µÇPredator,IV,3924,24772222,3845710,858490,25571,30139,221619,0,1534838,3727959,2.44,100,,,
1493,208294913,·¥ø·µÇDoof,IV,3924,37975936,3383369,4284550,256197,86129,117055,0,1071352,3641903,18.03,100,,,
1494,209323093,THE END rog,IV,3924,24534562,3055498,7529718,411840,170523,19198,0,3938492,3640560,9.51,100,,,
1511,210084771,Bshusttt,IV,3924,21015068,314625,2023050,81905,60200,168166,0,2382209,3452110,3.97,100,,,
1513,209870149,·¥ø·µÇJOESANJI,IV,3924,25452567,4901877,2419136,154776,19511,175339,0,746169,3444299,13.13,100,,,
1514,209007130,·¥øwmeowington,IV,3924,26734273,2838082,4323634,399637,15742,111905,0,1323761,3434543,15.06,100,,,
1520,210372642,NTThaSN,IV,3924,25658994,3638628,4442438,408489,0,116942,0,1153564,3388086,17.48,100,,,
1535,207774760,TrNgDangkhoi09,IV,3924,33897777,3427154,6576830,240914,207514,18417,0,1314235,3315051,24.68,100,,,
1537,208762017,SP N,IV,3924,22254659,2954025,3947603,298135,48252,109075,0,4711443,3311185,4.09,100,,,
1550,212491924,24 X“â   Bean,IV,3924,26884043,5640840,445281,18349,12958,199484,0,500015,3195236,3.18,100,,,
1555,210373350,ero3,IV,3924,24361708,2327446,6195476,435118,92071,33355,0,3629692,3161507,8.46,100,,,
1557,207957194,BankKingdom24,IV,3924,20288125,148519,5703513,390,284804,19716,0,8899812,3145340,3.2,100,,,
1558,209322462,À£Poseidon,IV,3924,27635337,3246124,1648386,141545,11462,163927,0,1363996,3139705,5.39,100,,,
1572,210441175,gaberner,IV,3924,22379855,2217965,1755729,107908,33676,154455,0,2916145,3085217,2.86,100,,,
1576,209853474,kurinin23,IV,3924,24469670,2989209,540683,41303,0,194176,0,534787,3077852,3.71,100,,,
1586,209393079,·¥ø·µÇ Shakkah,IV,3924,30162070,4246377,5467834,319421,113659,39863,0,5184076,3012219,5.23,100,,,
1591,209294221,24X“âAlphaWolf,IV,3924,56235814,6696206,6351808,291403,171368,6919,0,1111818,2983077,28.39,100,,,
1597,209299428,douby 7,IV,3924,24059224,3880037,8633558,559582,5393,44014,0,1713555,2952468,24.56,100,,,
1598,210209380,King Bismarck,IV,3924,24778248,2534416,4085700,278974,57120,84268,0,1978166,2951116,9.91,100,,,
1603,209806538,ANNY20,IV,3924,22217679,886035,1595405,128064,15608,149810,0,1700929,2915486,4.31,100,,,
1618,210445136,24 x ƒê·ªátam,IV,3924,34295726,3598331,6503840,525864,62260,6064,0,1333331,2817016,24.28,100,,,
1625,209978130,Malkoc0glu,IV,3924,42866050,6415006,5430310,310315,116358,23040,0,1601874,2750440,16.71,100,,,
1631,209853749,24T√πgG·∫•u,IV,3924,32882795,4135026,5735740,433130,70222,19034,0,3041437,2720250,9.37,100,,,
1637,204517431,ThienDi,IV,3924,25072072,281284,3384740,338474,0,89595,0,3903407,2697821,4.24,100,,,
1639,210402314,–ú–µ—Ö,IV,3924,22192392,1944873,211530,21153,0,173220,0,482157,2682912,,100,,,
1660,209506286,À£À£ AMSTER,IV,3924,44626810,2759414,4642920,386358,38967,44038,0,1584212,2595672,14.26,100,,,
1664,209709756,aj rimmer,IV,3924,20140039,679820,1216934,106087,3887,141383,0,453096,2583963,10.24,100,,,
1667,209798395,Ubba of Antwerp,IV,3924,37459458,2955107,5795340,324468,127533,346,0,1455403,2578392,19.91,100,,,
1674,210210393,Zh√¢k,IV,3924,26762592,1393050,4942220,339745,71125,31632,0,2127480,2544710,11.45,100,,,
1686,208195504,·¥ø·µÇ Zytue,IV,3924,30909534,3844005,3114371,133178,74775,80751,0,2159648,2491727,6.95,100,,,
1691,208973298,24 X“â AndiUmar,IV,3924,30934422,3104155,3894190,222767,83326,49438,0,1170220,2465898,15.96,100,,,
1703,209807832,Evertonian,IV,3924,27057454,3980984,2377137,75124,15542,129300,0,1780638,2395416,6.22,100,,,
1707,209907877,24X“âKen,IV,3924,31982752,3575752,3501880,287384,31402,61575,0,2216447,2387181,7.69,100,,,
1711,210376765,BEYAZID 55,IV,3924,21071401,1306667,3635172,326160,5693,65892,0,3013524,2349950,5.9,100,,,
1712,208188806,rw kk,IV,3924,24240045,1974267,2603917,204498,25353,85133,0,2191732,2348517,5.72,100,,,
1714,210376950,NightStarr,IV,3924,24846771,2284618,1722735,115448,18950,113030,0,351954,2346742,18.52,100,,,
1717,210234353,AK Optimuss,IV,3924,26487948,2217305,3244742,205756,55528,63943,0,1833336,2337449,8.55,100,,,
1718,207562640,·¥ø·µÇEazyBuu,IV,3924,28913832,3067559,3556117,269778,42787,54956,0,1516511,2331322,11.31,100,,,
1728,209875786,24 X“â  Malrin,IV,3924,33805543,2526801,2760696,156582,59554,70352,0,611282,2277148,20.25,100,,,
1743,208164511,·¥ø·µÇIndigo,IV,3924,26749251,2398806,3697360,331720,19008,45674,0,571474,2202070,29.96,100,,,
1747,210428942,SuButay,IV,3924,25222333,4705384,3932624,332756,30199,36605,0,1221099,2182089,15.63,100,,,
1748,210387001,C√°161691,IV,3924,23619012,1539721,233250,16691,3317,138271,0,860938,2173999,,100,,,
1765,209119164,·∂≤Emmy Noether,IV,3924,42513195,8493934,1947700,124377,35187,78936,0,513953,2033418,16.43,100,,,
1769,207989016,SpeedEge2,IV,3924,30132958,7224795,3727732,285590,27128,39606,0,9869736,2007730,1.88,100,,,
1779,207296852,·∂´ ≥ Dron FPV,IV,3924,28059434,3477447,3497440,191572,79086,23451,0,3250252,1908913,5.34,100,,,
1784,211856683,HOTBEAST II,IV,3924,22137165,1067361,4709805,470933,0,0,0,1353231,1883732,17.4,100,,,
1786,209641477,·µí·µàSHuGUN,IV,3924,51078740,6522425,2077637,116772,45487,62317,0,1019550,1856713,9.6,100,,,
1787,209880966,24 X Blaze,IV,3924,39758295,4040095,2012850,88367,56459,61365,0,1635306,1838533,5.93,100,,,
1795,210490061,24 X“â DuMuc,IV,3924,34264489,4946018,3988100,197372,100692,0,0,2725139,1796408,7.32,100,,,
1801,209871082,Beb0,IV,3924,22964624,1063375,2577216,149099,53893,41617,0,2007681,1759581,6.29,100,,,
1811,208198410,·¥ø·µÇintruglio,IV,3924,27946039,3663240,1926946,127641,32511,59311,0,898721,1725339,10.06,100,,,
1812,209803899,Marshglow,IV,3924,33290459,2970110,3912198,357599,16764,7551,0,2002497,1711301,9.73,100,,,
1822,210434155,Secte,IV,3924,28874538,4216633,2920183,280387,1452,34381,0,843563,1651783,16.63,100,,,
1826,207012251,MeowMeowMeowww,IV,3924,33763713,3014440,2139600,213770,0,50410,0,758148,1611230,13.23,100,,,
1831,209885315,·¥ø·µÇKapo,IV,3924,20798718,1673008,1382100,69220,34495,65032,0,2549545,1597310,2.64,100,,,
1839,210225102,humilde manco,IV,3924,20685446,1044957,2461470,168143,39002,33723,0,1677664,1568437,7.19,100,,,
1856,207320759,QUADBREED,IV,3924,28281515,2461777,42660,4266,0,99271,0,1166933,1506129,,100,,,
1867,209794039,ý∏ùý∏±ý∏ôý∏îý∏µ,IV,3924,20163116,2917275,3265030,176209,75147,666,0,2436284,1466296,6.7,100,,,
1871,208936123,·∂ª·µíAdamLeft,IV,3924,20187405,-1097675,1548950,154895,0,56317,0,0,1464335,137.52,100,,,
1875,210373344,Oulboy,IV,3924,21359090,2014694,1497430,71377,39183,50930,0,957540,1441288,7.42,100,,,
1888,209858936,RW Zill,IV,3924,22869113,1714048,619796,42786,9476,75850,0,912712,1403654,3.13,100,,,
1890,208211218,·¥ø·µÇ Rooster,IV,3924,21199296,698663,806050,16789,31908,67246,0,891623,1394926,4.2,100,,,
1901,210532839,Beelphegor,IV,3924,25826710,3051318,2273124,222398,825,28489,0,1377059,1325177,8.09,100,,,
1913,210539282,Scriptor,IV,3924,25619189,3582397,2894489,288915,266,6719,0,1265203,1259105,11.38,100,,,
1932,208961613,·¥ø·µÇSabrewolf,IV,3924,27044541,5252934,1012694,79079,11016,50200,0,1967622,1179476,2.51,100,,,
1938,210533310,Vates,IV,3924,24833642,2904710,1968089,194128,1114,23495,0,1211650,1140077,7.97,100,,,
1944,209743364,Secteryum,IV,3924,24851190,4621874,2745890,267469,3560,0,0,1004359,1105476,13.67,100,,,
1949,210740345,Basiliscus,IV,3924,24580365,4334551,1867090,182401,2154,22721,0,925412,1091959,9.85,100,,,
1954,208202264,KrazyBus,IV,3924,37324377,2444429,2232050,127173,48016,5123,0,797110,1065697,13.91,100,,,
1972,209870454,pantyha,IV,3924,30715877,1757719,324800,12554,9963,57285,0,340035,1009121,4.09,100,,,
1973,210166542,Abcdefin,IV,3924,27482522,5365790,314300,4206,13612,57063,0,574881,1008889,2.49,100,,,
1975,210195820,Pouce normaux,IV,3924,21003671,3460523,1521339,98830,12784,32170,0,2210679,1005710,3.39,100,,,
1993,209875567,·¥¨·µàDMA—á1—Ç,IV,3924,51875583,6308596,2264210,173985,26218,0,0,884144,958120,12.8,100,,,
1995,209449139,·∂ú·µçDextrixs,IV,3924,20423707,1634036,2015260,106722,47402,3689,0,1939715,956243,5.18,100,,,
1996,209987606,24 X“âGiangBlue,IV,3924,28194634,794271,2709511,229054,1261,1406,0,318473,949916,42.35,100,,,
2004,212007469,Ulvsbane2,IV,3924,27951139,7422205,1024918,31123,35597,29025,0,587436,915837,8.31,100,,,
2021,210377522,I54c,IV,3924,20441979,444896,1810460,46268,67389,0,0,2391953,858962,3.78,100,,,
2033,210394369,H·∫Øc ma,IV,3924,34635837,8909468,1778850,54611,61637,0,0,2067354,834814,4.3,100,,,
2043,209872477,Aryta,IV,3924,22996481,2506367,689074,66229,1331,35452,0,535366,810006,6.04,100,,,
2046,210372206,Sela8,IV,3924,21411998,2165119,248579,0,0,53593,0,20306,803895,,100,,,
2047,209848694,24 X“â Leano,IV,3924,31042089,406710,1869610,147477,19742,1023,0,379863,802673,24.54,100,,,
2053,210944394,24 X“â  Full,IV,3924,20516655,2858608,843030,19643,32330,25627,0,934554,786277,4.39,100,,,
2078,210622572,Radamanthys,IV,3924,23189174,2411757,1764020,176402,0,0,0,684992,705608,12.88,100,,,
2086,207037071,·¥≥·µõChocolate,IV,3924,31157659,158397,1172110,48281,34465,10084,0,2983443,689034,1.96,100,,,
2091,210562229,Panda Legion,IV,3924,22222311,1610824,2764985,93888,13777,11148,0,147597,680542,87.09,100,,,
2093,208211560,·¥ø·µÇ Musti,IV,3924,25005363,4922937,110150,10653,59,42373,0,144231,678797,,100,,,
2105,207057491,À£‚ÅøDrina,IV,3924,21402302,1496506,1911577,163056,0,0,0,567820,652224,16.83,100,,,
2134,210066323,c√Ý chua ok,IV,3924,27119517,2866146,3561660,108299,10969,2716,0,385727,583626,45.85,100,,,
2137,209756441,·¥∞·¥∑llama2502,IV,3924,23958494,3240018,1322030,78653,26775,0,0,464036,582362,14.24,100,,,
2138,206973291,R√ògueThrottle,IV,3924,30355743,1999360,1108389,107297,422,9849,0,450504,581143,12.04,100,,,
2150,207663213,·¥ø·µÇ TRUMPED,IV,3924,41927112,5885051,1146980,13076,50811,0,0,1303319,560414,4.4,100,,,
2151,209686553,ATLAS007,IV,3924,25183571,3908848,595870,12607,23490,18309,0,948114,559963,3.08,100,,,
2156,209692424,·¥Æ·¥∫ Lee Myon,IV,3924,34899741,2113687,1172531,34417,41418,0,0,961809,551848,6.1,100,,,
2157,210189446,Angry R bear,IV,3924,22175323,2713943,1274440,89124,19160,0,0,2004092,548096,3.18,100,,,
2164,210676623,24 X“â L√£oTam,IV,3924,36191612,258894,1385420,135466,0,0,0,40882,541864,,100,,,
2165,210381690,24 X“â  CITOYEN,IV,3924,30447974,-427501,1352380,135238,0,0,0,0,540952,,100,,,
2167,207256493,·∂´Exquerred,IV,3924,31547913,1547939,1260350,94283,15876,0,0,244299,535892,25.8,100,,,
2168,210101700,Jinozz,IV,3924,30700072,2280115,1177740,57512,30131,0,0,465337,531358,12.65,100,,,
2171,209171610,·µçÀ¢ B√ôM,IV,3924,27017119,1459220,1317904,131766,0,0,0,524128,527064,12.57,100,,,
2173,209756294,·¥∞·¥∑REDER2502,IV,3924,24159136,2409756,1209330,83293,18820,0,0,374001,521372,16.17,100,,,
2201,210426611,P√© Chanh 2k6,IV,3924,22404724,1583695,608780,13762,23558,11306,0,1358835,460218,2.22,100,,,
2233,209320692,·¥±·∂ªLelya Fm,IV,3924,30621098,3681337,895660,34986,27290,0,0,1537055,412844,2.91,100,,,
2235,210401319,bulldog,IV,3924,30264729,3253308,879430,31183,28380,0,0,1157392,408532,3.8,100,,,
2239,209899711,Ninnitt,IV,3924,20912649,998721,287580,7070,10844,17803,0,711090,403765,,100,,,
2240,209103130,·∂≤ DansKingdom,IV,3924,21037408,424134,858940,25786,30054,0,0,1443965,403684,2.97,100,,,
2246,208226755,·¥ø·µÇGRAYWOLF,IV,3924,22261252,1194244,284178,16353,5797,17940,0,81632,392482,,100,,,
2250,209803084,xAgresif,IV,3924,31619700,777593,942540,82352,5951,0,0,274716,388918,17.15,100,,,
2287,208210296,·¥ø·µÇTalha67,IV,3924,26275012,2353077,787200,78720,0,0,0,190554,314880,20.66,100,,,
2293,209617120,NTTha farm,IV,3924,20402448,1653397,759470,75947,0,0,0,977669,303788,3.88,100,,,
2298,208200545,·¥ø·µÇMama Wolf,IV,3924,38746356,3269828,629700,22978,19996,553,0,1345654,300167,2.34,100,,,
2326,207189272,·¥øSAURON,IV,3924,20939986,2395224,755258,45437,290,3557,0,344780,238003,10.84,100,,,
2332,209751429,Ê≤πÊù°,IV,3924,26895317,488286,567542,56729,0,0,0,279169,226916,10.16,100,,,
2344,207688111,Rwjin2,IV,3924,20641873,-966256,481730,26691,10741,0,0,593023,214174,4.06,100,,,
2354,210370357,thegoathimself,IV,3924,21251945,3088093,519660,51966,0,0,0,236720,207864,10.98,100,,,
2356,209532060,·¥ø·µÇSigma,IV,3924,27531795,1559721,1226383,45121,2585,0,0,799331,206334,7.67,100,,,
2372,210398747,√êarkKnight,IV,3924,20046673,2410894,432710,22363,10454,0,0,602586,193992,3.59,100,,,
2378,210394486,sencerbatur,IV,3924,25021386,3089016,472576,43309,1631,0,0,1234357,189546,,100,,,
2399,210401075,VoidAlbion,IV,3924,22366438,2035910,1577832,31898,4575,0,0,679587,173342,11.61,100,,,
2411,209837521,24 X VADO,IV,3924,26029404,-1421623,404010,40401,0,0,0,0,161604,,100,,,
2427,209986084,maiconphieu,IV,3924,23611982,1690370,347122,31228,1742,0,0,1449700,142332,,100,,,
2442,210330344,buonngu,IV,3924,21942720,1816425,365712,33312,0,0,0,4248148,133248,,100,,,
2444,210439905,„Åõ„Çä„Åä9,IV,3924,32832135,3046490,327550,32755,0,0,0,202182,131020,8.1,100,,,
2453,208684612,·∂≤JW4101,IV,3924,26199554,3646457,451044,0,0,8163,0,207545,122445,10.45,100,,,
2478,207689266,·¥ø·µÇManuel,IV,3924,22229861,1128461,259760,25976,0,0,0,54635,103904,,100,,,
2484,209311732,·¥ø·µÇ R√òW,IV,3924,26764396,1706559,254860,25486,0,0,0,331212,101944,,100,,,
2490,210834666,harryg91,IV,3924,20371735,2292402,199880,0,9994,0,0,353748,99940,,100,,,
2492,212333596,·¥π…™…¥…™K0uisF,IV,3924,20477980,2753472,253683,24803,0,0,0,267510,99212,,100,,,
2496,206949917,marious1990,IV,3924,38758501,2749155,244670,24467,0,0,0,789788,97868,,100,,,
2499,206960318,24 X“â    Ghost,IV,3924,32721709,4328701,229290,18243,2343,0,0,451508,96402,,100,,,
2508,210531865,Cyntra City,IV,3924,27120942,3716913,211580,13362,3898,0,0,479590,92428,,100,,,
2509,207701181,123123sjej,IV,3924,29190910,2409595,226340,21098,768,0,0,602364,92072,,100,,,
2538,211311750,Serg–æ,IV,3924,22190843,647048,193532,19353,0,0,0,527273,77412,,100,,,
2572,210267199,De Noordzijde,IV,3924,20038473,985610,133900,2514,5438,0,0,756378,64436,,100,,,
2582,210006467,sSnoopy,IV,3924,20704574,1864018,151820,15182,0,0,0,339163,60728,,100,,,
2587,210218341,DEMId 01,IV,3924,28588002,2189219,146260,14512,57,0,0,307238,58618,,100,,,
2593,209835098,·¥ø·µÇ DuongBeo,IV,3924,22466236,3650436,143469,14341,0,0,0,458677,57364,,100,,,
2605,210152430,Sugeng 1,IV,3924,25727562,2530671,229630,13469,0,0,0,421434,53876,,100,,,
2615,207579331,24 X“â SN√ò≈åW„Éü,IV,3924,21443329,171122,127100,12710,0,0,0,5066,50840,,100,,,
2654,209838770,24 X“â  ReDemon,IV,3924,37466401,2013266,87600,3464,2648,0,0,148044,40336,,100,,,
2666,207938366,–∫–ª–µ–≤—ã–π,IV,3924,27034911,3044407,80090,3067,2471,0,0,260646,36978,,100,,,
2681,207651897,24 X“â Aurelia„ÉÑ,IV,3924,20110853,220359,85180,8518,0,0,0,20857,34072,,100,,,
2684,208720515,·¥ø·µÇviva5555,IV,3924,22314888,1322683,68280,742,3043,0,0,495001,33398,,100,,,
2695,208208571,·¥ø·µÇ Fredi888,IV,3924,26000763,2182989,74942,2507,2069,0,0,288957,30718,,100,,,
2697,207275480,cocojambo,IV,3924,25294471,569303,76020,7602,0,0,0,73841,30408,,100,,,
2701,211250823,·¥¨·µàBethoven,IV,3924,23182561,2206955,70930,5437,828,0,0,482196,30028,,100,,,
2723,206992661,GunnaGh√∏st,IV,3924,25225453,1683519,61640,4970,597,0,0,57972,25850,,100,,,
2754,208560935,·∂≤ Aheles,IV,3924,28485545,2399726,49280,4484,222,0,0,770458,20156,,100,,,
2794,210190324,Legend68,IV,3924,35686086,2468523,144058,3558,0,0,0,47681,14232,,100,,,
2799,209613410,24 X“â Smeller,IV,3924,30782035,2619598,31170,1739,689,0,0,139212,13846,,100,,,
2829,209974432,fire001,IV,3924,21124941,1010311,25470,2547,0,0,0,89548,10188,,100,,,
2846,209845456,Kyoto1773,IV,3924,22749614,2080267,21900,2190,0,0,0,70176,8760,,100,,,
2867,209312381,Yola61,IV,3924,20704844,1250776,17570,1757,0,0,0,83816,7028,,100,,,
2868,211297033,·¥ø·µÇ DuongBeu,IV,3924,21920368,3135629,14650,445,510,0,0,238576,6880,,100,,,
2910,210039896,Menezobrrr,IV,3924,20360700,2531529,8940,560,167,0,0,49596,3910,,100,,,
2911,210406925,kishmish1,IV,3924,22508251,1603041,9560,956,0,0,0,43394,3824,,100,,,
2913,209757200,Quynhhxxihgaiii,IV,3924,27495566,4972749,9000,900,0,0,0,231534,3600,,100,,,
2932,209905807,24X“â   Valetta,IV,3924,32552536,3668084,5550,545,5,0,0,560182,2230,,100,,,
2977,210664315,l√£ot·ª©k,IV,3924,20253958,638770,470,47,0,0,0,53900,188,,100,,,
2988,209218288,GoodVin mini,IV,3924,23469845,722391,0,0,0,0,0,4187,0,,100,,,
3024,210095833,24X“âNaofumi,IV,3924,27522192,441418,0,0,0,0,0,16939,0,,100,,,
3080,210434561,24 X“âThuyAn2,IV,3924,22819901,284132,0,0,0,0,0,35651,0,,100,,,
3310,210013615,·¥π·¥∞LadyVic,IV,3924,29268883,2910376,0,0,0,0,0,362516,0,,100,,,
3389,209620976,SUPERMANx,IV,3924,30277007,2999372,0,0,0,0,0,1075,0,,100,,,
3402,210432676,24 X“â  Qh√Ý,IV,3924,20282333,100917,0,0,0,0,0,761,0,,100,,,
3411,210266508,MauritiusVictus,IV,3924,29556342,4480924,0,0,0,0,0,82466,0,,100,,,
3657,209843396,·∂≤Le Trong Tan,IV,3924,24027634,0,0,0,0,0,0,0,0,,,,,
3690,210403265,SlowZ06guy,IV,3924,21898746,2033651,0,0,0,0,0,449,0,,100,,,
3815,210443073,·¥ø·µÇDMA·¥ø·µÇ,IV,3924,22534611,2254229,11522,0,0,0,0,1633,0,,100,,,
3863,209842652,Burak3523,IV,3924,20838688,1564803,0,0,0,0,0,1822,0,,100,,,
4138,209250126,24 X“â   Sharky,IV,3924,24562297,325248,0,0,0,0,0,108603,0,,100,,,
4207,210245347,Szoboslai8,IV,3924,21023323,60704,0,0,0,0,0,1776,0,,100,,,
4250,207934863,Hockeye,IV,3924,26228776,0,0,0,0,0,0,0,0,,,,,
4254,209829051,24 X“â Hexxy,IV,3924,25208050,0,0,0,0,0,0,0,0,,100,,,
4302,209833637,MANCH,IV,3924,28392234,1095570,0,0,0,0,0,2361,0,,100,,,
4343,209916577,24 X“â  Don,IV,3924,21951150,0,0,0,0,0,0,0,0,,,,,
4723,210258071,znic,IV,3924,22171533,1993507,0,0,0,0,0,21023,0,,100,,,
4724,209829717,24 X“â Ikigai,IV,3924,27177586,0,0,0,0,0,0,0,0,,,,,
4775,209828773,24 X“âÁÇéDawn,IV,3924,45178013,0,0,0,0,0,0,0,0,,,,,
4983,209880540,24 X“â GRUbiYan,IV,3924,20012773,0,0,0,0,0,0,0,0,,100,,,
4997,209696150,zia tok,IV,3924,20571909,0,0,0,0,0,0,0,0,,,,,
5071,209989088,24X“â Alexander,IV,3924,23418684,0,0,0,0,0,0,0,0,,,,,
5124,209172696,Lollo filler 1,IV,3924,33073370,1297124,0,0,0,0,0,3897,0,,100,,,
5132,208174479,RW ALEXANAH,IV,3924,23569402,70494,0,0,0,0,0,0,0,,100,,,
5149,210371866,24 X“â KAAN,IV,3924,42663148,0,0,0,0,0,0,0,0,,100,,,
5215,208008607,F4rhan Fill,IV,3924,21805127,0,0,0,0,0,0,0,0,,,,,
5235,209902500,–±—Ä–æ–Ω—Å–æ–Ω,IV,3924,22533202,0,0,0,0,0,0,0,0,,,,,
5247,209830443,BellumDux,IV,3924,23346084,0,0,0,0,0,0,0,0,,100,,,
5259,209837225,iXx,IV,3924,26431484,327769,0,0,0,0,0,0,0,,100,,,
5278,210679087,Mitsumia,IV,3924,20663691,2138467,0,0,0,0,0,25366,0,,100,,,
5322,210253596,·¥≥·¥∫AURELIUS,IV,3924,28959207,182405,0,0,0,0,0,0,0,,100,,,
5345,210402077,24 X“â   NKN,IV,3924,22611198,0,0,0,0,0,0,0,0,,100,,,
5354,207434370,·¥æ·¥µTorenzik,IV,3924,38994474,134392,0,0,0,0,0,0,0,,100,,,
5360,209502377,·µçÀ¢kraM,IV,3924,24638780,0,0,0,0,0,0,0,0,,100,,,
5440,210432841,Nunm,IV,3924,20733089,0,0,0,0,0,0,0,0,,,,,
5445,207692611,RW It is I,IV,3924,33880354,4909184,0,0,0,0,0,15929,0,,100,,,
5849,210806310,Jaehaerys 1er,IV,3924,21676501,1454448,0,0,0,0,0,11984,0,,100,,,
5861,208850800,24 X“â ÎèÑÏ£ºÏù¥Îìù,IV,3924,26177030,0,0,0,0,0,0,0,0,,100,,,
5863,210888570,Fozzie 3,IV,3924,20931240,1477684,0,0,0,0,0,0,0,,100,,,
5890,209245175,Pikachu br,IV,3924,25748530,0,0,0,0,0,0,0,0,,,,,
5898,210249125,Gopq,IV,3924,29397325,1743288,0,0,0,0,0,58578,0,,100,,,
5899,210372545,·¥æ·¥±Ston…ôy,IV,3924,20674879,81000,0,0,0,0,0,740,0,,100,,,
6006,212579837,ƒê·ªátamfamr,IV,3924,28266437,2040820,0,0,0,0,0,846,0,,100,,,
6159,210399669,bySel,IV,3924,22869442,0,0,0,0,0,0,0,0,,,,,
6192,209837031,24 X“â  –´–´–´,IV,3924,27842755,0,0,0,0,0,0,0,0,,100,,,
6218,209267900,karipapkentang,IV,3924,24427152,0,0,0,0,0,0,0,0,,,,,
6390,210295752,24 X“âCamelotik,IV,3924,23951412,0,0,0,0,0,0,0,0,,100,,,
6410,209926937,Ïö∞ÎùºÏ∞®Ï∞®,IV,3924,23528433,2856545,0,0,0,0,0,39899,0,,100,,,
6414,210376802,„Åã„Åã„Å£„Å¶„Åì„ÅÑ,IV,3924,20231619,0,0,0,0,0,0,0,0,,100,,,
6498,208183840,Third Option,IV,3924,23624545,1740876,0,0,0,0,0,0,0,,100,,,
6518,207423496,F4RHAN,IV,3924,29335448,0,0,0,0,0,0,0,0,,,,,
6568,210584534,Ryyysiek 2,IV,3924,22360048,1548503,0,0,0,0,0,688,0,,100,,,
6617,210433741,24 X“â Palomon,IV,3924,23678544,0,0,0,0,0,0,0,0,,,,,
6644,207501113,24 X“â  Hyra „ÉÑ,IV,3924,26197188,0,0,0,0,0,0,0,0,,,,,
6672,206974141,·¥≥·¥¥KaiO,IV,3924,28175245,1280972,0,0,0,0,0,171254,0,,100,,,
6719,209836261,·∂≤ Lady D,IV,3924,24303438,3185413,0,0,0,0,0,69079,0,,100,,,
6731,210330736,Charli300,IV,3924,22806239,2014215,0,0,0,0,0,750,0,,100,,,
6788,211892788,·∂≤JW4101 Farma,IV,3924,21840907,2764620,0,0,0,0,0,87966,0,,100,,,
6828,210406006,LwÂ∞èÂì≤,IV,3924,26457555,0,0,0,0,0,0,0,0,,100,,,
6906,211209147,24 X“â   AxeTR,IV,3924,28085576,0,0,0,0,0,0,0,0,,,,,
6955,209112837,·∂≤AKa R√πa,IV,3924,20725041,750557,0,0,0,0,0,3236,0,,100,,,
6979,210396149,MozzA,IV,3924,22609674,0,0,0,0,0,0,0,0,,,,,
6987,210750053,KristianCor,IV,3924,26639968,871398,0,0,0,0,0,2558,0,,100,,,
6991,209864074,24 X“â Erass,IV,3924,28165649,0,0,0,0,0,0,0,0,,100,,,
6992,209906026,24 X“â   Tu·∫•n,IV,3924,24454032,0,0,0,0,0,0,0,0,,100,,,
7104,209837719,24 X“â   „É°Scar„É°,IV,3924,26620542,0,0,0,0,0,0,0,0,,100,,,
7165,210313435,Aldo247,IV,3924,23886342,3477780,0,0,0,0,0,132786,0,,100,,,
7186,210393177,tao n√® vn,IV,3924,26514008,2449506,0,0,0,0,0,100043,0,,100,,,
7252,207889100,·¥ø·µÇOne Eye,IV,3924,24626039,0,0,0,0,0,0,0,0,,100,,,
7375,207688109,RWxLoneStar,IV,3924,21806060,2529751,0,0,0,0,0,107319,0,,100,,,
7392,209881387,€∑…õ∆à≈ãƒÖ,IV,3924,25305367,0,0,0,0,0,0,0,0,,,,,
7434,207748792,·¥∑·¥∞ NirF,IV,3924,29153983,1290649,0,0,0,0,0,42918,0,,100,,,
7481,209762988,·¥∞·µÄ≈ûahmar,IV,3924,20146389,671368,0,0,0,0,0,1757,0,,100,,,
7517,209843352,24 X tafger,IV,3924,25833690,0,0,0,0,0,0,0,0,,,,,
7532,206971212,24 X“â   ôu·¥Öa,IV,3924,34743763,513237,0,0,0,0,0,2334,0,,100,,,
7580,209265582,Lee Lovely F,IV,3924,27265216,103852,0,0,0,0,0,23463,0,,100,,,
7757,205283625,24 X“â  OBITO,IV,3924,20084910,0,0,0,0,0,0,0,0,,,,,
7787,206967436,KATSOUTA,IV,3924,29072635,0,0,0,0,0,0,0,0,,100,,,
7845,209601440,·µçÀ¢Seth,IV,3924,28951352,0,0,0,0,0,0,0,0,,,,,
7900,208313590,Jack „É° Mengocok,IV,3924,29043416,3400,0,0,0,0,0,0,0,,100,,,
7911,208649830,·∂≤MrFoolsDay,IV,3924,25855788,0,0,0,0,0,0,0,0,,100,,,
8068,211557716,·¥∞·¥æCyanide,IV,3924,22876350,2461898,0,0,0,0,0,0,0,,100,,,
8105,209619554,·¥π·¥∞DoC OcK,IV,3924,49406778,96300,0,0,0,0,0,0,0,,100,,,
