#,Governor ID,Governor Name,Camp,KD,Power,Power Diff,KP,T4,T5,Dead,Acclaim,Healed,DKP,Trades,Credit Score,Kill Points,Death Points,Heal Points
36,207979381,24 X҉ MuguiBoy,IV,3924,64295138,1246637,505789263,27112240,11680665,1593868,0,30936287,249163630,77.74,100,,,
124,207034573,24 X҉ HànLão,IV,3924,65456149,-3128563,253165515,17295595,3826314,818486,0,12982575,119722810,91.72,100,,,
133,208559123,Stflrs Mom,IV,3924,53249493,-1014579,244655773,18404875,3004547,646060,0,24361760,113355870,48.92,100,,,
148,207787522,ᴿᵂAmidamaru,IV,3924,54450180,15071631,238446827,19883660,1933041,265149,0,14329167,102842285,81.69,100,,,
181,207861650,ˣˣOldboy,IV,3924,53030811,-143484,183518167,10988848,3676946,494147,0,10451735,88137057,83.83,100,,,
205,208594000,Báolonf,IV,3924,52074226,8639427,175823248,12077906,2491168,515579,0,6098823,80956989,132.91,100,,,
241,204170130,24 X҉ Quýt,IV,3924,35254250,6716463,151431556,9158438,2962151,108477,0,8138843,67882417,91.81,100,,,
262,208208516,ᴿᵂBando,IV,3924,28334983,983013,125897774,8771194,1420577,933678,0,17517237,63295716,34.12,100,,,
273,208108254,Alex hub,IV,3924,35865763,5016842,127219165,11277658,715634,605393,0,18606480,61347867,33.11,100,,,
278,207000003,Takudooo,IV,3924,43612352,5405443,105744980,6386503,1992974,989864,0,6136730,60323712,74.19,100,,,
302,208651441,24 X҉ Tràツ,IV,3924,40074085,2275260,126679582,8907643,1370959,409944,0,11863382,55489322,51.61,100,,,
321,210676287,Frenzy メ,IV,3924,25043781,2820244,108066780,10590777,33840,657769,0,1784896,52568043,221.21,100,,,
328,210133354,24 X҉  Zenith,IV,3924,41380529,5955111,104937748,5193701,2647312,310515,0,9866832,51905649,51.55,100,,,
350,209530219,24 X҉ SóiGià,IV,3924,36445961,3328103,98739873,7120430,966823,694552,0,34808997,48568230,13.91,100,,,
362,209521513,24X҉ Quả Cam,IV,3924,32900995,1392538,100824338,7400765,1203339,326486,0,9476741,46533740,51.42,100,,,
373,207317722,iryshka,IV,3924,36076680,2597378,97634986,7730560,890167,304417,0,22378979,44390165,21.52,100,,,
374,207038636,24 X҉ BossMilk,IV,3924,41375298,1192990,89535906,6307346,1156225,465632,0,15367351,43776114,28.28,100,,,
384,208591565,24 X҉ Chanh,IV,3924,35116795,3510453,91309894,5914677,1456280,315380,0,13846359,42952208,32.24,100,,,
389,209842542,ᴱᵂMr C,IV,3924,33215727,5703979,113821890,9493221,405823,28789,0,6689925,42462949,84.71,100,,,
391,209534514,24 X҉ Ney,IV,3924,30161880,3170965,86843490,6299276,680082,675005,0,12114172,42122999,33.95,100,,,
420,209435533,hiền hihi,IV,3924,33891114,2583943,77799536,4153457,1539266,405416,0,41134105,38087728,9.36,100,,,
422,207128271,24 X҉   Shyn,IV,3924,48005261,1526786,65734946,4663391,934225,660732,0,3383977,37906794,81.26,100,,,
433,210272139,Inf1n1ty,IV,3924,27425279,4962617,80431257,6239095,901383,203267,0,13073965,37019215,30.29,100,,,
440,209600107,LeONn,IV,3924,36204555,3560374,68247120,3112771,1848223,361091,0,7727821,36349679,42.19,100,,,
451,208157738,03 SHEEP,IV,3924,35690272,6853476,78977265,5216643,1339500,88655,0,8212046,35591397,47.57,100,,,
503,209089507,24X҉ Olivia,IV,3924,27454930,1484359,48060588,3426111,606189,749324,0,9184559,31006194,24.19,100,,,
511,209645960,24 X҉ RITSARD,IV,3924,31579756,3268832,61100299,3722543,1185409,252501,0,7083033,30531777,41.65,100,,,
518,208638976,24 X҉ Roytitus,IV,3924,36925123,2941984,66805892,5311054,684341,110159,0,5262501,29740011,62.17,100,,,
526,207108248,HOY PINOY AKOヮ,IV,3924,24091078,-84676,25494346,894800,822107,1153563,0,11022437,29103715,10.47,100,,,
532,209811971,peter graffi,IV,3924,27711592,1354394,45818063,2805471,710192,691280,0,10515246,28693004,20.44,100,,,
535,207317874,24 X҉ MONGOL,IV,3924,29070167,2766268,43269813,3771870,276477,702623,0,8143222,28391595,24.46,100,,,
551,210422456,Mảngo,IV,3924,22571891,1336761,6521242,454736,78647,1648164,0,4866521,27327874,5.01,100,,,
555,210082550,xFACAx,IV,3924,27240220,-254664,6044446,252404,175986,1613497,0,1938868,26971931,8.51,100,,,
561,210049658,Lejonhjärta,IV,3924,36796326,4699373,49673764,3326367,706744,427311,0,25393088,26782573,9.62,100,,,
566,207109314,24 X҉  Pak RT,IV,3924,37130957,-4069207,24646428,2252546,34612,1133483,0,1170177,26358549,53.49,100,,,
571,208580783,24X҉Сиэль,IV,3924,27019130,1786808,52121447,4571227,320298,308408,0,7204164,26114008,34.69,100,,,
573,207576224,24 X҉ Viona,IV,3924,38438066,4233806,45096046,2703978,902200,408441,0,6096891,25964527,34.66,100,,,
579,208558087,24 X҉ Alie,IV,3924,28674464,988769,43113190,1533256,1388827,378162,0,5152376,25693724,38.98,100,,,
583,207118372,DHieu,IV,3924,34019049,1508623,59541959,4429432,589372,131116,0,17183610,25578188,17.19,100,,,
588,209616823,ᴹᴰXrUsT,IV,3924,29119150,2358503,32207465,1986159,615811,745896,0,4827289,25291186,28.9,100,,,
590,207653866,24 X҉ Gấu,IV,3924,37498901,3825219,50567816,3179588,900903,231101,0,6272836,25193897,38.87,100,,,
625,208617337,ᵛⁿPopicicu,IV,3924,38031175,3588449,47554225,2411558,1141201,161225,0,6785820,23476617,34.23,100,,,
628,210371729,24 X҉ xANGELx,IV,3924,24827264,2407282,43503846,3888253,209761,363365,0,8222579,23101097,25.33,100,,,
629,209750782,JoeLaTabaz,IV,3924,37624565,7902450,49479004,2248007,1231019,118877,0,15228991,23085373,16.12,100,,,
630,209904802,ᴵᴬngân,IV,3924,41526522,2260674,46195792,3488211,368122,351502,0,3305241,22906594,63.17,100,,,
633,210517889,babyb0y,IV,3924,32291618,3442263,38991056,2483273,706715,372173,0,6684923,22582837,27.63,100,,,
644,210354561,ᴸnichii,IV,3924,23988541,2788870,40625189,3772282,124496,367757,0,4039673,21850443,46.09,100,,,
675,210379863,24 X҉  Quỳnh,IV,3924,28430852,3800602,42535969,888227,1113545,353239,0,7168976,19986943,28.27,100,,,
679,210922098,Zodiac Army,IV,3924,24768630,2031613,27485559,2622728,54479,589116,0,3918296,19872442,30.49,100,,,
680,210482880,24 X҉  Slayer,IV,3924,33366915,2488928,35605469,1048884,1255750,205750,0,13619189,19839286,12.88,100,,,
681,209527597,24 X҉ Klee,IV,3924,31281965,2942208,35186026,2304506,416998,426814,0,6044316,19790214,27.19,100,,,
690,209844407,RW Nikol40,IV,3924,50767782,17089644,36933310,2164829,759614,205124,0,2791732,19332316,61.62,100,,,
694,209607393,柱 VeNdDeTtA,IV,3924,37435583,3987114,32101053,1836796,686631,334794,0,7126969,19235404,21.51,100,,,
702,207190528,kz 007 02,IV,3924,24316319,-5812357,2164682,215835,0,1185995,0,175326,18653265,7.95,100,,,
703,209814285,空Tuấn空,IV,3924,31265611,6889039,33736523,2184264,348343,427486,0,12632998,18632776,12.92,100,,,
705,210431963,24 X҉ vSharks,IV,3924,36200332,4490896,30990466,2860322,98588,406746,0,3427410,18528358,40.41,100,,,
707,210900267,LORD ZEE 1,IV,3924,24762094,946443,2115956,58208,76692,1157694,0,1598706,18365162,3.84,100,,,
714,210744133,Dirtyguido,IV,3924,27731718,-2589655,2845935,104537,89978,1107975,0,1800404,17937553,4.89,100,,,
719,209302826,1Vorobey1,IV,3924,34621409,3178682,8726519,570802,150670,928030,0,3433828,17710358,10,100,,,
724,210346486,todays 12,IV,3924,55078476,6869871,32295244,1715380,756746,194144,0,5038949,17341140,30.86,100,,,
727,209779749,ᴰᴷMajima,IV,3924,24237693,3852647,29394744,2184000,376992,308819,0,6295451,17138205,22.25,100,,,
733,210438552,24 X҉ PPPhúc,IV,3924,25277448,2430845,19277391,990212,462199,555994,0,6984470,16922748,12.78,100,,,
737,210446135,SCOURGE OF GOD,IV,3924,20749723,283193,21486830,1293783,193074,637098,0,4120954,16662342,22.58,100,,,
742,209749867,ᴬᶠBamba,IV,3924,24832351,1286332,6587490,292847,182935,890708,0,2306428,16361358,10.3,100,,,
744,209378653,24 X҉ Manoelbr,IV,3924,29651548,291368,13667244,877408,221075,703146,0,6601970,16267572,9.35,100,,,
752,208179191,ᴿw dumbywumby,IV,3924,30903136,1772675,36128400,2147193,501099,161358,0,17753827,16020132,10.08,100,,,
762,209982519,Vᴺ Longcon,IV,3924,23251626,-2052366,986949,24956,36811,1019278,0,1205278,15757104,2.22,100,,,
764,209861963,ᴿᵂAlex,IV,3924,21600493,346713,25510257,2278966,89239,380117,0,16942401,15710009,7.36,100,,,
765,206969476,24 X҉ Xatarê,IV,3924,34168917,243902,13039950,699722,184641,734246,0,1891722,15658988,24.83,100,,,
766,210372799,24 CHEZCKO,IV,3924,27094086,1807861,2201640,194496,12834,980627,0,2181005,15615729,3.48,100,,,
770,209890750,Elephent,IV,3924,26446786,718415,8053474,274540,190712,826387,0,5644723,15401085,6.22,100,,,
772,209306575,Spartacus6,IV,3924,32091298,4680718,26265560,2005730,308049,276462,0,3563870,15250340,34.2,100,,,
777,210202208,ᵛᶰメAKIRA 1,IV,3924,17647976,-3603854,932740,93274,0,980382,0,77023,15078826,,100,,,
782,207251090,ʷғŴukong,IV,3924,23306607,-4897566,1754620,175462,0,952323,0,0,14986693,9.21,100,,,
786,209962010,マリーゴールド,IV,3924,29200479,1835456,5726734,345381,113546,819593,0,2518188,14810879,8.58,100,,,
789,209908286,REPragmatic,IV,3924,29494972,746171,19420497,950704,495666,390931,0,3912989,14623441,22.56,100,,,
791,209944070,24X҉  PaTRoN46,IV,3924,33448579,-204753,1436706,130919,6341,931908,0,942413,14565706,3.83,100,,,
793,210254146,Алекс 2909,IV,3924,30502082,2004213,7825240,529364,126580,740631,0,3399850,14492721,9.45,100,,,
795,208211785,ᶲOmJiroᴿᵂ,IV,3924,28664444,2368153,20712148,1201240,364503,399399,0,11780508,14440975,8.5,100,,,
796,207428704,ᶫʳБьёрн,IV,3924,23600662,44723,24010763,2311461,20528,331787,0,3826344,14427929,28.87,100,,,
805,212702974,Alamarzz23,IV,3924,15728258,-320107,3148182,210096,47114,848413,0,2069193,14037719,5.4,100,,,
807,210103821,24 X҉  dayday,IV,3924,29864653,5459821,22072094,1822457,144468,348876,0,13156414,13967648,8.17,100,,,
808,209043926,TOMBOYY,IV,3924,31785697,2001660,18868442,726656,579962,349020,0,9170037,13941544,9.91,100,,,
816,209838834,Teung,IV,3924,26840733,2965415,6524216,376586,137736,724378,0,2222402,13749374,11.07,100,,,
820,209354961,RW penculik111,IV,3924,25580858,3182929,24093271,1685331,341898,234939,0,9020595,13684389,13.02,100,,,
822,210239549,luca0507,IV,3924,41666102,7766301,31432227,2512328,286531,49750,0,2795241,13660872,55.24,100,,,
829,208718417,TheinOo,IV,3924,31289512,4976864,22938021,1333335,475533,225721,0,5474789,13474485,20.12,100,,,
835,207270931,guardboy,IV,3924,32704752,3553165,17450763,1149104,297153,376359,0,5039333,13213331,16.11,100,,,
838,207742044,Messi ᵃⁿᵍ,IV,3924,27325706,420015,20454564,1931406,47835,328857,0,1862445,13136829,46.67,100,,,
848,209867154,LadyNocturne,IV,3924,15478566,-4679391,1031950,85933,8631,826677,0,19773,12830197,6.1,100,,,
850,208585387,Топoль,IV,3924,38122452,2805558,11320943,1003228,56843,549216,0,2961648,12819582,16.12,100,,,
854,209821264,ᴴᴰMIKOTO,IV,3924,20898475,498253,8883262,475997,205708,584471,0,4554826,12728133,8.64,100,,,
856,210661343,业๛ BREEZEメ,IV,3924,34015133,3622497,19585329,1364998,194368,353239,0,13230824,12702257,7.21,100,,,
857,209531678,Crisssss,IV,3924,31588817,3928434,13844063,778627,302595,425716,0,4157215,12526198,15.1,100,,,
864,207519309,曾甜3,IV,3924,34683620,2597562,13735846,1039638,0,549075,0,190560,12394677,92.86,100,,,
865,210213330,Ita city,IV,3924,28960868,6324372,2131379,164285,24062,765090,0,2926087,12374110,2.89,100,,,
872,208196720,ᴿᵂGNV,IV,3924,32929974,1742798,3648690,246285,59292,710068,0,3156663,12229080,4.72,100,,,
875,208145473,Vicentuss,IV,3924,28816869,2946837,11459064,787366,67879,557407,0,3336471,12189359,14.71,100,,,
876,209569488,24 X҉ BaByHulk,IV,3924,50506255,7380450,28747474,1724002,262169,175792,0,2992731,12154578,45.36,100,,,
880,209862206,MCDragoon,IV,3924,31832813,4212194,23005227,2225458,32644,191244,0,1253985,12096932,79.59,100,,,
883,210376336,24 X҉ Serelis,IV,3924,25685324,2156225,19639928,1055663,444643,225157,0,3187741,12046437,28.77,100,,,
886,210602781,A K T,IV,3924,35396346,5908403,18267542,1332852,201655,310879,0,2878511,12011143,28.64,100,,,
887,207093369,24 X҉ FangYuan,IV,3924,41474043,2168910,23229680,717942,802503,72378,0,2252634,11982468,49.96,100,,,
893,208165669,ᴿᵂHANMAAZM,IV,3924,14128873,-1820308,647572,27395,18660,774800,0,519116,11918180,2.5,100,,,
899,210052043,ᴹᴰJester,IV,3924,33024831,4426146,6257754,383349,120050,605343,0,2850736,11814041,9.05,100,,,
901,209310262,GhoOosT,IV,3924,26393423,5028752,3723720,204092,84140,675685,0,3001965,11793043,5.06,100,,,
904,209965993,Мрисса,IV,3924,28604443,1749336,7488808,446754,151031,558397,0,6619244,11673281,5.22,100,,,
909,209819561,MEDS21,IV,3924,25801706,651466,9109661,605182,149815,505489,0,4770443,11501213,8.63,100,,,
910,207279889,24 X҉ DUMBLDOR,IV,3924,37267367,8615989,23570981,2132755,109754,124101,0,3261365,11490075,34.81,100,,,
915,210269837,まくぷ,IV,3924,32724425,4249175,16204556,1052360,279537,295187,0,3357895,11432615,22.18,100,,,
917,209876388,Şahinşahz,IV,3924,18662122,1204339,13876835,1302246,41561,386346,0,3329199,11419784,18.67,100,,,
921,209927994,24 X҉  Visna,IV,3924,36717014,4132025,15960789,738270,428700,274189,0,3835048,11352915,19.42,100,,,
922,207280922,ᴮᴺPemudA,IV,3924,30678548,2674638,10783491,470906,303104,428746,0,1996336,11345854,22.23,100,,,
927,209321542,Rambo ll,IV,3924,28710263,3051865,11013030,518851,290114,417005,0,5236803,11231619,9.74,100,,,
929,210376408,Le Venin,IV,3924,18588035,-674388,2991307,201031,49049,659832,0,1381299,11192094,7.33,100,,,
936,209786492,Girl sexyyyy,IV,3924,24016784,2984249,13659705,630356,367573,324523,0,11259694,11064999,5.9,100,,,
937,209367117,ᴱᶻIvanRR,IV,3924,30837521,3174012,10478766,427927,309853,414533,0,4143777,11028233,11.49,100,,,
945,209788785,24 X҉ NVTboi,IV,3924,33753100,1843524,16364672,1019754,263746,275843,0,5871547,10854121,13.31,100,,,
948,207566610,ᵒᵈLuFFy,IV,3924,28521552,2574838,10736752,593616,237930,397181,0,4542911,10711479,10.87,100,,,
952,210164634,mumudomi,IV,3924,14525206,-4687966,522530,52253,0,697756,0,0,10675352,,100,,,
960,207014016,24 X҉ Jhoncewi,IV,3924,33267967,1652796,13494446,859940,243883,312275,0,1399001,10562715,39.43,100,,,
966,210233153,ᴿᶠMixey911,IV,3924,32074369,1981556,11243680,595603,263870,350191,0,5928891,10273977,8.95,100,,,
971,209938736,ᴮᴺAquemini,IV,3924,27062424,1152859,17008042,1026145,326142,186664,0,2824216,10165960,28.24,100,,,
976,209881330,ᴿᵂKittamer,IV,3924,28076599,4364353,3005866,176446,61572,579979,0,2918984,10021189,4.3,100,,,
979,210417562,24 X҉   Redbud,IV,3924,31844339,2045100,2670339,152149,54177,590565,0,1656802,10008841,5.94,100,,,
980,209321704,HOTBEAST,IV,3924,31895865,4537459,24226023,2422551,0,20876,0,1299258,10003344,91.76,100,,,
982,207924663,ᴰˣZoro II,IV,3924,10120517,-3102844,371354,15162,10986,654829,0,0,9992943,,100,,,
989,210747688,24 X҉ Perigo,IV,3924,23210316,-3483560,2449714,243996,0,593937,0,6353,9885039,20.4,100,,,
993,210266791,Lee See Chen,IV,3924,23530673,1686388,22048087,1887462,23740,135066,0,1181091,9813238,83.76,100,,,
996,209446165,Dungori famr,IV,3924,16392903,-23151,980950,98095,0,621033,0,473531,9707875,4.48,100,,,
997,210293112,24 X҉ Prince,IV,3924,40467256,7165240,16920136,1231253,160966,210188,0,1877900,9687492,40.52,100,,,
1003,208630834,24 X҉  Mommy,IV,3924,23834537,1680345,13897300,1206062,91834,257577,0,4089279,9606243,15.99,100,,,
1007,210295022,마가우가하후씨,IV,3924,22419453,-1194570,1647259,152627,6038,590464,0,1027913,9527848,5.09,100,,,
1015,208198024,ᴿᵂMaegun,IV,3924,31048695,2107006,9220493,748853,74180,377082,0,2608208,9393442,15.44,100,,,
1019,208619355,Bart1906,IV,3924,19070095,-3852759,994130,99413,0,594646,0,388,9317342,,100,,,
1027,210399713,Izzy the Great,IV,3924,25200566,4521284,25529573,1644516,51295,136515,0,1971365,9138739,60.56,100,,,
1028,208196246,ᴿᵂMoonMoon,IV,3924,37363709,1750590,6476456,215946,215848,406385,0,2973514,9118039,9.58,100,,,
1030,208158335,24 X҉ HellSing,IV,3924,30305670,200696,4047951,283486,60414,488527,0,3388636,9065989,5.22,100,,,
1032,207702281,24 X҉   Leoシ,IV,3924,44402919,6475121,17737479,745792,469481,89178,0,7187060,9015648,12.19,100,,,
1035,210405226,Alesinai12,IV,3924,12726757,-1222221,1018350,61933,19951,568959,0,1314526,8981627,2.7,100,,,
1053,207786640,AMADIOHA,IV,3924,26643450,4045742,10148290,805001,102026,296762,0,4655362,8691694,10.25,100,,,
1058,209367234,øPositron,IV,3924,36881836,3087900,4663808,312890,75867,441934,0,2402204,8639240,8.2,100,,,
1060,210051564,ᴰᴷMatri214,IV,3924,19211261,1907199,954800,78478,8501,547714,0,1440619,8614632,2.4,100,,,
1070,211294741,Farmheart,IV,3924,20142394,-644769,3138428,167131,73083,473222,0,1936763,8497684,6.51,100,,,
1085,210409801,Incomeq,IV,3924,19341766,13147,366200,30466,3077,540863,0,1187427,8265579,1.06,100,,,
1091,210262314,ᴮᴺGLE400,IV,3924,50057005,7274420,13075724,862082,222730,165710,0,4945606,8161278,12.79,100,,,
1094,207069617,Paulo21,IV,3924,24586432,3529795,2805213,248161,16072,464442,0,3616467,8119994,3.44,100,,,
1096,211321651,muminadomi,IV,3924,9179634,-2133149,127310,12731,0,536061,0,0,8091839,,100,,,
1097,210564758,lord ismail,IV,3924,24792379,1656138,2661360,122285,68253,461260,0,1634802,8090570,6.35,100,,,
1099,210685997,ᴶᴰ nurge,IV,3924,24912011,635420,835660,0,41783,507635,0,654843,8032355,3.59,100,,,
1104,210229272,Kandamiala,IV,3924,20316825,1963079,3680062,218450,74435,421726,0,2465650,7944040,6.37,100,,,
1106,210151511,24 X҉ ƉƉante,IV,3924,39891622,3528863,11272286,325017,401104,174222,0,1991259,7924438,26.03,100,,,
1117,210401179,The HitMan,IV,3924,12773678,751095,1087240,108724,0,488525,0,160745,7762771,8.37,100,,,
1123,208627398,Asimo884,IV,3924,35342182,4575564,2904604,108974,77649,429802,0,2287586,7659416,5.34,100,,,
1125,209894459,LeslieChow,IV,3924,26593859,2733311,9392605,444599,85645,334654,0,22269588,7654656,2.08,100,,,
1130,208108990,ᴰᴰAchille1,IV,3924,27779963,2733246,7024088,545341,78466,305947,0,1552761,7555229,18.9,100,,,
1138,215282415,あっと 2,IV,3924,15653514,432088,2749103,270739,1340,419359,0,1987633,7386741,5.71,100,,,
1139,210437015,Almaspavlodar,IV,3924,24081708,3393643,2339660,192088,20939,426827,0,2205660,7380147,4.44,100,,,
1148,210243771,BrunetteValkyri,IV,3924,19610093,-513170,1672310,153929,2216,442721,0,817064,7278691,6.64,100,,,
1155,210407699,CristianBars,IV,3924,4397717,-1642338,1265638,59792,0,459452,0,0,7130948,13.77,100,,,
1156,209848443,ᴿᵂPalo4keee,IV,3924,29057360,3937894,17765550,1774309,1123,832,0,3218704,7120946,27.59,100,,,
1162,208680184,Kutilkatak,IV,3924,27731212,1605281,11858370,583509,301164,114912,0,8542856,7069356,6.85,100,,,
1167,206968066,24 X҉ThuyAn,IV,3924,52156120,7110891,15728454,1075264,248773,6467,0,2160781,6885791,36.29,100,,,
1168,207683036,ᴿᵂArtзmis,IV,3924,34031449,3131921,11159994,1006802,54598,153572,0,1621341,6876768,31.44,100,,,
1176,208756315,24 X҉  A Phàm,IV,3924,34943744,4711320,13709850,526615,422185,29070,0,3318429,6764360,20.48,100,,,
1181,209016436,メB L E S S,IV,3924,31581556,2908307,8920450,375513,258113,171434,0,3824030,6654692,11.16,100,,,
1191,210332264,ʳᶻKe1XrTh1zn,IV,3924,28007311,3215781,5585430,291996,82177,302578,0,1906974,6528424,12.64,100,,,
1192,211178456,ᶠʳᵐFrenzy4,IV,3924,9956090,-1196926,3586504,355604,0,339129,0,2939342,6509351,5.47,100,,,
1193,208189568,ᴿᵂMelMel,IV,3924,30743735,4299575,16649627,1487418,55497,0,0,3331075,6504642,24.99,100,,,
1194,211181292,ᶠʳᵐFrenzy3,IV,3924,11053661,-32733,5812493,571790,0,279369,0,4922836,6477695,5.59,100,,,
1198,218982356,Lamnesik,IV,3924,26054040,4111418,13433044,1249817,46266,65460,0,3603500,6443828,18.31,100,,,
1205,208728148,ᴰˣZoro V,IV,3924,3732436,-1476800,84940,8494,0,421791,0,1,6360841,,100,,,
1212,210876904,Slim 15,IV,3924,25014116,2417842,6134769,453102,79830,244258,0,3149073,6274578,9.04,100,,,
1217,209326871,ᴸᵂ Greek,IV,3924,23930775,3266325,11739682,1056180,56947,92079,0,4851404,6175375,11.87,100,,,
1228,209862044,BorLanD,IV,3924,20682493,-2278496,1579200,157920,0,364445,0,64664,6098355,18.4,100,,,
1230,210142805,Olly25,IV,3924,28301852,3588111,8157270,469815,65445,236084,0,4661862,6074970,8.33,100,,,
1231,210435381,Tôi VN,IV,3924,23120410,2466631,1484770,131511,0,368863,0,1750535,6058989,3.5,100,,,
1236,198165067,ITACHI乂Peak,IV,3924,28156198,-1147607,944850,94485,0,375543,0,0,6011085,,100,,,
1241,206995967,Choco 1,IV,3924,28926719,622192,4440735,269677,56724,289905,0,932626,5994523,18.16,100,,,
1242,209324904,TaonguoiVietNam,IV,3924,41421817,7394838,6101798,216313,138203,249538,0,7465629,5990352,3.95,100,,,
1254,209804157,ᴿᵂELLVIERA,IV,3924,25877041,3135523,6656102,257679,203160,190928,0,8620317,5926236,3.78,100,,,
1256,210427584,Figure 7,IV,3924,5495018,-1610342,806710,79683,0,372673,0,0,5908827,,100,,,
1258,210253567,Bad papа,IV,3924,28409641,3221691,13990535,911547,215093,7051,0,6420791,5902883,10.88,100,,,
1269,210412615,methusala,IV,3924,26936118,3956704,6684141,258433,204920,178673,0,6843502,5763027,4.76,100,,,
1270,208705398,ᴰˣZoro IV,IV,3924,3591027,-1412225,80220,8022,0,381512,0,0,5754768,,100,,,
1287,209882504,Coconut15,IV,3924,20846478,473742,3969883,225936,85287,253009,0,2563426,5551749,7.05,100,,,
1293,209852044,ᴿᵂVito,IV,3924,21575782,1710265,5593150,329973,112752,200430,0,1962603,5453862,12.93,100,,,
1296,209333993,jaims cat,IV,3924,35047106,5817493,3244694,135340,94534,255099,0,4109047,5313185,3.72,100,,,
1297,210011584,martzyy,IV,3924,13649546,1919430,1401529,52719,1856,338194,0,1094771,5302346,4.89,100,,,
1304,208622212,Ulvsbane,IV,3924,35852934,4075343,4770906,290621,91973,210996,0,1793473,5247154,11.9,100,,,
1313,207933613,24 X҉ Sawakita,IV,3924,26885550,3351414,8918481,289072,301316,68567,0,4088408,5197953,10.73,100,,,
1315,210913126,ᴿᵂKingOfWar,IV,3924,21812250,1061756,12692635,1258340,5461,5182,0,1900585,5165700,33.3,100,,,
1319,210375755,warandromedha,IV,3924,22302989,2585897,3439649,215785,64088,242265,0,1822832,5137995,8.33,100,,,
1321,207860890,ᴿᵂMagicMal,IV,3924,21799995,436611,2034161,79402,61731,279461,0,2276217,5126833,3.98,100,,,
1326,210383699,Le Rose,IV,3924,20431350,831464,1376325,122780,7426,301898,0,1619981,5093850,3.58,100,,,
1330,209904530,ᴿᵂ MarkDen,IV,3924,28789284,6048533,2832440,196954,43145,255141,0,1947930,5046381,6.43,100,,,
1331,210834790,ˣⁿRealmadrid,IV,3924,21466835,1493799,6120226,317608,129853,164816,0,3502923,5041202,8.34,100,,,
1332,209509609,Ryyysiek,IV,3924,27528967,1922503,4744352,291198,90202,196578,0,3223386,5015482,6.94,100,,,
1337,210425551,j0ker73,IV,3924,9225796,695546,739240,73548,0,313037,0,208172,4989747,7.09,100,,,
1345,212291340,TH Trumilk,IV,3924,6242520,-648597,163110,16311,0,324040,0,287166,4925844,,100,,,
1360,209345131,ᴰᴷCamaron,IV,3924,25773096,2386818,2702220,128067,25346,270470,0,791485,4822778,12.72,100,,,
1363,209502334,24 X҉WilliamQ8,IV,3924,43493951,7063129,4024580,189434,106512,198070,0,2828032,4793906,6.65,100,,,
1366,210300701,Gund,IV,3924,31053832,2863010,10385014,678187,179362,17537,0,3874846,4769423,13.34,100,,,
1372,208966369,24 X҉ MONGOLIY,IV,3924,18368746,771239,1091750,87349,10913,278042,0,1474227,4629156,3.12,100,,,
1373,209072763,ᶻᵒDungori,IV,3924,24331095,1775238,4657423,286425,89539,171760,0,1397802,4617490,14.84,100,,,
1376,209817323,ᴰᴷZORO GPS,IV,3924,30568624,10235824,10157277,471862,264361,4018,0,5336552,4591328,9.51,100,,,
1381,208821197,ᴰᴾJoe Black,IV,3924,25941549,5451457,518907,27533,12175,285194,0,1221564,4509792,1.72,100,,,
1383,208189559,ᴿᵂRenegade,IV,3924,27375139,3915430,9034113,826427,22219,65000,0,2170433,4502898,20.21,100,,,
1385,210896556,Hired Killer,IV,3924,25344031,3915229,7252864,603341,0,136944,0,118316,4467524,142.07,100,,,
1389,209482763,Éléna,IV,3924,33337946,1080022,915280,38438,26545,268286,0,467738,4443492,6.22,100,,,
1390,211065244,Kr0uKe1zR0k,IV,3924,23837242,3121541,964868,83597,6426,268942,0,1822202,4432778,2.31,100,,,
1404,213221751,24 X҉ vSharKs,IV,3924,29524369,3261393,8306548,799056,14559,65263,0,4021471,4320759,10.16,100,,,
1413,207122584,HOY PINOY FARM,IV,3924,21971522,1059974,1577710,105911,25930,237950,0,847074,4252194,7.27,100,,,
1417,210432369,Lệnh Hồ 55,IV,3924,31701962,3870403,6515321,571220,29798,109824,0,3251351,4230220,9.69,100,,,
1430,208200368,ᴿᵂAlphaWolf,IV,3924,28747871,3024916,9527034,654815,148789,1160,0,3637919,4124550,13.09,100,,,
1431,214485455,ᶠʳᵐFrenzy2,IV,3924,6282668,-39373,1093334,109303,0,245741,0,1880030,4123327,2.57,100,,,
1435,221928757,オレンジ,IV,3924,12768143,2100301,366404,36639,0,262455,0,397717,4083381,2.78,100,,,
1437,207777450,WorstNightmare,IV,3924,28823724,3442136,645082,28331,18065,251278,0,864088,4063144,2.89,100,,,
1441,209905253,OsmanGazi001,IV,3924,16331438,115412,546775,1332,26672,250929,0,514393,4035983,3.57,100,,,
1447,209657050,EevisM,IV,3924,26576025,1406736,3382012,194554,71628,166108,0,3260230,3986116,4.94,100,,,
1452,209745701,Oenomaus,IV,3924,23924651,-197194,2558230,106417,0,236098,0,87772,3967138,39.49,100,,,
1456,209859699,QueenCandy P,IV,3924,23725081,2972849,4970927,352123,70590,121297,0,1816864,3933847,12.82,100,,,
1461,210383940,Lord Timur Han,IV,3924,7639926,-1344178,220060,22006,0,255135,0,0,3915049,,100,,,
1464,211329312,石木,IV,3924,26600860,4862775,7649856,258295,253342,20093,0,3261487,3867995,11.66,100,,,
1465,210394588,24 X҉ Tường,IV,3924,25286384,3532272,6320869,560715,34503,84701,0,4305220,3858405,7.2,100,,,
1467,210269601,KLUYUTᶻ,IV,3924,18794483,1312268,2955160,148836,73340,168324,0,3122784,3853604,4.49,100,,,
1476,210376444,Aisopos,IV,3924,14168210,-1035531,299291,28791,0,242635,0,0,3754689,,100,,,
1479,209076305,ʸᵘSłonik339,IV,3924,29113599,2797120,7119617,425774,143087,39934,0,1445506,3732976,23.96,100,,,
1484,208206714,ᴿᵂPredator,IV,3924,24772222,3845710,858490,25571,30139,221619,0,1534838,3727959,2.44,100,,,
1490,209873558,ᴿᵂRomen228,IV,3924,13152283,119635,632555,59051,1268,229122,0,239537,3685714,6.75,100,,,
1493,208294913,ᴿᵂDoof,IV,3924,37975936,3383369,4284550,256197,86129,117055,0,1071352,3641903,18.03,100,,,
1494,209323093,THE END rog,IV,3924,24534562,3055498,7529718,411840,170523,19198,0,3938492,3640560,9.51,100,,,
1502,187288053,1234567фыв,IV,3924,3215350,-1112055,287468,28592,0,229525,0,0,3557243,,100,,,
1510,210429723,VeeYisusS,IV,3924,14324056,770881,324060,29848,1279,222194,0,696641,3465092,1.76,100,,,
1511,210084771,Bshusttt,IV,3924,21015068,314625,2023050,81905,60200,168166,0,2382209,3452110,3.97,100,,,
1513,209870149,ᴿᵂJOESANJI,IV,3924,25452567,4901877,2419136,154776,19511,175339,0,746169,3444299,13.13,100,,,
1514,209007130,ᴿwmeowington,IV,3924,26734273,2838082,4323634,399637,15742,111905,0,1323761,3434543,15.06,100,,,
1520,210372642,NTThaSN,IV,3924,25658994,3638628,4442438,408489,0,116942,0,1153564,3388086,17.48,100,,,
1535,207774760,TrNgDangkhoi09,IV,3924,33897777,3427154,6576830,240914,207514,18417,0,1314235,3315051,24.68,100,,,
1537,208762017,SP N,IV,3924,22254659,2954025,3947603,298135,48252,109075,0,4711443,3311185,4.09,100,,,
1539,208748954,I am Mochi,IV,3924,11843642,-1787020,634751,63471,0,202327,0,0,3288789,,100,,,
1550,212491924,24 X҉   Bean,IV,3924,26884043,5640840,445281,18349,12958,199484,0,500015,3195236,3.18,100,,,
1555,210373350,ero3,IV,3924,24361708,2327446,6195476,435118,92071,33355,0,3629692,3161507,8.46,100,,,
1557,207957194,BankKingdom24,IV,3924,20288125,148519,5703513,390,284804,19716,0,8899812,3145340,3.2,100,,,
1558,209322462,ˣPoseidon,IV,3924,27635337,3246124,1648386,141545,11462,163927,0,1363996,3139705,5.39,100,,,
1572,210441175,gaberner,IV,3924,22379855,2217965,1755729,107908,33676,154455,0,2916145,3085217,2.86,100,,,
1574,210301764,TVRI mongos,IV,3924,18110680,965489,302130,17138,6453,196467,0,425824,3080087,2.43,100,,,
1576,209853474,kurinin23,IV,3924,24469670,2989209,540683,41303,0,194176,0,534787,3077852,3.71,100,,,
1577,212612755,ᴬᵈGROZ 409,IV,3924,15551056,1117995,467778,16890,14943,190703,0,515126,3077535,3.31,100,,,
1579,192034057,24 X҉ No Mercy,IV,3924,17401627,406944,2063563,149735,27212,146470,0,586630,3068110,14.07,100,,,
1586,209393079,ᴿᵂ Shakkah,IV,3924,30162070,4246377,5467834,319421,113659,39863,0,5184076,3012219,5.23,100,,,
1587,209831905,24 X҉  Văn,IV,3924,16249704,-1881406,210690,21069,0,194756,0,0,3005616,,100,,,
1591,209294221,24X҉AlphaWolf,IV,3924,56235814,6696206,6351808,291403,171368,6919,0,1111818,2983077,28.39,100,,,
1597,209299428,douby 7,IV,3924,24059224,3880037,8633558,559582,5393,44014,0,1713555,2952468,24.56,100,,,
1598,210209380,King Bismarck,IV,3924,24778248,2534416,4085700,278974,57120,84268,0,1978166,2951116,9.91,100,,,
1603,209806538,ANNY20,IV,3924,22217679,886035,1595405,128064,15608,149810,0,1700929,2915486,4.31,100,,,
1618,210445136,24 x Đệtam,IV,3924,34295726,3598331,6503840,525864,62260,6064,0,1333331,2817016,24.28,100,,,
1625,209978130,Malkoc0glu,IV,3924,42866050,6415006,5430310,310315,116358,23040,0,1601874,2750440,16.71,100,,,
1631,209853749,24TùgGấu,IV,3924,32882795,4135026,5735740,433130,70222,19034,0,3041437,2720250,9.37,100,,,
1637,204517431,ThienDi,IV,3924,25072072,281284,3384740,338474,0,89595,0,3903407,2697821,4.24,100,,,
1639,210402314,Мех,IV,3924,22192392,1944873,211530,21153,0,173220,0,482157,2682912,,100,,,
1641,219592082,Bánh Xèo,IV,3924,5845139,-66619,61560,2910,1623,176416,0,184600,2674110,,100,,,
1642,210383974,ᴋᴺ lives,IV,3924,14637329,2413470,3416544,0,0,178167,0,103722,2672505,60.6,100,,,
1647,210356651,ⱽᶠKlee No1,IV,3924,10840432,-32534,844140,78526,2944,154639,0,1266292,2663129,2.97,100,,,
1660,209506286,ˣˣ AMSTER,IV,3924,44626810,2759414,4642920,386358,38967,44038,0,1584212,2595672,14.26,100,,,
1664,209709756,aj rimmer,IV,3924,20140039,679820,1216934,106087,3887,141383,0,453096,2583963,10.24,100,,,
1667,209798395,Ubba of Antwerp,IV,3924,37459458,2955107,5795340,324468,127533,346,0,1455403,2578392,19.91,100,,,
1674,210210393,Zhâk,IV,3924,26762592,1393050,4942220,339745,71125,31632,0,2127480,2544710,11.45,100,,,
1686,208195504,ᴿᵂ Zytue,IV,3924,30909534,3844005,3114371,133178,74775,80751,0,2159648,2491727,6.95,100,,,
1691,208973298,24 X҉ AndiUmar,IV,3924,30934422,3104155,3894190,222767,83326,49438,0,1170220,2465898,15.96,100,,,
1703,209807832,Evertonian,IV,3924,27057454,3980984,2377137,75124,15542,129300,0,1780638,2395416,6.22,100,,,
1706,210583696,TOMBYF,IV,3924,7303036,743004,39770,681,1648,158027,0,52800,2389609,,100,,,
1707,209907877,24X҉Ken,IV,3924,31982752,3575752,3501880,287384,31402,61575,0,2216447,2387181,7.69,100,,,
1711,210376765,BEYAZID 55,IV,3924,21071401,1306667,3635172,326160,5693,65892,0,3013524,2349950,5.9,100,,,
1712,208188806,rw kk,IV,3924,24240045,1974267,2603917,204498,25353,85133,0,2191732,2348517,5.72,100,,,
1714,210376950,NightStarr,IV,3924,24846771,2284618,1722735,115448,18950,113030,0,351954,2346742,18.52,100,,,
1717,210234353,AK Optimuss,IV,3924,26487948,2217305,3244742,205756,55528,63943,0,1833336,2337449,8.55,100,,,
1718,207562640,ᴿᵂEazyBuu,IV,3924,28913832,3067559,3556117,269778,42787,54956,0,1516511,2331322,11.31,100,,,
1728,209875786,24 X҉  Malrin,IV,3924,33805543,2526801,2760696,156582,59554,70352,0,611282,2277148,20.25,100,,,
1730,210140834,dirty game,IV,3924,19812267,1223445,954650,50941,22262,122599,0,726359,2265369,5.62,100,,,
1743,208164511,ᴿᵂIndigo,IV,3924,26749251,2398806,3697360,331720,19008,45674,0,571474,2202070,29.96,100,,,
1747,210428942,SuButay,IV,3924,25222333,4705384,3932624,332756,30199,36605,0,1221099,2182089,15.63,100,,,
1748,210387001,Cá161691,IV,3924,23619012,1539721,233250,16691,3317,138271,0,860938,2173999,,100,,,
1760,210380712,Quỳnh farm 2,IV,3924,3938140,555155,501180,50118,0,124872,0,2572575,2073552,0.93,100,,,
1765,209119164,ᶲEmmy Noether,IV,3924,42513195,8493934,1947700,124377,35187,78936,0,513953,2033418,16.43,100,,,
1769,207989016,SpeedEge2,IV,3924,30132958,7224795,3727732,285590,27128,39606,0,9869736,2007730,1.88,100,,,
1779,207296852,ᶫʳ Dron FPV,IV,3924,28059434,3477447,3497440,191572,79086,23451,0,3250252,1908913,5.34,100,,,
1784,211856683,HOTBEAST II,IV,3924,22137165,1067361,4709805,470933,0,0,0,1353231,1883732,17.4,100,,,
1785,210169350,PanteraGJ6,IV,3924,11950213,1995125,706390,51081,9779,104982,0,947406,1876844,3.36,100,,,
1786,209641477,ᵒᵈSHuGUN,IV,3924,51078740,6522425,2077637,116772,45487,62317,0,1019550,1856713,9.6,100,,,
1787,209880966,24 X Blaze,IV,3924,39758295,4040095,2012850,88367,56459,61365,0,1635306,1838533,5.93,100,,,
1795,210490061,24 X҉ DuMuc,IV,3924,34264489,4946018,3988100,197372,100692,0,0,2725139,1796408,7.32,100,,,
1801,209871082,Beb0,IV,3924,22964624,1063375,2577216,149099,53893,41617,0,2007681,1759581,6.29,100,,,
1809,211390351,ᴋᴺ Tâm,IV,3924,4879688,-139404,561697,0,0,115615,0,4733,1734225,,100,,,
1811,208198410,ᴿᵂintruglio,IV,3924,27946039,3663240,1926946,127641,32511,59311,0,898721,1725339,10.06,100,,,
1812,209803899,Marshglow,IV,3924,33290459,2970110,3912198,357599,16764,7551,0,2002497,1711301,9.73,100,,,
1821,211957527,zordin,IV,3924,13178124,750362,2733063,0,0,110642,0,6888,1659630,116.27,100,,,
1822,210434155,Secte,IV,3924,28874538,4216633,2920183,280387,1452,34381,0,843563,1651783,16.63,100,,,
1826,207012251,MeowMeowMeowww,IV,3924,33763713,3014440,2139600,213770,0,50410,0,758148,1611230,13.23,100,,,
1829,213866693,Smert Boy,IV,3924,15123051,1322064,39112,3911,0,105661,0,554949,1600559,,100,,,
1831,209885315,ᴿᵂKapo,IV,3924,20798718,1673008,1382100,69220,34495,65032,0,2549545,1597310,2.64,100,,,
1832,210886935,Slayеr,IV,3924,16647361,1499911,95560,646,4455,103087,0,37561,1593439,,100,,,
1839,210225102,humilde manco,IV,3924,20685446,1044957,2461470,168143,39002,33723,0,1677664,1568437,7.19,100,,,
1844,210414626,Dr Diablo,IV,3924,3706469,29441,146510,14651,0,99885,0,69190,1556879,,100,,,
1851,210381901,Kavlak55,IV,3924,5998751,-874117,100340,10034,0,98603,0,0,1519181,,100,,,
1854,209318764,ViridianOwl,IV,3924,9754162,-1278292,388095,38126,0,90780,0,0,1514204,,100,,,
1856,207320759,QUADBREED,IV,3924,28281515,2461777,42660,4266,0,99271,0,1166933,1506129,,100,,,
1864,210944675,sayron,IV,3924,18043641,1237995,4739002,333885,0,9323,0,544814,1475385,42.76,100,,,
1867,209794039,ฝันดี,IV,3924,20163116,2917275,3265030,176209,75147,666,0,2436284,1466296,6.7,100,,,
1871,208936123,ᶻᵒAdamLeft,IV,3924,20187405,-1097675,1548950,154895,0,56317,0,0,1464335,137.52,100,,,
1875,210373344,Oulboy,IV,3924,21359090,2014694,1497430,71377,39183,50930,0,957540,1441288,7.42,100,,,
1882,209343632,Shinjimae,IV,3924,16206598,787951,463770,33173,6602,81546,0,273035,1421902,6.54,100,,,
1888,209858936,RW Zill,IV,3924,22869113,1714048,619796,42786,9476,75850,0,912712,1403654,3.13,100,,,
1890,208211218,ᴿᵂ Rooster,IV,3924,21199296,698663,806050,16789,31908,67246,0,891623,1394926,4.2,100,,,
1901,210532839,Beelphegor,IV,3924,25826710,3051318,2273124,222398,825,28489,0,1377059,1325177,8.09,100,,,
1913,210539282,Scriptor,IV,3924,25619189,3582397,2894489,288915,266,6719,0,1265203,1259105,11.38,100,,,
1918,210343428,XxxtheslayerxxX,IV,3924,7124595,73174,147260,14726,0,78776,0,327839,1240544,,100,,,
1924,211741214,Pax F,IV,3924,15345511,183222,84990,1159,3670,77467,0,149159,1203341,,100,,,
1925,211736865,AC F,IV,3924,14233830,140590,79020,560,3671,77467,0,0,1200955,,100,,,
1932,208961613,ᴿᵂSabrewolf,IV,3924,27044541,5252934,1012694,79079,11016,50200,0,1967622,1179476,2.51,100,,,
1938,210533310,Vates,IV,3924,24833642,2904710,1968089,194128,1114,23495,0,1211650,1140077,7.97,100,,,
1941,210406738,24 X҉ Turbo01,IV,3924,17990123,588551,673072,48889,9178,54991,0,290916,1112201,9.73,100,,,
1944,209743364,Secteryum,IV,3924,24851190,4621874,2745890,267469,3560,0,0,1004359,1105476,13.67,100,,,
1946,210057709,Naberyaa,IV,3924,5210595,-1292906,94621,9454,0,70937,0,0,1101871,,100,,,
1947,217726185,ᴿᵂArtзmis2,IV,3924,9107639,1313037,413140,35108,3103,61685,0,987045,1096737,1.97,100,,,
1949,210740345,Basiliscus,IV,3924,24580365,4334551,1867090,182401,2154,22721,0,925412,1091959,9.85,100,,,
1950,216527101,Xatarê,IV,3924,9172446,858939,98360,3652,3092,69747,0,152237,1091733,,100,,,
1953,216528451,Lil Vivian,IV,3924,9334339,535065,68890,477,3206,70119,0,23143,1085753,,100,,,
1954,208202264,KrazyBus,IV,3924,37324377,2444429,2232050,127173,48016,5123,0,797110,1065697,13.91,100,,,
1963,209901762,ᴿᵂEJBau,IV,3924,18590000,236705,932016,87936,2043,44076,0,377399,1033314,11.06,100,,,
1965,219159031,Pax F2,IV,3924,7651823,224685,70350,1333,2851,66391,0,0,1029707,,100,,,
1969,204513619,M100,IV,3924,16329676,346684,2480507,216330,102,9977,0,1598161,1015995,7.71,100,,,
1971,210344123,toloarmy,IV,3924,19417248,2486649,1309636,116710,6857,31632,0,228910,1009890,25.13,100,,,
1972,209870454,pantyha,IV,3924,30715877,1757719,324800,12554,9963,57285,0,340035,1009121,4.09,100,,,
1973,210166542,Abcdefin,IV,3924,27482522,5365790,314300,4206,13612,57063,0,574881,1008889,2.49,100,,,
1974,210653746,MCDragoon005,IV,3924,12605015,1116586,2517790,251779,0,0,0,1331037,1007116,9.46,100,,,
1975,210195820,Pouce normaux,IV,3924,21003671,3460523,1521339,98830,12784,32170,0,2210679,1005710,3.39,100,,,
1987,208210378,ᴿᵂAzRa eL,IV,3924,18670571,906953,202440,17876,1184,59156,0,102688,970684,,100,,,
1990,210303331,ᴿᵂSANJI,IV,3924,14564740,1162836,255132,13508,0,60781,0,2998,965747,,100,,,
1993,209875567,ᴬᵈDMAч1т,IV,3924,51875583,6308596,2264210,173985,26218,0,0,884144,958120,12.8,100,,,
1995,209449139,ᶜᵍDextrixs,IV,3924,20423707,1634036,2015260,106722,47402,3689,0,1939715,956243,5.18,100,,,
1996,209987606,24 X҉GiangBlue,IV,3924,28194634,794271,2709511,229054,1261,1406,0,318473,949916,42.35,100,,,
1999,210388093,Ferz 21,IV,3924,9628409,562889,140350,14035,0,58768,0,240297,937660,,100,,,
2002,210782582,SÓICÔĐỘCX1,IV,3924,7414934,485147,148450,11783,1531,57518,0,912288,925212,,100,,,
2003,207672810,DHieuFarm,IV,3924,10933825,-232544,1200716,77142,21443,26715,0,1752357,923723,3.37,100,,,
2004,212007469,Ulvsbane2,IV,3924,27951139,7422205,1024918,31123,35597,29025,0,587436,915837,8.31,100,,,
2005,210978128,Right hand,IV,3924,17285034,2482877,2288290,228829,0,0,0,2073307,915316,5.52,100,,,
2007,209349901,Mash68,IV,3924,19146524,920862,541540,23522,15316,44077,0,121190,908403,16.38,100,,,
2021,210377522,I54c,IV,3924,20441979,444896,1810460,46268,67389,0,0,2391953,858962,3.78,100,,,
2033,210394369,Hắc ma,IV,3924,34635837,8909468,1778850,54611,61637,0,0,2067354,834814,4.3,100,,,
2036,209453138,24 X҉   DANTE,IV,3924,14863267,-176273,32850,3285,0,54379,0,0,828825,,100,,,
2043,209872477,Aryta,IV,3924,22996481,2506367,689074,66229,1331,35452,0,535366,810006,6.04,100,,,
2045,210226004,Younis m 3,IV,3924,17250680,995506,925060,60918,15794,26852,0,2128220,804392,2.15,100,,,
2046,210372206,Sela8,IV,3924,21411998,2165119,248579,0,0,53593,0,20306,803895,,100,,,
2047,209848694,24 X҉ Leano,IV,3924,31042089,406710,1869610,147477,19742,1023,0,379863,802673,24.54,100,,,
2053,210944394,24 X҉  Full,IV,3924,20516655,2858608,843030,19643,32330,25627,0,934554,786277,4.39,100,,,
2058,210396142,Baruta,IV,3924,19018568,2987122,1919360,191936,0,0,0,554674,767744,17.3,100,,,
2063,210881875,Ombrela,IV,3924,8255079,-148460,298380,24378,2730,41733,0,900426,750807,,100,,,
2070,210464086,Guaicaipuro,IV,3924,17973962,2356660,1824680,182468,0,0,0,798406,729872,11.43,100,,,
2078,210622572,Radamanthys,IV,3924,23189174,2411757,1764020,176402,0,0,0,684992,705608,12.88,100,,,
2080,210410848,rafaf79,IV,3924,15803729,1900659,654089,0,0,46822,0,37561,702330,38.76,100,,,
2081,211389161,ᴋᴺ times,IV,3924,6116415,555353,153638,0,0,46548,0,6249,698220,,100,,,
2084,212128661,handfarm,IV,3924,14484774,1204451,1236420,123642,0,13159,0,1480721,691953,4.14,100,,,
2086,207037071,ᴳᵛChocolate,IV,3924,31157659,158397,1172110,48281,34465,10084,0,2983443,689034,1.96,100,,,
2088,210210212,Шамс 7х7,IV,3924,16567633,1424720,1185456,100889,8678,12917,0,1241574,684091,4.72,100,,,
2091,210562229,Panda Legion,IV,3924,22222311,1610824,2764985,93888,13777,11148,0,147597,680542,87.09,100,,,
2093,208211560,ᴿᵂ Musti,IV,3924,25005363,4922937,110150,10653,59,42373,0,144231,678797,,100,,,
2095,209579191,ᴱᵂMr C farm,IV,3924,8463529,-76478,190702,18974,0,39930,0,305543,674846,,100,,,
2105,207057491,ˣⁿDrina,IV,3924,21402302,1496506,1911577,163056,0,0,0,567820,652224,16.83,100,,,
2112,209937014,LORD SAURON,IV,3924,12489248,1610118,1604620,160462,0,0,0,221065,641848,36.29,100,,,
2116,210374694,Deadpool  15,IV,3924,5219565,574282,641696,0,0,41917,0,1892,628755,,100,,,
2117,210393787,You sure,IV,3924,9219487,-742405,272761,27056,0,34673,0,292,628319,,100,,,
2119,210344374,Mefistófeles,IV,3924,19856117,2345931,1554180,155418,0,0,0,432146,621672,17.98,100,,,
2130,208304369,ᴿᵂWhybe,IV,3924,7051468,-483687,294350,29435,0,31921,0,490513,596555,,100,,,
2131,209871837,ᴿᵂNiuniek17,IV,3924,16322454,1108640,984260,84222,7102,12215,0,387346,591133,12.32,100,,,
2134,210066323,cà chua ok,IV,3924,27119517,2866146,3561660,108299,10969,2716,0,385727,583626,45.85,100,,,
2137,209756441,ᴰᴷllama2502,IV,3924,23958494,3240018,1322030,78653,26775,0,0,464036,582362,14.24,100,,,
2138,206973291,RØgueThrottle,IV,3924,30355743,1999360,1108389,107297,422,9849,0,450504,581143,12.04,100,,,
2148,212350618,Olivia Fam,IV,3924,11152717,937414,626600,62660,0,20942,0,904198,564770,3.39,100,,,
2149,210735353,乂AÑÜBÏS2,IV,3924,13650367,-141110,52555,5224,0,35991,0,0,560761,,100,,,
2150,207663213,ᴿᵂ TRUMPED,IV,3924,41927112,5885051,1146980,13076,50811,0,0,1303319,560414,4.4,100,,,
2151,209686553,ATLAS007,IV,3924,25183571,3908848,595870,12607,23490,18309,0,948114,559963,3.08,100,,,
2155,210864248,EvilDoggy,IV,3924,15957486,1234795,394300,28338,5546,25611,0,1218852,552977,1.58,100,,,
2156,209692424,ᴮᴺ Lee Myon,IV,3924,34899741,2113687,1172531,34417,41418,0,0,961809,551848,6.1,100,,,
2157,210189446,Angry R bear,IV,3924,22175323,2713943,1274440,89124,19160,0,0,2004092,548096,3.18,100,,,
2164,210676623,24 X҉ LãoTam,IV,3924,36191612,258894,1385420,135466,0,0,0,40882,541864,,100,,,
2165,210381690,24 X҉  CITOYEN,IV,3924,30447974,-427501,1352380,135238,0,0,0,0,540952,,100,,,
2167,207256493,ᶫExquerred,IV,3924,31547913,1547939,1260350,94283,15876,0,0,244299,535892,25.8,100,,,
2168,210101700,Jinozz,IV,3924,30700072,2280115,1177740,57512,30131,0,0,465337,531358,12.65,100,,,
2171,209171610,ᵍˢ BÙM,IV,3924,27017119,1459220,1317904,131766,0,0,0,524128,527064,12.57,100,,,
2173,209756294,ᴰᴷREDER2502,IV,3924,24159136,2409756,1209330,83293,18820,0,0,374001,521372,16.17,100,,,
2178,219356243,Farm For Izzy,IV,3924,7887981,1016708,1278880,127888,0,0,0,1792505,511552,3.57,100,,,
2184,215516489,Prinz Bismarck,IV,3924,14123447,1045247,486030,29553,9525,19363,0,359247,503907,6.42,100,,,
2187,213651664,ŞERWANO,IV,3924,16057123,738941,1096450,52441,28602,0,0,868803,495784,6.31,100,,,
2190,210045541,Andyko149,IV,3924,18518551,1721554,443577,25797,9256,19589,0,790147,489583,2.74,100,,,
2201,210426611,Pé Chanh 2k6,IV,3924,22404724,1583695,608780,13762,23558,11306,0,1358835,460218,2.22,100,,,
2221,209961985,IncrediB0,IV,3924,16017369,1028274,554040,55404,0,14125,0,636748,433491,4.26,100,,,
2227,209559649,SÓICÔĐỘCX2,IV,3924,13252801,706795,1018490,83369,9240,0,0,3177539,425876,1.6,100,,,
2233,209320692,ᴱᶻLelya Fm,IV,3924,30621098,3681337,895660,34986,27290,0,0,1537055,412844,2.91,100,,,
2235,210401319,bulldog,IV,3924,30264729,3253308,879430,31183,28380,0,0,1157392,408532,3.8,100,,,
2239,209899711,Ninnitt,IV,3924,20912649,998721,287580,7070,10844,17803,0,711090,403765,,100,,,
2240,209103130,ᶲ DansKingdom,IV,3924,21037408,424134,858940,25786,30054,0,0,1443965,403684,2.97,100,,,
2246,208226755,ᴿᵂGRAYWOLF,IV,3924,22261252,1194244,284178,16353,5797,17940,0,81632,392482,,100,,,
2250,209803084,xAgresif,IV,3924,31619700,777593,942540,82352,5951,0,0,274716,388918,17.15,100,,,
2253,210051489,24 X҉ Arthur2,IV,3924,18974472,3543277,905410,71063,9739,0,0,1033405,381642,4.38,100,,,
2259,209468870,Bando kid farm,IV,3924,5909471,482995,305590,30559,0,16650,0,880938,371986,1.7,100,,,
2260,210479418,Sulaymãn,IV,3924,14715973,1803862,358140,34496,659,14983,0,416059,369319,4.15,100,,,
2268,210866993,Lee2100,IV,3924,4704614,1113872,119041,0,0,23380,0,4361,350700,,100,,,
2281,210030814,FishboyF3,IV,3924,6875609,1228652,163390,16339,0,17421,0,369139,326671,,100,,,
2284,210379181,Riri94,IV,3924,16488225,1784431,152750,10455,2410,16952,0,167165,320200,,100,,,
2287,208210296,ᴿᵂTalha67,IV,3924,26275012,2353077,787200,78720,0,0,0,190554,314880,20.66,100,,,
2288,214515039,Ritsard farm,IV,3924,13017613,933748,786270,78627,0,0,0,710937,314508,5.53,100,,,
2293,209617120,NTTha farm,IV,3924,20402448,1653397,759470,75947,0,0,0,977669,303788,3.88,100,,,
2297,210418727,Heman20,IV,3924,10217321,577695,328255,0,0,20049,0,338,300735,,100,,,
2298,208200545,ᴿᵂMama Wolf,IV,3924,38746356,3269828,629700,22978,19996,553,0,1345654,300167,2.34,100,,,
2326,207189272,ᴿSAURON,IV,3924,20939986,2395224,755258,45437,290,3557,0,344780,238003,10.84,100,,,
2332,209751429,油条,IV,3924,26895317,488286,567542,56729,0,0,0,279169,226916,10.16,100,,,
2339,210606489,埼玉県,IV,3924,12370845,-1455718,550660,55066,0,0,0,0,220264,,100,,,
2344,207688111,Rwjin2,IV,3924,20641873,-966256,481730,26691,10741,0,0,593023,214174,4.06,100,,,
2352,211335364,Neymar f1,IV,3924,11772078,638170,662194,52015,0,0,0,5393119,208060,,100,,,
2354,210370357,thegoathimself,IV,3924,21251945,3088093,519660,51966,0,0,0,236720,207864,10.98,100,,,
2356,209532060,ᴿᵂSigma,IV,3924,27531795,1559721,1226383,45121,2585,0,0,799331,206334,7.67,100,,,
2365,210418063,ESKAY FUN,IV,3924,19125266,1671222,517938,35124,0,4036,0,106385,201036,23.45,100,,,
2372,210398747,ÐarkKnight,IV,3924,20046673,2410894,432710,22363,10454,0,0,602586,193992,3.59,100,,,
2378,210394486,sencerbatur,IV,3924,25021386,3089016,472576,43309,1631,0,0,1234357,189546,,100,,,
2380,209960998,DailouSor,IV,3924,9498096,620074,471300,47130,0,0,0,36417,188520,,100,,,
2399,210401075,VoidAlbion,IV,3924,22366438,2035910,1577832,31898,4575,0,0,679587,173342,11.61,100,,,
2401,209523994,SÓICÔĐỘCX3,IV,3924,12352889,729334,427830,42783,0,0,0,966558,171132,,100,,,
2411,209837521,24 X VADO,IV,3924,26029404,-1421623,404010,40401,0,0,0,0,161604,,100,,,
2418,210371202,24 X҉ zEskiss,IV,3924,13027032,-1294058,374890,37489,0,0,0,0,149956,,100,,,
2423,211093784,Ombrela 1,IV,3924,6944709,184888,345260,29378,2574,0,0,1126209,143252,,100,,,
2427,209986084,maiconphieu,IV,3924,23611982,1690370,347122,31228,1742,0,0,1449700,142332,,100,,,
2428,210133935,Neymay farm,IV,3924,7276424,779496,234430,23443,0,3189,0,781762,141607,,100,,,
2431,207043733,WilliamR,IV,3924,17127756,1388085,330190,25395,3812,0,0,906397,139700,,100,,,
2436,209536166,ⱽᶠKlee No5,IV,3924,15961520,644607,341460,34146,0,0,0,465447,136584,3.67,100,,,
2442,210330344,buonngu,IV,3924,21942720,1816425,365712,33312,0,0,0,4248148,133248,,100,,,
2444,210439905,せりお9,IV,3924,32832135,3046490,327550,32755,0,0,0,202182,131020,8.1,100,,,
2445,209939374,24X҉  KaraGüL,IV,3924,17260978,-1269401,327360,32736,0,0,0,0,130944,,100,,,
2453,208684612,ᶲJW4101,IV,3924,26199554,3646457,451044,0,0,8163,0,207545,122445,10.45,100,,,
2473,208227524,RW ÖZDEMİR,IV,3924,15589930,736770,226760,7148,7764,0,0,196628,106232,,100,,,
2474,209281449,Chow1,IV,3924,14453643,2161389,265490,26549,0,0,0,181202,106196,,100,,,
2478,207689266,ᴿᵂManuel,IV,3924,22229861,1128461,259760,25976,0,0,0,54635,103904,,100,,,
2481,210274675,TigerainF1,IV,3924,8364884,442027,256440,25644,0,0,0,374953,102576,,100,,,
2484,209311732,ᴿᵂ RØW,IV,3924,26764396,1706559,254860,25486,0,0,0,331212,101944,,100,,,
2489,211507619,ᴿᵂAlexFarm,IV,3924,12706773,985738,222910,22291,0,747,0,581500,100369,,100,,,
2490,210834666,harryg91,IV,3924,20371735,2292402,199880,0,9994,0,0,353748,99940,,100,,,
2492,212333596,ᴹɪɴɪK0uisF,IV,3924,20477980,2753472,253683,24803,0,0,0,267510,99212,,100,,,
2496,206949917,marious1990,IV,3924,38758501,2749155,244670,24467,0,0,0,789788,97868,,100,,,
2499,206960318,24 X҉    Ghost,IV,3924,32721709,4328701,229290,18243,2343,0,0,451508,96402,,100,,,
2508,210531865,Cyntra City,IV,3924,27120942,3716913,211580,13362,3898,0,0,479590,92428,,100,,,
2509,207701181,123123sjej,IV,3924,29190910,2409595,226340,21098,768,0,0,602364,92072,,100,,,
2533,213689921,IIlICHlChArltOI,IV,3924,9209607,1024661,364078,20159,0,0,0,102008,80636,17.85,100,,,
2538,211311750,Sergо,IV,3924,22190843,647048,193532,19353,0,0,0,527273,77412,,100,,,
2549,211654248,PacoPepe,IV,3924,5200602,236843,183240,18324,0,0,0,304609,73296,,100,,,
2565,209879245,Shikamaru2,IV,3924,9839379,-245083,166710,16671,0,0,0,90231,66684,,100,,,
2572,210267199,De Noordzijde,IV,3924,20038473,985610,133900,2514,5438,0,0,756378,64436,,100,,,
2575,210087183,OtecOtdyhaet,IV,3924,16538010,1843264,156260,15626,0,0,0,251170,62504,,100,,,
2582,210006467,sSnoopy,IV,3924,20704574,1864018,151820,15182,0,0,0,339163,60728,,100,,,
2585,210122839,FarmerMe,IV,3924,13423619,529378,147930,14793,0,0,0,386017,59172,,100,,,
2587,210218341,DEMId 01,IV,3924,28588002,2189219,146260,14512,57,0,0,307238,58618,,100,,,
2590,209366827,NanuCosta,IV,3924,15908340,1233276,143870,14387,0,0,0,536422,57548,,100,,,
2593,209835098,ᴿᵂ DuongBeo,IV,3924,22466236,3650436,143469,14341,0,0,0,458677,57364,,100,,,
2597,210180161,Gubernur210180161,IV,3924,11022646,396900,141540,14154,0,0,0,676139,56616,,100,,,
2599,209351255,López1,IV,3924,14369741,1034717,139210,13921,0,0,0,461256,55684,,100,,,
2605,210152430,Sugeng 1,IV,3924,25727562,2530671,229630,13469,0,0,0,421434,53876,,100,,,
2610,212736277,DoivFarm,IV,3924,5715374,500779,132250,13225,0,0,0,291838,52900,,100,,,
2613,210252173,Eren kaya 06,IV,3924,19827889,1907307,127360,12736,0,0,0,117400,50944,,100,,,
2615,207579331,24 X҉ SNØŌWミ,IV,3924,21443329,171122,127100,12710,0,0,0,5066,50840,,100,,,
2620,208203407,ᴿᵂMaegun2,IV,3924,6155324,61518,119580,11958,0,0,0,108734,47832,,100,,,
2647,212708607,ᴿᵂ M A X 11,IV,3924,11766418,1489160,103080,10308,0,0,0,214554,41232,,100,,,
2654,209838770,24 X҉  ReDemon,IV,3924,37466401,2013266,87600,3464,2648,0,0,148044,40336,,100,,,
2660,207300929,HOTTHEAD,IV,3924,17777192,1099018,98430,9843,0,0,0,190349,39372,,100,,,
2662,213365575,ⱽᶠKlee No3,IV,3924,7329733,620263,96530,9653,0,0,0,400093,38612,,100,,,
2665,210884070,Theangel,IV,3924,11531969,1340689,92760,9276,0,0,0,317575,37104,,100,,,
2666,207938366,клевый,IV,3924,27034911,3044407,80090,3067,2471,0,0,260646,36978,,100,,,
2669,210443717,magic 73,IV,3924,16002274,2045828,90960,9096,0,0,0,278446,36384,,100,,,
2675,213186916,ⱽᶠKlee No2,IV,3924,7269293,664329,88150,8815,0,0,0,400690,35260,,100,,,
2681,207651897,24 X҉ Aureliaツ,IV,3924,20110853,220359,85180,8518,0,0,0,20857,34072,,100,,,
2684,208720515,ᴿᵂviva5555,IV,3924,22314888,1322683,68280,742,3043,0,0,495001,33398,,100,,,
2687,212908035,JoeLaTabz Farm,IV,3924,9500966,805470,47037,0,0,2157,0,0,32355,,100,,,
2688,210009827,Canfordshire,IV,3924,13027642,707758,79610,7663,149,0,0,184926,32142,,100,,,
2695,208208571,ᴿᵂ Fredi888,IV,3924,26000763,2182989,74942,2507,2069,0,0,288957,30718,,100,,,
2697,207275480,cocojambo,IV,3924,25294471,569303,76020,7602,0,0,0,73841,30408,,100,,,
2701,211250823,ᴬᵈBethoven,IV,3924,23182561,2206955,70930,5437,828,0,0,482196,30028,,100,,,
2706,210313716,Not simp,IV,3924,8577467,534871,73540,7354,0,0,0,480635,29416,,100,,,
2711,209354367,Overk,IV,3924,13118924,1005719,71340,7134,0,0,0,388784,28536,,100,,,
2715,209666051,ⱽᶠKlee No4,IV,3924,8807588,650696,67120,6712,0,0,0,93163,26848,,100,,,
2723,206992661,GunnaGhøst,IV,3924,25225453,1683519,61640,4970,597,0,0,57972,25850,,100,,,
2726,209798688,ᴰᴷhashim 96,IV,3924,14321632,1399747,62710,6271,0,0,0,98424,25084,,100,,,
2743,210286414,LightDrina,IV,3924,12356781,371123,54880,5488,0,0,0,198280,21952,,100,,,
2751,210154720,cà chua ok fam,IV,3924,7277127,111153,51530,5153,0,0,0,341649,20612,,100,,,
2754,208560935,ᶲ Aheles,IV,3924,28485545,2399726,49280,4484,222,0,0,770458,20156,,100,,,
2758,208408395,ᴸSAURON,IV,3924,6505964,549366,49440,4944,0,0,0,76062,19776,,100,,,
2790,209858516,Condess Drina,IV,3924,13045438,512701,36980,3698,0,0,0,217840,14792,,100,,,
2792,209902693,FishboyF1,IV,3924,7544066,1610011,36320,3632,0,0,0,112494,14528,,100,,,
2794,210190324,Legend68,IV,3924,35686086,2468523,144058,3558,0,0,0,47681,14232,,100,,,
2799,209613410,24 X҉ Smeller,IV,3924,30782035,2619598,31170,1739,689,0,0,139212,13846,,100,,,
2828,207540269,Furia Negra,IV,3924,18327731,1267054,26090,2609,0,0,0,26777,10436,,100,,,
2829,209974432,fire001,IV,3924,21124941,1010311,25470,2547,0,0,0,89548,10188,,100,,,
2841,210093312,Daarfaag,IV,3924,9630503,203179,23200,2320,0,0,0,135530,9280,,100,,,
2843,210015481,LuvYouBae,IV,3924,13215911,1434334,22790,2279,0,0,0,10047,9116,,100,,,
2846,209845456,Kyoto1773,IV,3924,22749614,2080267,21900,2190,0,0,0,70176,8760,,100,,,
2847,215580789,DrinaFarm,IV,3924,11150474,1039459,21800,2180,0,0,0,222180,8720,,100,,,
2850,210263265,ᴷˢ DRINASC,IV,3924,19319478,780016,21470,2147,0,0,0,221481,8588,,100,,,
2862,210894907,Lalo2025,IV,3924,11583991,711288,17390,1249,245,0,0,111447,7446,,100,,,
2867,209312381,Yola61,IV,3924,20704844,1250776,17570,1757,0,0,0,83816,7028,,100,,,
2868,211297033,ᴿᵂ DuongBeu,IV,3924,21920368,3135629,14650,445,510,0,0,238576,6880,,100,,,
2878,207830345,⻓モサ中入丩1,IV,3924,3743576,209011,14630,1463,0,0,0,26728,5852,,100,,,
2910,210039896,Menezobrrr,IV,3924,20360700,2531529,8940,560,167,0,0,49596,3910,,100,,,
2911,210406925,kishmish1,IV,3924,22508251,1603041,9560,956,0,0,0,43394,3824,,100,,,
2913,209757200,Quynhhxxihgaiii,IV,3924,27495566,4972749,9000,900,0,0,0,231534,3600,,100,,,
2916,206156810,Nightfallll,IV,3924,17666418,0,6770,123,277,0,0,0,3262,,100,,,
2921,210221171,Zevs086,IV,3924,8481598,794755,7200,720,0,0,0,80517,2880,,100,,,
2926,209172663,Bec City,IV,3924,18800394,2135586,6580,658,0,0,0,70817,2632,,100,,,
2932,209905807,24X҉   Valetta,IV,3924,32552536,3668084,5550,545,5,0,0,560182,2230,,100,,,
2951,210160996,Dungori farm 3,IV,3924,5240150,969732,3260,326,0,0,0,102908,1304,,100,,,
2977,210664315,lãotứk,IV,3924,20253958,638770,470,47,0,0,0,53900,188,,100,,,
2988,209218288,GoodVin mini,IV,3924,23469845,722391,0,0,0,0,0,4187,0,,100,,,
3023,210524329,zoubida,IV,3924,4728543,10375,0,0,0,0,0,0,0,,100,,,
3024,210095833,24X҉Naofumi,IV,3924,27522192,441418,0,0,0,0,0,16939,0,,100,,,
3034,209430804,DextrixsF3,IV,3924,10392121,1004124,0,0,0,0,0,1397,0,,100,,,
3071,210394566,FloydZigmynd,IV,3924,3082380,0,0,0,0,0,0,0,0,,100,,,
3076,210391432,TOOFY,IV,3924,3041849,0,0,0,0,0,0,0,0,,100,,,
3079,210396210,Z1ON,IV,3924,5205782,16600,0,0,0,0,0,0,0,,100,,,
3080,210434561,24 X҉ThuyAn2,IV,3924,22819901,284132,0,0,0,0,0,35651,0,,100,,,
3114,210225179,omertugrul,IV,3924,6026465,0,0,0,0,0,0,0,0,,100,,,
3133,221052452,Governor221052452,IV,3924,3706335,387645,0,0,0,0,0,0,0,,100,,,
3150,209982178,BL4CK NIGHT,IV,3924,9750865,455575,0,0,0,0,0,1244,0,,100,,,
3166,210444145,ᴶᶠTrSownVN,IV,3924,8456058,1016255,0,0,0,0,0,3844,0,,100,,,
3168,51117779,DreamerXFXF,IV,3924,10708221,1570052,0,0,0,0,0,0,0,,100,,,
3187,210381416,Vainchaud,IV,3924,4775855,805528,0,0,0,0,0,6890,0,,100,,,
3197,207840599,⻓モサ中入丩8,IV,3924,3167109,55552,0,0,0,0,0,0,0,,100,,,
3227,202430859,ром086,IV,3924,13809306,2258049,0,0,0,0,0,44910,0,,100,,,
3231,208627291,RW WORKIT,IV,3924,11608717,100031,0,0,0,0,0,0,0,,100,,,
3237,210430873,Karaeng Antang,IV,3924,9825726,684884,0,0,0,0,0,6060,0,,100,,,
3243,210428614,giathuan bel,IV,3924,5342059,0,0,0,0,0,0,0,0,,100,,,
3248,45432191,Bes F12,IV,3924,6323651,0,0,0,0,0,0,0,0,,100,,,
3254,209748194,ᴱᴾᶠRon II,IV,3924,16172026,24400,0,0,0,0,0,0,0,,100,,,
3257,216366817,SuButayFarm,IV,3924,8507855,0,0,0,0,0,0,0,0,,100,,,
3266,207838083,LordCobra,IV,3924,11573223,922418,0,0,0,0,0,3763,0,,100,,,
3275,210426091,rm9lli,IV,3924,3456778,161300,0,0,0,0,0,0,0,,100,,,
3277,209335110,Pepper81,IV,3924,9374983,308992,0,0,0,0,0,575,0,,100,,,
3282,210247658,Crisisis,IV,3924,5691756,16000,0,0,0,0,0,0,0,,100,,,
3289,210392011,Yrys07,IV,3924,5473008,11896,0,0,0,0,0,0,0,,100,,,
3297,210167073,Hermanni123,IV,3924,4444308,411800,0,0,0,0,0,8001,0,,100,,,
3310,210013615,ᴹᴰLadyVic,IV,3924,29268883,2910376,0,0,0,0,0,362516,0,,100,,,
3333,210381070,visna11,IV,3924,7273583,657134,0,0,0,0,0,0,0,,100,,,
3339,210397072,ˢᴸBoGiaoDuc,IV,3924,3643524,0,0,0,0,0,0,0,0,,100,,,
3340,211935144,KhalDrogoo,IV,3924,13428021,0,0,0,0,0,0,0,0,,100,,,
3343,208731821,FangYuan F6,IV,3924,3091314,0,0,0,0,0,0,0,0,,100,,,
3357,207941054,LeooツF1,IV,3924,14947112,497462,0,0,0,0,0,4375,0,,100,,,
3358,215201355,Slim15 FARM,IV,3924,4210726,0,0,0,0,0,0,0,0,,100,,,
3366,210432798,Thorrriky,IV,3924,3303309,144140,0,0,0,0,0,2452,0,,100,,,
3376,211538842,LORD ZEE 2,IV,3924,14766144,434933,0,0,0,0,0,1277,0,,100,,,
3384,210388558,mas boo,IV,3924,3968504,40703,0,0,0,0,0,0,0,,100,,,
3389,209620976,SUPERMANx,IV,3924,30277007,2999372,0,0,0,0,0,1075,0,,100,,,
3402,210432676,24 X҉  Qhà,IV,3924,20282333,100917,0,0,0,0,0,761,0,,100,,,
3411,210266508,MauritiusVictus,IV,3924,29556342,4480924,0,0,0,0,0,82466,0,,100,,,
3432,212954569,little rich,IV,3924,5706367,0,0,0,0,0,0,0,0,,100,,,
3435,226461772,Fishboy2,IV,3924,3582588,330915,0,0,0,0,0,2441,0,,100,,,
3450,209854548,Mười PERson,IV,3924,3302510,0,0,0,0,0,0,0,0,,100,,,
3455,210372536,Kakangtv1farm,IV,3924,7388060,336424,0,0,0,0,0,97,0,,100,,,
3486,210377379,ArxitetYT,IV,3924,14521100,492420,0,0,0,0,0,856,0,,100,,,
3541,210383273,EF MoOoRa,IV,3924,4367688,0,0,0,0,0,0,0,0,,100,,,
3544,210377361,Valetta19f1,IV,3924,12354089,569586,0,0,0,0,0,0,0,,100,,,
3570,208825023,IrishkaBABY,IV,3924,3485989,54584,0,0,0,0,0,0,0,,100,,,
3572,211042058,Evansss 02,IV,3924,6794119,0,0,0,0,0,0,0,0,,100,,,
3592,209408369,ᴰᴷZamarilla,IV,3924,16950562,0,0,0,0,0,0,0,0,,100,,,
3603,208199215,Tanimoto,IV,3924,18687360,0,0,0,0,0,0,0,0,,100,,,
3604,214393105,24 X҉ HoangHuy,IV,3924,8799233,2193310,0,0,0,0,0,62164,0,,100,,,
3606,209772040,ᴰᴷAnnie,IV,3924,10570373,1630398,0,0,0,0,0,2415,0,,100,,,
3617,210125912,TugFam1,IV,3924,8167094,558651,0,0,0,0,0,2324,0,,100,,,
3623,210418100,Ryze PKL,IV,3924,3497457,292847,0,0,0,0,0,365,0,,100,,,
3636,210378241,贤06,IV,3924,6080742,0,0,0,0,0,0,0,0,,100,,,
3649,209533691,JoeLaTabzFarm 2,IV,3924,5776299,840472,0,0,0,0,0,0,0,,100,,,
3657,209843396,ᶲLe Trong Tan,IV,3924,24027634,0,0,0,0,0,0,0,0,,,,,
3663,209915585,DonFrss,IV,3924,11144776,0,0,0,0,0,0,0,0,,100,,,
3679,210854421,mneuwys,IV,3924,13859338,1959251,0,0,0,0,0,8784,0,,100,,,
3680,210834946,JEERRYY,IV,3924,18298090,0,0,0,0,0,0,0,0,,100,,,
3690,210403265,SlowZ06guy,IV,3924,21898746,2033651,0,0,0,0,0,449,0,,100,,,
3695,209874144,Bublikakik,IV,3924,9159611,58768,0,0,0,0,0,0,0,,100,,,
3701,211708184,Perigo farm 2,IV,3924,8945166,0,0,0,0,0,0,0,0,,100,,,
3726,209842152,Mười Cathy,IV,3924,3365630,0,0,0,0,0,0,0,0,,100,,,
3730,209965948,Kastomnik,IV,3924,9547070,223605,0,0,0,0,0,0,0,,100,,,
3732,210400725,erika5949,IV,3924,5592217,0,0,0,0,0,0,0,0,,100,,,
3734,209831381,MườiLailana2,IV,3924,4584192,3300,0,0,0,0,0,0,0,,100,,,
3737,209833861,ᴴᵀ IDZIGA,IV,3924,4857993,0,0,0,0,0,0,0,0,,100,,,
3789,208072066,ˣ9  Meo 16,IV,3924,5106214,47680,0,0,0,0,0,0,0,,100,,,
3793,221629682,zordine,IV,3924,5230223,1161566,0,0,0,0,0,5661,0,,100,,,
3799,209844646,AMSTER Fаrm,IV,3924,11150153,648012,0,0,0,0,0,0,0,,100,,,
3814,210161055,LwPungarabatito,IV,3924,16962812,0,0,0,0,0,0,0,0,,100,,,
3815,210443073,ᴿᵂDMAᴿᵂ,IV,3924,22534611,2254229,11522,0,0,0,0,1633,0,,100,,,
3824,221638817,john doe 24,IV,3924,7441384,1718381,0,0,0,0,0,590,0,,100,,,
3863,209842652,Burak3523,IV,3924,20838688,1564803,0,0,0,0,0,1822,0,,100,,,
3881,226096251,ᶻʳKeizFmVN,IV,3924,3159059,36910,0,0,0,0,0,256,0,,100,,,
3885,221070743,Zoda farm,IV,3924,4029847,395787,0,0,0,0,0,545,0,,100,,,
3891,209260089,Rw Jin,IV,3924,7687516,0,0,0,0,0,0,0,0,,100,,,
3899,209936156,MKCXL,IV,3924,8248533,237275,0,0,0,0,0,0,0,,100,,,
3921,207840068,⻓モサ中入丩7,IV,3924,3136553,-603,0,0,0,0,0,0,0,,100,,,
3934,210184194,RØW和平Ash,IV,3924,18736564,607913,0,0,0,0,0,0,0,,100,,,
3940,214023740,Best 10,IV,3924,3879760,545232,0,0,0,0,0,0,0,,100,,,
3942,213864974,DanFar,IV,3924,3131667,0,0,0,0,0,0,0,0,,100,,,
3948,209865169,Xerocs,IV,3924,15739084,1709559,0,0,0,0,0,0,0,,100,,,
3960,208681002,BratiIIIka,IV,3924,10526999,0,0,0,0,0,0,0,0,,100,,,
3979,209868766,Xoá nick,IV,3924,7083600,41187,0,0,0,0,0,0,0,,100,,,
3986,210387179,Vn mai dinh siu,IV,3924,3845627,34400,0,0,0,0,0,1,0,,100,,,
3987,210371621,ᴴᴰKarsLi,IV,3924,7128305,44162,0,0,0,0,0,0,0,,100,,,
4032,208373408,viva555ᴿᵂ,IV,3924,19998771,1724651,0,0,0,0,0,24770,0,,100,,,
4061,209738540,ᴿᵂ Sekhmet,IV,3924,16123942,1006616,0,0,0,0,0,12436,0,,100,,,
4070,210662810,Kenfam,IV,3924,3816209,0,0,0,0,0,0,0,0,,100,,,
4082,210472968,24 X҉ dusann,IV,3924,16370376,1532965,0,0,0,0,0,288680,0,,100,,,
4091,210388654,Dokurwiator,IV,3924,6270651,2400,0,0,0,0,0,0,0,,100,,,
4092,210415232,ESCURO,IV,3924,11836990,412986,0,0,0,0,0,873,0,,100,,,
4118,209855205,Mười PERSON,IV,3924,3252812,0,0,0,0,0,0,0,0,,100,,,
4122,184848913,F5Ghost,IV,3924,9206021,373730,0,0,0,0,0,0,0,,100,,,
4137,207180986,HIPER FLO,IV,3924,5633443,645771,0,0,0,0,0,0,0,,100,,,
4138,209250126,24 X҉   Sharky,IV,3924,24562297,325248,0,0,0,0,0,108603,0,,100,,,
4173,208635818,03 Farm2,IV,3924,17821994,166548,0,0,0,0,0,0,0,,100,,,
4188,210386898,YouAreKiraRight,IV,3924,4174195,0,0,0,0,0,0,0,0,,100,,,
4207,210245347,Szoboslai8,IV,3924,21023323,60704,0,0,0,0,0,1776,0,,100,,,
4209,210377461,nenengBIII,IV,3924,2985366,0,0,0,0,0,0,0,0,,100,,,
4226,209871667,KenSʜɪn2,IV,3924,4091763,0,0,0,0,0,0,0,0,,100,,,
4236,209146092,ᴰᴷSpoks,IV,3924,6124604,0,0,0,0,0,0,0,0,,100,,,
4240,220194864,ᴿᵂFredi000,IV,3924,8230416,1293338,0,0,0,0,0,3600,0,,100,,,
4250,207934863,Hockeye,IV,3924,26228776,0,0,0,0,0,0,0,0,,,,,
4252,209825536,ᴰᴷElen009,IV,3924,17285488,1684728,0,0,0,0,0,42226,0,,100,,,
4254,209829051,24 X҉ Hexxy,IV,3924,25208050,0,0,0,0,0,0,0,0,,100,,,
4255,221109809,Thống đốc221109809,IV,3924,3407512,0,0,0,0,0,0,0,0,,100,,,
4267,215251913,carmelo,IV,3924,4030000,172743,0,0,0,0,0,551,0,,100,,,
4268,209868891,jaguar2025,IV,3924,8026819,0,0,0,0,0,0,0,0,,100,,,
4271,210437658,BATUHANCELAL19,IV,3924,3291172,0,0,0,0,0,0,0,0,,100,,,
4276,210416530,Vali210416530,IV,3924,6675288,0,0,0,0,0,0,0,0,,100,,,
4277,210175732,LAELA,IV,3924,13130959,-544,0,0,0,0,0,0,0,,100,,,
4302,209833637,MANCH,IV,3924,28392234,1095570,0,0,0,0,0,2361,0,,100,,,
4305,210445597,VanHungAccChinh,IV,3924,9669508,11730,0,0,0,0,0,314,0,,100,,,
4313,210170046,One Eye Farm,IV,3924,7892514,0,0,0,0,0,0,0,0,,100,,,
4315,202896756,LokomOtive,IV,3924,7004088,0,0,0,0,0,0,0,0,,100,,,
4343,209916577,24 X҉  Don,IV,3924,21951150,0,0,0,0,0,0,0,0,,,,,
4349,210261370,OptimusK F1,IV,3924,5256017,0,0,0,0,0,0,0,0,,100,,,
4351,212874763,KirbyML Alt,IV,3924,4514550,774212,0,0,0,0,0,478,0,,100,,,
4380,210265847,Almajidi,IV,3924,19049413,1262023,0,0,0,0,0,2482,0,,100,,,
4389,211776677,Hắc ma 1,IV,3924,13379229,879198,0,0,0,0,0,1964,0,,100,,,
4418,209631026,ビンセント,IV,3924,4216976,700068,0,0,0,0,0,107950,0,,100,,,
4422,210430703,Aariv25,IV,3924,18486396,1787194,0,0,0,0,0,11298,0,,100,,,
4435,209842534,Mười CATHY,IV,3924,3250972,0,0,0,0,0,0,0,0,,100,,,
4437,207103272,FangYuan F2,IV,3924,3347524,24000,0,0,0,0,0,0,0,,100,,,
4445,210435378,Ади2018,IV,3924,16971063,1953513,0,0,0,0,0,17798,0,,100,,,
4467,207573263,ᴿᵂLaChryma,IV,3924,8819635,0,0,0,0,0,0,0,0,,100,,,
4469,216931664,Yola62,IV,3924,11820825,1624026,0,0,0,0,0,7480,0,,100,,,
4471,210370318,FPhoenix,IV,3924,3215743,0,0,0,0,0,0,0,0,,100,,,
4481,221107355,Governor221107355,IV,3924,3365351,107902,0,0,0,0,0,0,0,,100,,,
4502,198873687,Ch1le,IV,3924,3514935,0,0,0,0,0,0,0,0,,100,,,
4513,209904998,Pan008 ᴸᴴ,IV,3924,7701682,0,0,0,0,0,0,0,0,,100,,,
4542,226695650,Fishboymini,IV,3924,3276823,195368,0,0,0,0,0,544,0,,100,,,
4547,213838286,Palo4ke,IV,3924,15586829,893815,0,0,0,0,0,2542,0,,100,,,
4566,210002656,Oswaldini,IV,3924,17769682,1005220,0,0,0,0,0,680,0,,100,,,
4579,210326453,Lady Victoria 1,IV,3924,5472116,167382,0,0,0,0,0,330,0,,100,,,
4602,210814715,AqueminiFarm,IV,3924,9618804,702166,0,0,0,0,0,5455,0,,100,,,
4610,208263910,alder f,IV,3924,4453158,1039961,0,0,0,0,0,686,0,,100,,,
4614,209656505,DextrixsF2,IV,3924,14226268,1886232,0,0,0,0,0,1996,0,,100,,,
4624,207181368,24 X҉    Xuka,IV,3924,19198726,521213,0,0,0,0,0,217336,0,,100,,,
4631,213101683,24 X҉  Win,IV,3924,8831260,1314554,0,0,0,0,0,39028,0,,100,,,
4644,209676869,Isi123,IV,3924,10695546,0,0,0,0,0,0,0,0,,100,,,
4650,210414165,Sergant0391,IV,3924,7253828,0,0,0,0,0,0,0,0,,100,,,
4658,210382221,Hvala03,IV,3924,11763723,0,0,0,0,0,0,0,0,,100,,,
4668,211742161,Muốn giàu,IV,3924,3201357,0,0,0,0,0,0,0,0,,100,,,
4676,209871876,AlmaLuna,IV,3924,3279435,0,0,0,0,0,0,0,0,,100,,,
4677,210868785,Quỳnh farm 1,IV,3924,3865841,505170,0,0,0,0,0,0,0,,100,,,
4684,213712023,fire 002,IV,3924,11120355,16680,0,0,0,0,0,241,0,,100,,,
4688,209855429,24 X҉Berserk,IV,3924,12232907,0,0,0,0,0,0,0,0,,100,,,
4693,207142542,FangYuan F7,IV,3924,3968166,29500,0,0,0,0,0,0,0,,100,,,
4694,209765854,Tlwn8,IV,3924,5426787,710463,0,0,0,0,0,54,0,,100,,,
4699,209870591,NightstarF,IV,3924,6504401,114486,0,0,0,0,0,0,0,,100,,,
4701,210387866,MERT2,IV,3924,4373249,139988,0,0,0,0,0,0,0,,100,,,
4705,209593040,ⱽᶠKlee No6,IV,3924,12023240,588210,0,0,0,0,0,232,0,,100,,,
4706,210858605,PINEAPPLES,IV,3924,14101204,198683,0,0,0,0,0,2038,0,,100,,,
4721,209960025,ĐạiViệt111,IV,3924,12667714,326311,0,0,0,0,0,238,0,,100,,,
4723,210258071,znic,IV,3924,22171533,1993507,0,0,0,0,0,21023,0,,100,,,
4724,209829717,24 X҉ Ikigai,IV,3924,27177586,0,0,0,0,0,0,0,0,,,,,
4735,209963841,OllerJulius,IV,3924,17391575,0,0,0,0,0,0,0,0,,100,,,
4736,210730158,NapoleonB0nap4r,IV,3924,7374656,1469275,7738,0,0,0,0,15490,0,,100,,,
4752,207713494,ᴿᵂBHB,IV,3924,19098375,0,0,0,0,0,0,0,0,,100,,,
4767,204444030,24 X҉  AZURA,IV,3924,17740124,0,0,0,0,0,0,0,0,,100,,,
4773,210138627,Peacekepper4,IV,3924,6586594,0,0,0,0,0,0,0,0,,100,,,
4774,210584276,HTC,IV,3924,4152787,641670,0,0,0,0,0,1743,0,,100,,,
4775,209828773,24 X҉炎Dawn,IV,3924,45178013,0,0,0,0,0,0,0,0,,,,,
4781,193525355,ᴿᴬHoocH,IV,3924,4945605,0,0,0,0,0,0,0,0,,100,,,
4792,213607665,PaTRoN46farm3,IV,3924,6217781,0,0,0,0,0,0,0,0,,100,,,
4794,211472110,Lamer,IV,3924,16716176,364012,0,0,0,0,0,68783,0,,100,,,
4795,215104520,XAngel CaidoX,IV,3924,3579298,329332,0,0,0,0,0,0,0,,100,,,
4806,214372945,Mrissafarm,IV,3924,12773949,878901,0,0,0,0,0,25329,0,,100,,,
4832,210632754,Gravenberch6,IV,3924,15331922,0,0,0,0,0,0,0,0,,100,,,
4834,210440564,ˢᴸ BaLlRk,IV,3924,13793183,0,0,0,0,0,0,0,0,,100,,,
4838,210052958,Bloodᵐᵃʳʸ,IV,3924,3527833,38361,0,0,0,0,0,0,0,,100,,,
4841,221042004,demhkfarm1,IV,3924,7067298,1015300,0,0,0,0,0,3522,0,,100,,,
4850,209964268,XxHONEYBADGERxX,IV,3924,4655548,332033,0,0,0,0,0,0,0,,100,,,
4869,209829777,MườiJaunica1,IV,3924,4618648,65681,0,0,0,0,0,0,0,,100,,,
4871,210302210,Papabara,IV,3924,19170229,0,0,0,0,0,0,0,0,,100,,,
4891,209920757,GRÃNMESTRE23,IV,3924,10111771,763952,0,0,0,0,0,1178,0,,100,,,
4892,212381184,DextrixsF4,IV,3924,9341003,1137628,0,0,0,0,0,1412,0,,100,,,
4916,209831403,Mười Dần,IV,3924,3675086,0,0,0,0,0,0,0,0,,100,,,
4940,214219390,우라차차2,IV,3924,15963138,2023713,0,0,0,0,0,37869,0,,100,,,
4956,211079529,xFACAxV2,IV,3924,8628358,122573,0,0,0,0,0,0,0,,100,,,
4960,209996410,KirbyML2005,IV,3924,9263549,1401769,0,0,0,0,0,821,0,,100,,,
4964,209828801,24 X҉ Carry,IV,3924,10012262,0,0,0,0,0,0,0,0,,100,,,
4977,212485176,Rickfds,IV,3924,4499570,0,0,0,0,0,0,0,0,,100,,,
4981,210468432,KENJJI,IV,3924,6029718,0,0,0,0,0,0,0,0,,100,,,
4983,209880540,24 X҉ GRUbiYan,IV,3924,20012773,0,0,0,0,0,0,0,0,,100,,,
4986,211997110,methusalah,IV,3924,9892436,1713614,0,0,0,0,0,16877,0,,100,,,
4997,209696150,zia tok,IV,3924,20571909,0,0,0,0,0,0,0,0,,,,,
5000,211689302,fds4458,IV,3924,4858929,0,0,0,0,0,0,0,0,,100,,,
5004,216336528,HOTBEAST FARM,IV,3924,6675349,328054,0,0,0,0,0,0,0,,100,,,
5005,209343875,JeNCoffe,IV,3924,18040874,306531,0,0,0,0,0,7862,0,,100,,,
5014,210214177,L77,IV,3924,17896144,0,0,0,0,0,0,0,0,,100,,,
5029,212251025,Eluins3,IV,3924,4586654,146856,0,0,0,0,0,0,0,,100,,,
5032,209831184,MườiLailana1,IV,3924,4640073,0,0,0,0,0,0,0,0,,100,,,
5048,210391613,ᴸᵂ ThươnG,IV,3924,10994330,0,0,0,0,0,0,0,0,,100,,,
5058,210403821,AlbaA3,IV,3924,11133532,1549078,0,0,0,0,0,15449,0,,100,,,
5063,209835911,24 X҉  Mr T,IV,3924,15589494,0,0,0,0,0,0,0,0,,100,,,
5071,209989088,24X҉ Alexander,IV,3924,23418684,0,0,0,0,0,0,0,0,,,,,
5078,211482646,PaTRoN46F,IV,3924,10006607,0,0,0,0,0,0,0,0,,100,,,
5091,210377046,kalomangsp,IV,3924,6041089,214156,0,0,0,0,0,1852,0,,100,,,
5100,212071038,Perigo farm 3,IV,3924,7326759,0,0,0,0,0,0,0,0,,100,,,
5109,210431221,Dyysyaa,IV,3924,3965354,22400,0,0,0,0,0,0,0,,100,,,
5115,211253625,nhantrungquốc,IV,3924,10184342,0,0,0,0,0,0,0,0,,100,,,
5124,209172696,Lollo filler 1,IV,3924,33073370,1297124,0,0,0,0,0,3897,0,,100,,,
5132,208174479,RW ALEXANAH,IV,3924,23569402,70494,0,0,0,0,0,0,0,,100,,,
5141,207282580,Claire08,IV,3924,15248849,51200,0,0,0,0,0,0,0,,100,,,
5149,210371866,24 X҉ KAAN,IV,3924,42663148,0,0,0,0,0,0,0,0,,100,,,
5179,213323877,Bank of Ram,IV,3924,8036183,1099314,0,0,0,0,0,473,0,,100,,,
5184,212939883,clamk,IV,3924,12163084,558783,0,0,0,0,0,0,0,,100,,,
5194,216082785,24 X҉  Ktwin g,IV,3924,6580212,1579176,0,0,0,0,0,102,0,,100,,,
5200,207321763,ᵒᶜ Хорн,IV,3924,9758150,0,0,0,0,0,0,0,0,,100,,,
5215,208008607,F4rhan Fill,IV,3924,21805127,0,0,0,0,0,0,0,0,,,,,
5222,209446563,33 I 天帝,IV,3924,14284198,836418,0,0,0,0,0,412,0,,100,,,
5235,209902500,бронсон,IV,3924,22533202,0,0,0,0,0,0,0,0,,,,,
5239,210848925,Lucky Arrow,IV,3924,14093407,0,0,0,0,0,0,0,0,,100,,,
5243,209909097,24 X҉ Tony,IV,3924,16323884,0,0,0,0,0,0,0,0,,100,,,
5246,209831487,ᴰᴸYoussef,IV,3924,7116621,0,0,0,0,0,0,0,0,,100,,,
5247,209830443,BellumDux,IV,3924,23346084,0,0,0,0,0,0,0,0,,100,,,
5252,210377667,ᵃᵍᵗPanda,IV,3924,7506699,0,0,0,0,0,0,0,0,,100,,,
5255,209828972,ᴬᴸPhoenix,IV,3924,12485932,216474,0,0,0,0,0,533,0,,100,,,
5259,209837225,iXx,IV,3924,26431484,327769,0,0,0,0,0,0,0,,100,,,
5276,210374164,HighLord Grimm,IV,3924,17838047,1483724,0,0,0,0,0,701,0,,100,,,
5278,210679087,Mitsumia,IV,3924,20663691,2138467,0,0,0,0,0,25366,0,,100,,,
5281,210387584,Pachecoxz,IV,3924,7342177,290356,0,0,0,0,0,4929,0,,100,,,
5301,207103269,FangYuan F1,IV,3924,3359264,29600,0,0,0,0,0,0,0,,100,,,
5319,210410381,KONAK,IV,3924,8478025,266132,0,0,0,0,0,243,0,,100,,,
5322,210253596,ᴳᴺAURELIUS,IV,3924,28959207,182405,0,0,0,0,0,0,0,,100,,,
5344,214065621,Ниниттт,IV,3924,10680440,452476,0,0,0,0,0,5851,0,,100,,,
5345,210402077,24 X҉   NKN,IV,3924,22611198,0,0,0,0,0,0,0,0,,100,,,
5346,208429881,FangYuan F5,IV,3924,3075461,0,0,0,0,0,0,0,0,,100,,,
5348,209466493,ᴹᴰN60,IV,3924,11733288,0,0,0,0,0,0,0,0,,100,,,
5352,211186066,乂BLESS乂,IV,3924,17710820,968688,0,0,0,0,0,1309,0,,100,,,
5354,207434370,ᴾᴵTorenzik,IV,3924,38994474,134392,0,0,0,0,0,0,0,,100,,,
5360,209502377,ᵍˢkraM,IV,3924,24638780,0,0,0,0,0,0,0,0,,100,,,
5361,209804923,FiFo4Ka,IV,3924,17516064,1717065,0,0,0,0,0,5273,0,,100,,,
5364,210438049,fasyiong,IV,3924,14013996,320,0,0,0,0,0,624,0,,100,,,
5394,209907661,lexx1farm,IV,3924,4431305,0,0,0,0,0,0,0,0,,100,,,
5407,210386687,Thống đốc210386687,IV,3924,3741836,0,0,0,0,0,0,0,0,,100,,,
5410,210411963,бей барс,IV,3924,8641616,828777,0,0,0,0,0,5189,0,,100,,,
5415,209130577,ᶲhaz372736,IV,3924,16169511,0,0,0,0,0,0,0,0,,100,,,
5428,209835446,mskskskdek,IV,3924,3931984,0,0,0,0,0,0,0,0,,100,,,
5433,210375971,モモキチ,IV,3924,18914708,2092863,0,0,0,0,0,24603,0,,100,,,
5440,210432841,Nunm,IV,3924,20733089,0,0,0,0,0,0,0,0,,,,,
5445,207692611,RW It is I,IV,3924,33880354,4909184,0,0,0,0,0,15929,0,,100,,,
5461,210402489,Валтэн,IV,3924,5559399,0,0,0,0,0,0,0,0,,100,,,
5464,210095815,ᴿᵂTampan,IV,3924,14827167,310126,0,0,0,0,0,337,0,,100,,,
5495,211176571,sugeng farm 3,IV,3924,9826988,329136,0,0,0,0,0,207591,0,,100,,,
5523,210374752,Phi1Finger,IV,3924,3770979,0,0,0,0,0,0,0,0,,100,,,
5548,209832191,ᴷᴸ 4naLog,IV,3924,8657901,0,0,0,0,0,0,0,0,,100,,,
5554,210034788,My Cabe,IV,3924,3120896,0,0,0,0,0,0,0,0,,100,,,
5567,207838050,⻓モサ中入丩4,IV,3924,2931713,0,0,0,0,0,0,0,0,,100,,,
5578,209829382,ᴷᴸSnowstorm,IV,3924,9405629,0,0,0,0,0,0,0,0,,100,,,
5583,209838630,疯将军,IV,3924,6195652,662907,0,0,0,0,0,1214,0,,100,,,
5586,198893080,Skezzdon,IV,3924,6385976,774422,0,0,0,0,0,216200,0,,100,,,
5587,210410336,MAGNUS ALEX,IV,3924,15197165,1447107,0,0,0,0,0,14094,0,,100,,,
5588,209897183,ᴸᴹ Hào,IV,3924,5972591,0,0,0,0,0,0,0,0,,100,,,
5596,214060974,BorLanD 2,IV,3924,9195916,0,0,0,0,0,0,0,0,,100,,,
5605,211338796,Правитель211338796,IV,3924,15912263,2394565,0,0,0,0,0,3878,0,,100,,,
5624,210475727,Huuberts,IV,3924,10240044,54836,0,0,0,0,0,1961,0,,100,,,
5646,210400914,Vanphercy,IV,3924,8242042,786240,0,0,0,0,0,8897,0,,100,,,
5655,211113867,iGreg,IV,3924,11881890,-82800,0,0,0,0,0,0,0,,100,,,
5661,210387569,Tirado Rex11,IV,3924,9239979,1210894,0,0,0,0,0,19557,0,,100,,,
5689,210782718,голо666,IV,3924,5572990,0,0,0,0,0,0,0,0,,100,,,
5713,204257291,NA X҉  Nấm,IV,3924,11750760,0,0,0,0,0,0,0,0,,100,,,
5718,210668750,kateehullox,IV,3924,9902219,251994,0,0,0,0,0,1773,0,,100,,,
5725,210623305,LeONnfarm,IV,3924,3510426,209180,0,0,0,0,0,0,0,,100,,,
5729,211220741,PPPhúc farm,IV,3924,4234213,800230,0,0,0,0,0,635,0,,100,,,
5739,209416524,Adrian9925,IV,3924,9784828,726909,0,0,0,0,0,565,0,,100,,,
5771,210401250,ᴸᵂ JUNIOR H,IV,3924,9190366,324303,0,0,0,0,0,0,0,,100,,,
5773,214392068,Ange11,IV,3924,4941321,777466,0,0,0,0,0,1803,0,,100,,,
5781,208911678,vn hồng fram,IV,3924,4071774,275982,0,0,0,0,0,0,0,,100,,,
5786,207660535,FangYuan F8,IV,3924,6986974,30300,0,0,0,0,0,0,0,,100,,,
5790,211708875,Kayt8,IV,3924,3521307,0,0,0,0,0,0,0,0,,100,,,
5792,210417961,dextrixsF1,IV,3924,16525970,1224097,0,0,0,0,0,2151,0,,100,,,
5794,210317616,JimJam22,IV,3924,4382997,0,0,0,0,0,0,0,0,,100,,,
5803,213793735,farm of Luca,IV,3924,17936692,930995,0,0,0,0,0,17899,0,,100,,,
5809,211332756,24X҉GiangBlue,IV,3924,7618941,132263,0,0,0,0,0,0,0,,100,,,
5845,209905272,ᴬᴸSmoshi,IV,3924,5551906,0,0,0,0,0,0,0,0,,100,,,
5846,209900715,ViscountBlueSky,IV,3924,15720700,18687,0,0,0,0,0,35,0,,100,,,
5849,210806310,Jaehaerys 1er,IV,3924,21676501,1454448,0,0,0,0,0,11984,0,,100,,,
5859,210405794,ᴿᵂ M A X 22,IV,3924,9093826,370877,0,0,0,0,0,0,0,,100,,,
5861,208850800,24 X҉ 도주이득,IV,3924,26177030,0,0,0,0,0,0,0,0,,100,,,
5863,210888570,Fozzie 3,IV,3924,20931240,1477684,0,0,0,0,0,0,0,,100,,,
5874,212903389,24 X҉  Moron F,IV,3924,7250349,120232,0,0,0,0,0,31,0,,100,,,
5890,209245175,Pikachu br,IV,3924,25748530,0,0,0,0,0,0,0,0,,,,,
5892,208575530,ᶲSentient,IV,3924,16156978,246340,0,0,0,0,0,0,0,,100,,,
5898,210249125,Gopq,IV,3924,29397325,1743288,0,0,0,0,0,58578,0,,100,,,
5899,210372545,ᴾᴱStonəy,IV,3924,20674879,81000,0,0,0,0,0,740,0,,100,,,
5900,207167964,FangYuan F3,IV,3924,3402174,24000,0,0,0,0,0,0,0,,100,,,
5907,210223600,Iernissia210,IV,3924,5547909,108241,0,0,0,0,0,330,0,,100,,,
5915,210374341,Vasby71,IV,3924,15514751,1814350,0,0,0,0,0,0,0,,100,,,
5928,222357119,Ánh Lỏ,IV,3924,5815679,952954,0,0,0,0,0,4187,0,,100,,,
5931,210386195,Ronaldo wc 2026,IV,3924,4671371,0,0,0,0,0,0,0,0,,100,,,
5938,210424404,jiminycricket56,IV,3924,14118890,1255755,0,0,0,0,0,14715,0,,100,,,
5943,221049746,Governor221049746,IV,3924,3451865,104032,0,0,0,0,0,0,0,,100,,,
5952,209907548,ˢᴸへMr Smith,IV,3924,3723008,0,0,0,0,0,0,0,0,,100,,,
5961,211137959,DJIBRIL94,IV,3924,4865900,0,0,0,0,0,0,0,0,,100,,,
5972,208846381,Rom78,IV,3924,3306919,3900,0,0,0,0,0,0,0,,100,,,
6001,211810638,Do2FARM,IV,3924,7408066,723614,0,0,0,0,0,70,0,,100,,,
6006,212579837,Đệtamfamr,IV,3924,28266437,2040820,0,0,0,0,0,846,0,,100,,,
6016,210421487,Thống đốc210421487,IV,3924,7227416,594207,0,0,0,0,0,561,0,,100,,,
6020,211126571,Nông Dân HN,IV,3924,4873264,0,0,0,0,0,0,0,0,,100,,,
6057,210143857,Hubert Sssss,IV,3924,16348759,1034464,0,0,0,0,0,1929,0,,100,,,
6074,209866890,24 X҉  Dirk,IV,3924,12416166,0,0,0,0,0,0,0,0,,100,,,
6086,209649241,ᴿᵂAzRa eLII,IV,3924,5695475,573706,0,0,0,0,0,0,0,,100,,,
6088,210484201,Levi AckerChí,IV,3924,3587571,0,0,0,0,0,0,0,0,,100,,,
6092,221100871,Governor221100871,IV,3924,2933578,0,0,0,0,0,0,0,0,,100,,,
6093,209907343,irish7,IV,3924,3522816,0,0,0,0,0,0,0,0,,100,,,
6094,207872767,ᴰˣZoro III,IV,3924,6301359,55723,0,0,0,0,0,0,0,,100,,,
6104,210851340,Alesinai12 jr,IV,3924,4621596,223767,0,0,0,0,0,0,0,,100,,,
6105,210405263,GhostLider69,IV,3924,16404290,2135852,0,0,0,0,0,1861,0,,100,,,
6119,210594514,Kenfamm,IV,3924,5079119,0,0,0,0,0,0,0,0,,100,,,
6124,210439686,SanMig Apple,IV,3924,17442585,182724,0,0,0,0,0,8419,0,,100,,,
6133,210404892,sevos,IV,3924,10860349,804918,0,0,0,0,0,1749,0,,100,,,
6159,210399669,bySel,IV,3924,22869442,0,0,0,0,0,0,0,0,,,,,
6190,210025122,BDZILLF1,IV,3924,10335979,1333283,0,0,0,0,0,909,0,,100,,,
6192,209837031,24 X҉  ЫЫЫ,IV,3924,27842755,0,0,0,0,0,0,0,0,,100,,,
6205,210377335,loner,IV,3924,3153637,0,0,0,0,0,0,0,0,,100,,,
6218,209267900,karipapkentang,IV,3924,24427152,0,0,0,0,0,0,0,0,,,,,
6231,210055772,JohnKraiton,IV,3924,11435363,0,0,0,0,0,0,0,0,,100,,,
6234,210415867,IIlChlChArltOII,IV,3924,9135095,1135762,0,0,0,0,0,0,0,,100,,,
6252,210694660,Thynh G fram,IV,3924,3817157,3300,0,0,0,0,0,0,0,,100,,,
6271,210279148,BossHardy,IV,3924,3535529,224683,0,0,0,0,0,0,0,,100,,,
6274,210416087,BigDawG2123,IV,3924,5088265,0,0,0,0,0,0,0,0,,100,,,
6301,210373387,Triệu Vânv,IV,3924,5236359,0,0,0,0,0,0,0,0,,100,,,
6353,210740097,SHEIK ARABE,IV,3924,3970737,0,0,0,0,0,0,0,0,,100,,,
6383,212944588,ankin,IV,3924,10694862,329021,0,0,0,0,0,0,0,,100,,,
6390,210295752,24 X҉Camelotik,IV,3924,23951412,0,0,0,0,0,0,0,0,,100,,,
6401,210392643,wills64,IV,3924,9615976,1093466,0,0,0,0,0,58917,0,,100,,,
6407,210389430,AHMFd,IV,3924,11713696,487161,0,0,0,0,0,4263,0,,100,,,
6410,209926937,우라차차,IV,3924,23528433,2856545,0,0,0,0,0,39899,0,,100,,,
6414,210376802,かかってこい,IV,3924,20231619,0,0,0,0,0,0,0,0,,100,,,
6420,210887644,54Buçuk,IV,3924,11360444,207121,0,0,0,0,0,1721,0,,100,,,
6427,210582014,ᴸᵂ ANGELx,IV,3924,6664699,297103,0,0,0,0,0,0,0,,100,,,
6437,210392421,NikmanjZOV,IV,3924,10254415,163250,0,0,0,0,0,314,0,,100,,,
6438,210042742,supportF2,IV,3924,3510231,0,0,0,0,0,0,0,0,,100,,,
6442,209331941,AngelosT,IV,3924,11874841,997356,0,0,0,0,0,928,0,,100,,,
6470,210391706,ᴶᶠ RynaMay,IV,3924,17733119,551238,0,0,0,0,0,3665,0,,100,,,
6486,211706627,PINEAPPLES2,IV,3924,7004080,0,0,0,0,0,0,0,0,,100,,,
6487,210046929,ArChiLeS Farm,IV,3924,13227758,0,0,0,0,0,0,0,0,,100,,,
6498,208183840,Third Option,IV,3924,23624545,1740876,0,0,0,0,0,0,0,,100,,,
6507,210309636,NICAtTURAN,IV,3924,10543872,0,0,0,0,0,0,0,0,,100,,,
6512,210383252,Alishaaa,IV,3924,5660247,92900,0,0,0,0,0,0,0,,100,,,
6518,207423496,F4RHAN,IV,3924,29335448,0,0,0,0,0,0,0,0,,,,,
6539,210383106,MUJI JINSANG,IV,3924,7367549,1384756,0,0,0,0,0,3604,0,,100,,,
6540,210391738,Roxanne wolf5,IV,3924,4081019,753413,0,0,0,0,0,5292,0,,100,,,
6546,210400443,DRAGON DE FUEGO,IV,3924,3296983,0,0,0,0,0,0,0,0,,100,,,
6554,218152917,24 X҉Gamma,IV,3924,4868315,201979,0,0,0,0,0,0,0,,100,,,
6558,210302577,MayDay86,IV,3924,13487717,102018,0,0,0,0,0,716,0,,100,,,
6568,210584534,Ryyysiek 2,IV,3924,22360048,1548503,0,0,0,0,0,688,0,,100,,,
6589,221101031,Governor221101031,IV,3924,4093125,413249,0,0,0,0,0,0,0,,100,,,
6600,208908800,NG Minh Giàu,IV,3924,3966619,363622,0,0,0,0,0,109,0,,100,,,
6617,210433741,24 X҉ Palomon,IV,3924,23678544,0,0,0,0,0,0,0,0,,,,,
6623,210312556,visna10,IV,3924,8216194,432552,0,0,0,0,0,0,0,,100,,,
6640,210281688,Koploksia,IV,3924,14869153,0,0,0,0,0,0,0,0,,100,,,
6644,207501113,24 X҉  Hyra ツ,IV,3924,26197188,0,0,0,0,0,0,0,0,,,,,
6653,210388143,AUZZIE,IV,3924,11679652,1013191,0,0,0,0,0,1832,0,,100,,,
6657,210416523,saraiba,IV,3924,12683973,182691,0,0,0,0,0,179,0,,100,,,
6664,210380258,Правитель210380258,IV,3924,4689641,428198,0,0,0,0,0,3019,0,,100,,,
6669,210293796,PlayerQuitAcc,IV,3924,3219644,0,0,0,0,0,0,0,0,,100,,,
6672,206974141,ᴳᴴKaiO,IV,3924,28175245,1280972,0,0,0,0,0,171254,0,,100,,,
6680,219141910,Johnny Yosaku,IV,3924,6645002,1197961,0,0,0,0,0,70168,0,,100,,,
6691,210407688,Olek04,IV,3924,6186517,999152,0,0,0,0,0,2420,0,,100,,,
6703,208280099,Maggies Farm,IV,3924,17434982,232697,0,0,0,0,0,0,0,,100,,,
6709,210376661,Statthalter210376661,IV,3924,7039108,0,0,0,0,0,0,0,0,,100,,,
6713,210417736,Şehri Müdafa,IV,3924,15835040,2267804,0,0,0,0,0,38343,0,,100,,,
6719,209836261,ᶲ Lady D,IV,3924,24303438,3185413,0,0,0,0,0,69079,0,,100,,,
6731,210330736,Charli300,IV,3924,22806239,2014215,0,0,0,0,0,750,0,,100,,,
6735,193582427,Somik4D f7,IV,3924,3007963,0,0,0,0,0,0,0,0,,100,,,
6761,214066738,wGROZw,IV,3924,9738719,739564,0,0,0,0,0,7691,0,,100,,,
6768,211084801,DMAxxx,IV,3924,8253396,13411,0,0,0,0,0,0,0,,100,,,
6769,211995142,xAggressive,IV,3924,3540515,0,0,0,0,0,0,0,0,,100,,,
6782,210400984,xGÜLAYx,IV,3924,10629285,0,0,0,0,0,0,0,0,,100,,,
6788,211892788,ᶲJW4101 Farma,IV,3924,21840907,2764620,0,0,0,0,0,87966,0,,100,,,
6789,207660123,Fang Yuan F9,IV,3924,4488447,25900,0,0,0,0,0,0,0,,100,,,
6803,209989066,ᴱᴾᶠRon 2f,IV,3924,7977032,111199,0,0,0,0,0,0,0,,100,,,
6824,176135492,ᴶᶠ kuanysh3,IV,3924,5627316,323525,0,0,0,0,0,221,0,,100,,,
6828,210406006,Lw小哲,IV,3924,26457555,0,0,0,0,0,0,0,0,,100,,,
6845,209855604,AᴬᵈRudy San,IV,3924,12361914,1295012,0,0,0,0,0,37969,0,,100,,,
6855,210855445,Hossein021,IV,3924,8210082,0,0,0,0,0,0,0,0,,100,,,
6861,223056698,ᶠʳᵐFrenzy,IV,3924,3209575,116622,0,0,0,0,0,0,0,,100,,,
6868,210740875,ShAQ,IV,3924,16701612,693812,0,0,0,0,0,0,0,,100,,,
6877,210392260,Governador210392260,IV,3924,16367465,1494631,0,0,0,0,0,13170,0,,100,,,
6878,210856317,demonhk,IV,3924,17125593,1118282,0,0,0,0,0,3131,0,,100,,,
6900,210748361,Çarşı32,IV,3924,5497210,1377703,0,0,0,0,0,25584,0,,100,,,
6902,210420020,Misa 38,IV,3924,3795638,221469,0,0,0,0,0,1072,0,,100,,,
6906,211209147,24 X҉   AxeTR,IV,3924,28085576,0,0,0,0,0,0,0,0,,,,,
6912,212490868,little jester,IV,3924,4593662,0,0,0,0,0,0,0,0,,100,,,
6939,210379325,cer19,IV,3924,9388820,1103132,0,0,0,0,0,201618,0,,100,,,
6955,209112837,ᶲAKa Rùa,IV,3924,20725041,750557,0,0,0,0,0,3236,0,,100,,,
6962,210819429,ᴋᴺ Dha,IV,3924,5579957,0,0,0,0,0,0,0,0,,100,,,
6967,210567353,Famheiniken,IV,3924,7082301,1179860,0,0,0,0,0,0,0,,100,,,
6971,211922133,kak2,IV,3924,10119391,1488572,0,0,0,0,0,950,0,,100,,,
6972,210430828,Tho17,IV,3924,11629854,0,0,0,0,0,0,0,0,,100,,,
6979,210396149,MozzA,IV,3924,22609674,0,0,0,0,0,0,0,0,,,,,
6981,211791607,lord ismail 2,IV,3924,8239801,793450,0,0,0,0,0,0,0,,100,,,
6986,207167965,FangYuan F4,IV,3924,3080618,0,0,0,0,0,0,0,0,,100,,,
6987,210750053,KristianCor,IV,3924,26639968,871398,0,0,0,0,0,2558,0,,100,,,
6991,209864074,24 X҉ Erass,IV,3924,28165649,0,0,0,0,0,0,0,0,,100,,,
6992,209906026,24 X҉   Tuấn,IV,3924,24454032,0,0,0,0,0,0,0,0,,100,,,
7007,210397774,szostek38,IV,3924,4734069,318105,0,0,0,0,0,0,0,,100,,,
7025,210101753,Hssshu,IV,3924,6781459,200020,0,0,0,0,0,0,0,,100,,,
7026,216248272,HOTBEAST III,IV,3924,7336578,458263,0,0,0,0,0,0,0,,100,,,
7028,211417305,Pertigo farm 1,IV,3924,9822730,0,0,0,0,0,0,0,0,,100,,,
7037,215476278,Fisaro 2,IV,3924,3520487,26042,0,0,0,0,0,0,0,,100,,,
7046,208748734,Sír乄Mochiヅ,IV,3924,6398735,0,0,0,0,0,0,0,0,,100,,,
7069,209775165,MC Micky 1,IV,3924,13118783,584776,0,0,0,0,0,401,0,,100,,,
7071,210210556,Бамбула1,IV,3924,11660005,148788,0,0,0,0,0,413,0,,100,,,
7092,209328134,Re di Hokuto,IV,3924,13324534,629030,0,0,0,0,0,158,0,,100,,,
7097,208285424,Auu Farm1,IV,3924,3159608,-676,0,0,0,0,0,0,0,,100,,,
7103,210428181,Chip15,IV,3924,7989689,0,0,0,0,0,0,0,0,,100,,,
7104,209837719,24 X҉   メScarメ,IV,3924,26620542,0,0,0,0,0,0,0,0,,100,,,
7105,213810190,HannaPanter,IV,3924,4007185,7500,0,0,0,0,0,0,0,,100,,,
7160,210377181,Gubernur210377181,IV,3924,7255248,440753,0,0,0,0,0,0,0,,100,,,
7163,209904844,Amenre,IV,3924,14484149,0,0,0,0,0,0,0,0,,100,,,
7165,210313435,Aldo247,IV,3924,23886342,3477780,0,0,0,0,0,132786,0,,100,,,
7167,209984545,VᴺPeeTrinh,IV,3924,3450796,0,0,0,0,0,0,0,0,,100,,,
7169,209848247,Madurai Malli,IV,3924,6889405,0,0,0,0,0,0,0,0,,100,,,
7186,210393177,tao nè vn,IV,3924,26514008,2449506,0,0,0,0,0,100043,0,,100,,,
7195,210330146,ジャᴀᴅɪʟᴀ,IV,3924,7669879,0,0,0,0,0,0,0,0,,100,,,
7204,211757547,ÖMillaÖ,IV,3924,3807337,63086,0,0,0,0,0,0,0,,100,,,
7239,210387027,Zexion12,IV,3924,14649743,1608991,0,0,0,0,0,21570,0,,100,,,
7248,221110074,Thống đốc221110074,IV,3924,3627967,311876,0,0,0,0,0,0,0,,100,,,
7251,210433071,Batru4a235,IV,3924,4988765,0,0,0,0,0,0,0,0,,100,,,
7252,207889100,ᴿᵂOne Eye,IV,3924,24626039,0,0,0,0,0,0,0,0,,100,,,
7256,221093605,Governor221093605,IV,3924,4327415,673010,0,0,0,0,0,0,0,,100,,,
7265,209834958,24 X҉ PA,IV,3924,14253979,0,0,0,0,0,0,0,0,,100,,,
7287,209828938,Mười rsTN,IV,3924,4118526,0,0,0,0,0,0,0,0,,100,,,
7368,210397029,Scar4face,IV,3924,3554842,138258,0,0,0,0,0,430,0,,100,,,
7375,207688109,RWxLoneStar,IV,3924,21806060,2529751,0,0,0,0,0,107319,0,,100,,,
7391,208238494,ᴿᵂI Wolf U2,IV,3924,17331744,647526,0,0,0,0,0,0,0,,100,,,
7392,209881387,۷ɛƈŋą,IV,3924,25305367,0,0,0,0,0,0,0,0,,,,,
7397,208595648,LTai,IV,3924,7802171,516428,0,0,0,0,0,0,0,,100,,,
7400,210024132,Тимонка,IV,3924,9762872,29652,0,0,0,0,0,20,0,,100,,,
7403,211177068,Sugeng farm 2,IV,3924,9640600,334000,0,0,0,0,0,189495,0,,100,,,
7404,209911347,ᵛⁿNhà Sư,IV,3924,3921443,0,0,0,0,0,0,0,0,,100,,,
7417,217297081,ciftlik,IV,3924,4536882,121186,0,0,0,0,0,1131,0,,100,,,
7434,207748792,ᴷᴰ NirF,IV,3924,29153983,1290649,0,0,0,0,0,42918,0,,100,,,
7477,209830012,MườiJaunica2,IV,3924,4575256,188125,0,0,0,0,0,0,0,,100,,,
7480,209895358,ᴿᵂHoney,IV,3924,10347288,204827,0,0,0,0,0,0,0,,100,,,
7481,209762988,ᴰᵀŞahmar,IV,3924,20146389,671368,0,0,0,0,0,1757,0,,100,,,
7493,209829190,24 X҉  Hoàng,IV,3924,15854955,0,0,0,0,0,0,0,0,,100,,,
7496,210865825,Ysoul,IV,3924,12670219,0,0,0,0,0,0,0,0,,100,,,
7517,209843352,24 X tafger,IV,3924,25833690,0,0,0,0,0,0,0,0,,,,,
7530,209614981,Сиэль 2,IV,3924,3098539,0,0,0,0,0,0,0,0,,100,,,
7532,206971212,24 X҉  ʙuᴅa,IV,3924,34743763,513237,0,0,0,0,0,2334,0,,100,,,
7538,210428102,Hmoob Vaj,IV,3924,5772137,66649,0,0,0,0,0,63,0,,100,,,
7544,208898491,AlexCupcake,IV,3924,15998322,1207676,0,0,0,0,0,12709,0,,100,,,
7558,211471572,Petalンwhisper,IV,3924,16667181,344125,0,0,0,0,0,67307,0,,100,,,
7580,209265582,Lee Lovely F,IV,3924,27265216,103852,0,0,0,0,0,23463,0,,100,,,
7605,210380360,abcxyz321,IV,3924,10790257,198911,0,0,0,0,0,58266,0,,100,,,
7606,211606686,PaTRoNf1,IV,3924,6438927,0,0,0,0,0,0,0,0,,100,,,
7617,210448481,ᴷᴸ SETER,IV,3924,7445859,0,0,0,0,0,0,0,0,,100,,,
7622,207831631,⻓モサ中入丩2,IV,3924,3095494,0,0,0,0,0,0,0,0,,100,,,
7627,210399406,beastinc9ming,IV,3924,12732704,781401,0,0,0,0,0,1185,0,,100,,,
7639,218764205,microVito,IV,3924,5173002,850073,0,0,0,0,0,0,0,,100,,,
7649,221096978,Governor221096978,IV,3924,4273274,671115,0,0,0,0,0,0,0,,100,,,
7662,210398054,aerolaito,IV,3924,14658197,1538406,0,0,0,0,0,8452,0,,100,,,
7672,207856011,ツ Timmy,IV,3924,14244596,33187,0,0,0,0,0,0,0,,100,,,
7680,209222447,Docs farm,IV,3924,9550555,0,0,0,0,0,0,0,0,,100,,,
7681,206967111,24 X҉ThuyAn1,IV,3924,17741028,72635,0,0,0,0,0,0,0,,100,,,
7688,210403381,ˢᴸRagnarr,IV,3924,4329284,0,0,0,0,0,0,0,0,,100,,,
7743,209830352,MườiTrinity1,IV,3924,4643024,3300,0,0,0,0,0,0,0,,100,,,
7745,211456927,GIOX26,IV,3924,12171050,1132306,0,0,0,0,0,0,0,,100,,,
7757,205283625,24 X҉  OBITO,IV,3924,20084910,0,0,0,0,0,0,0,0,,,,,
7781,210447767,VanHungAccFarm1,IV,3924,3587759,0,0,0,0,0,0,0,0,,100,,,
7787,206967436,KATSOUTA,IV,3924,29072635,0,0,0,0,0,0,0,0,,100,,,
7795,210375675,ˢᴸ Ruby Jane,IV,3924,3112325,0,0,0,0,0,0,0,0,,100,,,
7810,209989505,Thống đốc209989505,IV,3924,6813853,0,0,0,0,0,0,0,0,,100,,,
7813,210406605,24 X҉  Wind,IV,3924,16197648,2037480,0,0,0,0,0,6397,0,,100,,,
7822,210416994,olli41,IV,3924,5796914,424458,0,0,0,0,0,7640,0,,100,,,
7825,212804510,Zaid32mf,IV,3924,16762987,0,0,0,0,0,0,0,0,,100,,,
7845,209601440,ᵍˢSeth,IV,3924,28951352,0,0,0,0,0,0,0,0,,,,,
7847,213816521,Damion,IV,3924,3969514,379154,0,0,0,0,0,538,0,,100,,,
7881,211331544,24X҉ GiangBlue,IV,3924,7563573,67686,0,0,0,0,0,0,0,,100,,,
7882,211606971,PaTRoN46f2,IV,3924,6953437,0,0,0,0,0,0,0,0,,100,,,
7883,211060250,DMArussia,IV,3924,7964978,292145,0,0,0,0,0,0,0,,100,,,
7891,209830679,MườiTrinity2,IV,3924,4520437,3600,0,0,0,0,0,0,0,,100,,,
7900,208313590,Jack メ Mengocok,IV,3924,29043416,3400,0,0,0,0,0,0,0,,100,,,
7909,209912174,ˢᴸ HầuTử,IV,3924,9429232,0,0,0,0,0,0,0,0,,100,,,
7911,208649830,ᶲMrFoolsDay,IV,3924,25855788,0,0,0,0,0,0,0,0,,100,,,
7920,209921685,ʳʷjoja,IV,3924,3655937,0,0,0,0,0,0,0,0,,100,,,
7921,209988916,MarianGreat,IV,3924,9711355,702083,0,0,0,0,0,1395,0,,100,,,
7925,210377502,eastinvades,IV,3924,13997207,1580294,0,0,0,0,0,366,0,,100,,,
7933,214831589,Aegon V Farm,IV,3924,12732427,513871,0,0,0,0,0,0,0,,100,,,
7955,211509473,turbo02,IV,3924,9579087,610220,0,0,0,0,0,4655,0,,100,,,
7973,214496980,EJBau II,IV,3924,4690451,20000,0,0,0,0,0,0,0,,100,,,
8025,210261287,PQ LoxVy,IV,3924,2995703,0,0,0,0,0,0,0,0,,100,,,
8041,210410773,ABØ Ř3FÂÎŸ,IV,3924,11801865,824416,0,0,0,0,0,1993,0,,100,,,
8048,209963641,monkey d tom,IV,3924,12900324,314987,0,0,0,0,0,591,0,,100,,,
8050,210375004,Ichtuderweh,IV,3924,15781654,288190,0,0,0,0,0,0,0,,100,,,
8051,210126979,vtnsc3276,IV,3924,8100021,83803,0,0,0,0,0,0,0,,100,,,
8059,210391689,Viet Nam Top 1,IV,3924,3658401,0,0,0,0,0,0,0,0,,100,,,
8067,210773811,24 X҉  Blue,IV,3924,8321060,78487,0,0,0,0,0,0,0,,100,,,
8068,211557716,ᴰᴾCyanide,IV,3924,22876350,2461898,0,0,0,0,0,0,0,,100,,,
8098,210379374,Icarus124,IV,3924,8978204,746932,0,0,0,0,0,6205,0,,100,,,
8105,209619554,ᴹᴰDoC OcK,IV,3924,49406778,96300,0,0,0,0,0,0,0,,100,,,
8107,210171190,JUSTICE OF AXE,IV,3924,6011783,0,0,0,0,0,0,0,0,,100,,,
8112,209928896,ᴸᴴ sachie,IV,3924,15833550,0,0,0,0,0,0,0,0,,100,,,
8145,210582109,milfaaa,IV,3924,8138967,0,0,0,0,0,0,0,0,,100,,,
8147,210426322,Thức zin,IV,3924,12551086,1453915,0,0,0,0,0,298,0,,100,,,
8156,208273049,damianf2,IV,3924,3512783,0,0,0,0,0,0,0,0,,100,,,
8177,209824438,RØW和平Wyatt,IV,3924,3367259,187777,0,0,0,0,0,0,0,,100,,,